URL,Version,Status,OIDs,Name,Title,Description,Used
http://hl7.org/fhir/us/pco/CodeSystem/pco-concepts,0.2.0,active,,PCOConcepts,Person-Centered Outcome Concepts,"Code system to identify resource codes and category codes for Person-Centered Outcomes.",
http://hl7.org/fhir/us/pco/CodeSystem/pco-goal-domains,0.2.0,active,,PCOGoalDomains,PCO Goal Domains,"Goal domain codes used to identify the category for PCO resources.",
http://hl7.org/fhir/us/pco/CodeSystem/readiness-assessment-concepts,0.2.0,active,,ReadinessConcepts,Readiness Assessment Concepts,"Code system to types of readiness for change.",
http://hl7.org/fhir/us/pco/CodeSystem/va-whole-health,0.2.0,active,,VAWholeHealth,VA Whole Health Concepts,"Code system to identify concepts from the VA Whole Health approach and Circle of Health.",
http://hl7.org/fhir/us/pco/CodeSystem/what-matters-concepts,0.2.0,active,,WhatMattersConcepts,What Matters Concepts,"Code system to identify observation codes for What Matters.",
