URL,Version,Status,OIDs,Name,Title,Descriptino,Uses,Used,Sources
http://hl7.org/fhir/us/pco/ValueSet/gas-score-answers,0.2.0,draft,,GASScoreAnswers,Follow-Up GAS Score Answers,"The progress rating on goal attainment scaling.","StructureDefinition/pco-goal-attainment-scaling,StructureDefinition/pco-gas-score-observation","LOINC"
http://hl7.org/fhir/us/pco/ValueSet/goal-attainment-scaling-score,0.2.0,draft,,GoalAttainmentScalingScore,Goal Attainment Scaling (GAS) Score,"The score indicates how a patient, caregiver, or practitioner rated progress on goal attainment scaling.","StructureDefinition/pco-gas-score-observation","LOINC"
http://hl7.org/fhir/us/pco/ValueSet/goal-barrier-codes,0.2.0,draft,,GoalBarrierCodes,Goal Barrier Assessment Codes,"Terminology codes for goal barrier assessment","StructureDefinition/pco-goal-barrier","SCT"
http://hl7.org/fhir/us/pco/ValueSet/pco-care-tradeoff-choices-vs,0.2.0,draft,,CareTradeOffChoices,Care Trade-off Choices,"Options for a care trade-off.","StructureDefinition/pco-care-tradeoff","Internal"
http://hl7.org/fhir/us/pco/ValueSet/pco-care-tradeoff-types-example-vs,0.2.0,draft,,CareTradeOffTypesExample,Care Trade-off Types Example,"Example value set containing types of care trade-off.","StructureDefinition/pco-care-tradeoff","SCT"
http://hl7.org/fhir/us/pco/ValueSet/pco-goal-barrier-types-example-vs,0.2.0,draft,,GoalBarrierTypesExample,Goal Barrier Types Example,"Example value set containing types of goal barriers.","StructureDefinition/pco-goal-barrier","SCT"
http://hl7.org/fhir/us/pco/ValueSet/pco-goal-domains-example-vs,0.2.0,draft,,PCOGoalDomainsExample,PCO Goal Domain Categories Example,"Example value set to identify the goal domains category for PCO resources.","StructureDefinition/pco-goal-profile","Internal"
http://hl7.org/fhir/us/pco/ValueSet/prom-target-measures,0.2.0,draft,,PROMTargetMeasures,PROM Target Measure Scores,"Target measure score codes used to track progress on patient-reported outcome measures (PROMs).","StructureDefinition/pco-prom-goal-profile,StructureDefinition/pco-prom-score-observation","LOINC"
http://hl7.org/fhir/us/pco/ValueSet/readiness-assessment-codes,0.2.0,draft,,ReadinessAssessmentType,Readiness Assessment Codes,"Terminology codes for readiness assessment types.","StructureDefinition/pco-readiness-assessment","Internal"
http://hl7.org/fhir/us/pco/ValueSet/wellbeing-categories,0.2.0,draft,,WellBeingCategories,Well-Being Categories,"Categories for well-being assessment or goals.","StructureDefinition/pco-well-being-assessment,StructureDefinition/pco-well-being-priority,StructureDefinition/pco-care-plan,StructureDefinition/pco-goal-profile","Internal"
http://hl7.org/fhir/us/pco/ValueSet/wellbeing-domains-example,0.2.0,draft,,WellBeingDomainValueSet,Well-Being Domains Example,"Example value set containing well-being domains from the VA Circle of Health.","StructureDefinition/pco-well-being-assessment,StructureDefinition/pco-well-being-priority","Internal"
