URL,Version,Status,OIDs,Name,Title,Descriptino,Uses,Used,Sources
http://mtnlotus.com/uv/pco/ValueSet/caregiver-gas-followup,0.1.0,draft,,CaregiverGASFollowup,Caregiver Follow-Up GAS Score,"The caregiver follow-up score indicates how the caregiver rated either the patient's progress or their own progress on goal attainment scaling.",,"Internal"
http://mtnlotus.com/uv/pco/ValueSet/patient-gas-followup,0.1.0,draft,,PatientGASFollowup,Patient Follow-Up GAS Score,"The patient follow-up score indicates how the patient rated their own progress on goal attainment scaling.",,"Internal"
http://mtnlotus.com/uv/pco/ValueSet/pco-category-valueset,0.1.0,draft,,PCOCategoryValueSet,PCO Categories,"Example value set to identify the category for PCO resources.",,"Internal"
http://mtnlotus.com/uv/pco/ValueSet/practitioner-gas-followup,0.1.0,draft,,PractitionerGASFollowup,Practitioner Follow-Up GAS Score,"The practitioner follow-up score indicates how the practitioner rated the patient's progress on goal attainment scaling.",,"Internal"
http://mtnlotus.com/uv/pco/ValueSet/prom-target-measures,0.1.0,draft,,PROMTargetMeasures,PROM Target Measures,"Target measure codes used to track progress on patient-reported outcome measures (PROMs).",,"LOINC"
http://mtnlotus.com/uv/pco/ValueSet/what-matters-focus-areas,0.1.0,draft,,WhatMattersFocusAreas,What Matters Focus Areas,"Example value set to identify focus areas from the VA Circle of Health. Whole Health is VA’s approach to care that supports your health and well-being. Whole Health centers around What Matters to you, not what is the matter with you. This means your health team will get to know you as a person, before working with you to develop a personalized health plan based on your values, needs, and goals.",,"Internal"
