URL,Version,Status,OIDs,Name,Title,Descriptino,Uses,Used,Sources
http://hl7.org/fhir/us/pco/ValueSet/gas-score-answers,0.2.0,draft,,GASScoreAnswers,Follow-Up GAS Score Answers,"The progress rating on goal attainment scaling.",,"LOINC"
http://hl7.org/fhir/us/pco/ValueSet/goal-attainment-scaling-score,0.2.0,draft,,GoalAttainmentScalingScore,Goal Attainment Scaling (GAS) Score,"The score indicates how a patient, caregiver, or practitioner rated progress on goal attainment scaling.",,"LOINC"
http://hl7.org/fhir/us/pco/ValueSet/pco-category-vs,0.2.0,draft,,PCOCategoryValueSet,Person-Centered Goal Category Value Set,"Used to categorize resources as being a Person-Centered Goal",,"Internal"
http://hl7.org/fhir/us/pco/ValueSet/pco-domain-category-valueset,0.2.0,draft,,PCODomainCategoryValueSet,PCO Domain Categories,"Example value set to identify the domains category for PCO resources.",,"Internal"
http://hl7.org/fhir/us/pco/ValueSet/pco-survey-category-vs,0.2.0,draft,,PCOSurveyCategoryVS,Person-Centered Outcomes Survey Value Set,"Used to indicate that PCO observations of of type Survey, as defined by US-Core.",,"THO"
http://hl7.org/fhir/us/pco/ValueSet/prom-target-measures,0.2.0,draft,,PROMTargetMeasures,PROM Target Measures,"Target measure codes used to track progress on patient-reported outcome measures (PROMs).",,"LOINC"
http://hl7.org/fhir/us/pco/ValueSet/what-matters-focus-areas,0.2.0,draft,,WhatMattersFocusAreas,What Matters Focus Areas,"Example value set to identify focus areas from the VA Circle of Health. Whole Health is VA's approach to care that supports your health and well-being. Whole Health centers around What Matters to you, not what is the matter with you. This means your health team will get to know you as a person, before working with you to develop a personalized health plan based on your values, needs, and goals.",,"Internal"
