{
  "resourceType" : "Bundle",
  "id" : "90c80df1-23af-4ef0-a31c-faffc29e0e2e",
  "meta" : {
    "lastUpdated" : "2024-08-06T18:33:54.520+00:00"
  },
  "type" : "collection",
  "entry" : [{
    "fullUrl" : "http://mtnlotus.com/uv/pco/ValueSet/caregiver-gas-followup-vs",
    "resource" : {
      "resourceType" : "ValueSet",
      "text" : {
        "status" : "generated",
        "div" : "<div xmlns=\"http://www.w3.org/1999/xhtml\"><p class=\"res-header-id\"><b>Generated Narrative: ValueSet </b></p><p style=\"border: black 1px dotted; background-color: #EEEEEE; padding: 8px; margin-bottom: 8px\">Expansion based on Loinc v2.77</p><p>This value set contains 0 concepts</p><table class=\"codes\"><tr><td style=\"white-space:nowrap\"><b>Code</b></td><td><b>System</b></td><td><b>Display</b></td></tr></table></div>"
      },
      "url" : "http://mtnlotus.com/uv/pco/ValueSet/caregiver-gas-followup-vs",
      "version" : "0.1.0",
      "name" : "CaregiverGASFollowupVS",
      "title" : "Caregiver Follow-Up GAS Score",
      "status" : "draft",
      "experimental" : false,
      "date" : "2024-08-06T18:33:54+00:00",
      "jurisdiction" : [{
        "coding" : [{
          "system" : "http://unstats.un.org/unsd/methods/m49/m49.htm",
          "code" : "001",
          "display" : "World"
        }]
      }],
      "expansion" : {
        "identifier" : "urn:uuid:2faa2406-a660-4e44-aaed-def65805bb03",
        "timestamp" : "2024-08-06T18:34:44+00:00",
        "total" : 0,
        "offset" : 0,
        "parameter" : [{
          "name" : "count",
          "valueInteger" : 1000
        },
        {
          "name" : "offset",
          "valueInteger" : 0
        },
        {
          "name" : "excludeNested",
          "valueBoolean" : false
        },
        {
          "name" : "used-valueset",
          "valueUri" : "null"
        },
        {
          "name" : "used-codesystem",
          "valueUri" : "http://loinc.org|2.77"
        },
        {
          "name" : "version",
          "valueUri" : "http://loinc.org|2.77"
        }]
      }
    }
  },
  {
    "fullUrl" : "http://mtnlotus.com/uv/pco/ValueSet/patient-gas-followup-vs",
    "resource" : {
      "resourceType" : "ValueSet",
      "text" : {
        "status" : "generated",
        "div" : "<div xmlns=\"http://www.w3.org/1999/xhtml\"><p class=\"res-header-id\"><b>Generated Narrative: ValueSet </b></p><p style=\"border: black 1px dotted; background-color: #EEEEEE; padding: 8px; margin-bottom: 8px\">Expansion based on Loinc v2.77</p><p>This value set contains 0 concepts</p><table class=\"codes\"><tr><td style=\"white-space:nowrap\"><b>Code</b></td><td><b>System</b></td><td><b>Display</b></td></tr></table></div>"
      },
      "url" : "http://mtnlotus.com/uv/pco/ValueSet/patient-gas-followup-vs",
      "version" : "0.1.0",
      "name" : "PatientGASFollowupVS",
      "title" : "Patient Follow-Up GAS Score",
      "status" : "draft",
      "experimental" : false,
      "date" : "2024-08-06T18:33:54+00:00",
      "jurisdiction" : [{
        "coding" : [{
          "system" : "http://unstats.un.org/unsd/methods/m49/m49.htm",
          "code" : "001",
          "display" : "World"
        }]
      }],
      "expansion" : {
        "identifier" : "urn:uuid:531f0a74-d377-4b3a-a7eb-6fe846f88b4b",
        "timestamp" : "2024-08-06T18:34:44+00:00",
        "total" : 0,
        "offset" : 0,
        "parameter" : [{
          "name" : "count",
          "valueInteger" : 1000
        },
        {
          "name" : "offset",
          "valueInteger" : 0
        },
        {
          "name" : "excludeNested",
          "valueBoolean" : false
        },
        {
          "name" : "used-valueset",
          "valueUri" : "null"
        },
        {
          "name" : "used-codesystem",
          "valueUri" : "http://loinc.org|2.77"
        },
        {
          "name" : "version",
          "valueUri" : "http://loinc.org|2.77"
        }]
      }
    }
  },
  {
    "fullUrl" : "http://mtnlotus.com/uv/pco/ValueSet/practitioner-gas-followup-vs",
    "resource" : {
      "resourceType" : "ValueSet",
      "text" : {
        "status" : "generated",
        "div" : "<div xmlns=\"http://www.w3.org/1999/xhtml\"><p class=\"res-header-id\"><b>Generated Narrative: ValueSet </b></p><p style=\"border: black 1px dotted; background-color: #EEEEEE; padding: 8px; margin-bottom: 8px\">Expansion based on Loinc v2.77</p><p>This value set contains 0 concepts</p><table class=\"codes\"><tr><td style=\"white-space:nowrap\"><b>Code</b></td><td><b>System</b></td><td><b>Display</b></td></tr></table></div>"
      },
      "url" : "http://mtnlotus.com/uv/pco/ValueSet/practitioner-gas-followup-vs",
      "version" : "0.1.0",
      "name" : "PractitionerGASFollowupVS",
      "title" : "Practitioner Follow-Up GAS Score",
      "status" : "draft",
      "experimental" : false,
      "date" : "2024-08-06T18:33:54+00:00",
      "jurisdiction" : [{
        "coding" : [{
          "system" : "http://unstats.un.org/unsd/methods/m49/m49.htm",
          "code" : "001",
          "display" : "World"
        }]
      }],
      "expansion" : {
        "identifier" : "urn:uuid:9c6b3c0a-51cc-4192-b33a-95bc6171c6f2",
        "timestamp" : "2024-08-06T18:34:45+00:00",
        "total" : 0,
        "offset" : 0,
        "parameter" : [{
          "name" : "count",
          "valueInteger" : 1000
        },
        {
          "name" : "offset",
          "valueInteger" : 0
        },
        {
          "name" : "excludeNested",
          "valueBoolean" : false
        },
        {
          "name" : "used-valueset",
          "valueUri" : "null"
        },
        {
          "name" : "used-codesystem",
          "valueUri" : "http://loinc.org|2.77"
        },
        {
          "name" : "version",
          "valueUri" : "http://loinc.org|2.77"
        }]
      }
    }
  }]
}