{
  "resourceType" : "Bundle",
  "id" : "34d740af-975c-407f-ae67-850c94bdc6b5",
  "meta" : {
    "lastUpdated" : "2024-08-08T17:33:11.652+00:00"
  },
  "type" : "collection",
  "entry" : [{
    "fullUrl" : "http://mtnlotus.com/uv/pco/ValueSet/caregiver-gas-followup-vs",
    "resource" : {
      "resourceType" : "ValueSet",
      "text" : {
        "status" : "generated",
        "div" : "<div xmlns=\"http://www.w3.org/1999/xhtml\"><p class=\"res-header-id\"><b>Generated Narrative: ValueSet </b></p><p style=\"border: black 1px dotted; background-color: #EEEEEE; padding: 8px; margin-bottom: 8px\">Expansion based on Loinc v2.77</p><p>This value set contains 0 concepts</p><table class=\"codes\"><tr><td style=\"white-space:nowrap\"><b>Code</b></td><td><b>System</b></td><td><b>Display</b></td></tr></table></div>"
      },
      "url" : "http://mtnlotus.com/uv/pco/ValueSet/caregiver-gas-followup-vs",
      "version" : "0.1.0",
      "name" : "CaregiverGASFollowupVS",
      "title" : "Caregiver Follow-Up GAS Score",
      "status" : "draft",
      "experimental" : false,
      "date" : "2024-08-08T17:33:11+00:00",
      "jurisdiction" : [{
        "coding" : [{
          "system" : "http://unstats.un.org/unsd/methods/m49/m49.htm",
          "code" : "001",
          "display" : "World"
        }]
      }],
      "expansion" : {
        "identifier" : "urn:uuid:dcb8f958-65b8-4623-8471-4942584cfb32",
        "timestamp" : "2024-08-08T17:34:00+00:00",
        "total" : 0,
        "offset" : 0,
        "parameter" : [{
          "name" : "count",
          "valueInteger" : 1000
        },
        {
          "name" : "offset",
          "valueInteger" : 0
        },
        {
          "name" : "excludeNested",
          "valueBoolean" : false
        },
        {
          "name" : "used-valueset",
          "valueUri" : "null"
        },
        {
          "name" : "used-codesystem",
          "valueUri" : "http://loinc.org|2.77"
        },
        {
          "name" : "version",
          "valueUri" : "http://loinc.org|2.77"
        }]
      }
    }
  },
  {
    "fullUrl" : "http://mtnlotus.com/uv/pco/ValueSet/patient-gas-followup-vs",
    "resource" : {
      "resourceType" : "ValueSet",
      "text" : {
        "status" : "generated",
        "div" : "<div xmlns=\"http://www.w3.org/1999/xhtml\"><p class=\"res-header-id\"><b>Generated Narrative: ValueSet </b></p><p style=\"border: black 1px dotted; background-color: #EEEEEE; padding: 8px; margin-bottom: 8px\">Expansion based on Loinc v2.77</p><p>This value set contains 0 concepts</p><table class=\"codes\"><tr><td style=\"white-space:nowrap\"><b>Code</b></td><td><b>System</b></td><td><b>Display</b></td></tr></table></div>"
      },
      "url" : "http://mtnlotus.com/uv/pco/ValueSet/patient-gas-followup-vs",
      "version" : "0.1.0",
      "name" : "PatientGASFollowupVS",
      "title" : "Patient Follow-Up GAS Score",
      "status" : "draft",
      "experimental" : false,
      "date" : "2024-08-08T17:33:11+00:00",
      "jurisdiction" : [{
        "coding" : [{
          "system" : "http://unstats.un.org/unsd/methods/m49/m49.htm",
          "code" : "001",
          "display" : "World"
        }]
      }],
      "expansion" : {
        "identifier" : "urn:uuid:b3514510-9805-4c47-8ea8-e4ba2ec0fc41",
        "timestamp" : "2024-08-08T17:34:01+00:00",
        "total" : 0,
        "offset" : 0,
        "parameter" : [{
          "name" : "count",
          "valueInteger" : 1000
        },
        {
          "name" : "offset",
          "valueInteger" : 0
        },
        {
          "name" : "excludeNested",
          "valueBoolean" : false
        },
        {
          "name" : "used-valueset",
          "valueUri" : "null"
        },
        {
          "name" : "used-codesystem",
          "valueUri" : "http://loinc.org|2.77"
        },
        {
          "name" : "version",
          "valueUri" : "http://loinc.org|2.77"
        }]
      }
    }
  },
  {
    "fullUrl" : "http://mtnlotus.com/uv/pco/ValueSet/pco-goal-domains-example",
    "resource" : {
      "resourceType" : "ValueSet",
      "text" : {
        "status" : "generated",
        "div" : "<div xmlns=\"http://www.w3.org/1999/xhtml\"><p class=\"res-header-id\"><b>Generated Narrative: ValueSet </b></p><p style=\"border: black 1px dotted; background-color: #EEEEEE; padding: 8px; margin-bottom: 8px\">Expansion based on <a href=\"CodeSystem-pco-goal-domain-codes-example.html\">codesystem Goal Domain Code Examples v0.1.0 (CodeSystem)</a></p><p>This value set contains 12 concepts</p><table class=\"codes\"><tr><td style=\"white-space:nowrap\"><b>Code</b></td><td><b>System</b></td><td><b>Display</b></td></tr><tr><td style=\"white-space:nowrap\"><a name=\"x-http://mtnlotus.com/uv/pco/CodeSystem/pco-goal-domain-codes-example-housing\"> </a>\u00a0\u00a0<a href=\"CodeSystem-pco-goal-domain-codes-example.html#pco-goal-domain-codes-example-housing\">housing</a></td><td>http://mtnlotus.com/uv/pco/CodeSystem/pco-goal-domain-codes-example</td><td>Housing</td></tr><tr><td style=\"white-space:nowrap\"><a name=\"x-http://mtnlotus.com/uv/pco/CodeSystem/pco-goal-domain-codes-example-access-to-services\"> </a>\u00a0\u00a0<a href=\"CodeSystem-pco-goal-domain-codes-example.html#pco-goal-domain-codes-example-access-to-services\">access-to-services</a></td><td>http://mtnlotus.com/uv/pco/CodeSystem/pco-goal-domain-codes-example</td><td>Access To Services</td></tr><tr><td style=\"white-space:nowrap\"><a name=\"x-http://mtnlotus.com/uv/pco/CodeSystem/pco-goal-domain-codes-example-caregiver-needs\"> </a>\u00a0\u00a0<a href=\"CodeSystem-pco-goal-domain-codes-example.html#pco-goal-domain-codes-example-caregiver-needs\">caregiver-needs</a></td><td>http://mtnlotus.com/uv/pco/CodeSystem/pco-goal-domain-codes-example</td><td>Caregiver Needs</td></tr><tr><td style=\"white-space:nowrap\"><a name=\"x-http://mtnlotus.com/uv/pco/CodeSystem/pco-goal-domain-codes-example-end-of-life\"> </a>\u00a0\u00a0<a href=\"CodeSystem-pco-goal-domain-codes-example.html#pco-goal-domain-codes-example-end-of-life\">end-of-life</a></td><td>http://mtnlotus.com/uv/pco/CodeSystem/pco-goal-domain-codes-example</td><td>End Of Life</td></tr><tr><td style=\"white-space:nowrap\"><a name=\"x-http://mtnlotus.com/uv/pco/CodeSystem/pco-goal-domain-codes-example-independence\"> </a>\u00a0\u00a0<a href=\"CodeSystem-pco-goal-domain-codes-example.html#pco-goal-domain-codes-example-independence\">independence</a></td><td>http://mtnlotus.com/uv/pco/CodeSystem/pco-goal-domain-codes-example</td><td>Independence</td></tr><tr><td style=\"white-space:nowrap\"><a name=\"x-http://mtnlotus.com/uv/pco/CodeSystem/pco-goal-domain-codes-example-legal\"> </a>\u00a0\u00a0<a href=\"CodeSystem-pco-goal-domain-codes-example.html#pco-goal-domain-codes-example-legal\">legal</a></td><td>http://mtnlotus.com/uv/pco/CodeSystem/pco-goal-domain-codes-example</td><td>Legal</td></tr><tr><td style=\"white-space:nowrap\"><a name=\"x-http://mtnlotus.com/uv/pco/CodeSystem/pco-goal-domain-codes-example-managing-conditions\"> </a>\u00a0\u00a0<a href=\"CodeSystem-pco-goal-domain-codes-example.html#pco-goal-domain-codes-example-managing-conditions\">managing-conditions</a></td><td>http://mtnlotus.com/uv/pco/CodeSystem/pco-goal-domain-codes-example</td><td>Managing Conditions</td></tr><tr><td style=\"white-space:nowrap\"><a name=\"x-http://mtnlotus.com/uv/pco/CodeSystem/pco-goal-domain-codes-example-medication-management\"> </a>\u00a0\u00a0<a href=\"CodeSystem-pco-goal-domain-codes-example.html#pco-goal-domain-codes-example-medication-management\">medication-management</a></td><td>http://mtnlotus.com/uv/pco/CodeSystem/pco-goal-domain-codes-example</td><td>Medication Management</td></tr><tr><td style=\"white-space:nowrap\"><a name=\"x-http://mtnlotus.com/uv/pco/CodeSystem/pco-goal-domain-codes-example-improving-health-and-wellness\"> </a>\u00a0\u00a0<a href=\"CodeSystem-pco-goal-domain-codes-example.html#pco-goal-domain-codes-example-improving-health-and-wellness\">improving-health-and-wellness</a></td><td>http://mtnlotus.com/uv/pco/CodeSystem/pco-goal-domain-codes-example</td><td>Improving Health And Wellness</td></tr><tr><td style=\"white-space:nowrap\"><a name=\"x-http://mtnlotus.com/uv/pco/CodeSystem/pco-goal-domain-codes-example-physical-function\"> </a>\u00a0\u00a0<a href=\"CodeSystem-pco-goal-domain-codes-example.html#pco-goal-domain-codes-example-physical-function\">physical-function</a></td><td>http://mtnlotus.com/uv/pco/CodeSystem/pco-goal-domain-codes-example</td><td>Physical Function</td></tr><tr><td style=\"white-space:nowrap\"><a name=\"x-http://mtnlotus.com/uv/pco/CodeSystem/pco-goal-domain-codes-example-social-functioning\"> </a>\u00a0\u00a0<a href=\"CodeSystem-pco-goal-domain-codes-example.html#pco-goal-domain-codes-example-social-functioning\">social-functioning</a></td><td>http://mtnlotus.com/uv/pco/CodeSystem/pco-goal-domain-codes-example</td><td>Social Functioning</td></tr><tr><td style=\"white-space:nowrap\"><a name=\"x-http://mtnlotus.com/uv/pco/CodeSystem/pco-goal-domain-codes-example-emotional-and-mental-health\"> </a>\u00a0\u00a0<a href=\"CodeSystem-pco-goal-domain-codes-example.html#pco-goal-domain-codes-example-emotional-and-mental-health\">emotional-and-mental-health</a></td><td>http://mtnlotus.com/uv/pco/CodeSystem/pco-goal-domain-codes-example</td><td>Emotional And Mental Health</td></tr></table></div>"
      },
      "url" : "http://mtnlotus.com/uv/pco/ValueSet/pco-goal-domains-example",
      "version" : "0.1.0",
      "name" : "PCOGoalDomainsExample",
      "title" : "Goal Domains",
      "status" : "draft",
      "date" : "2024-08-08T17:33:11+00:00",
      "jurisdiction" : [{
        "coding" : [{
          "system" : "http://unstats.un.org/unsd/methods/m49/m49.htm",
          "code" : "001",
          "display" : "World"
        }]
      }],
      "expansion" : {
        "identifier" : "urn:uuid:54ec0796-5bd9-4d18-a4c2-dea60fdee062",
        "timestamp" : "2024-08-08T17:34:01+00:00",
        "total" : 12,
        "offset" : 0,
        "parameter" : [{
          "name" : "count",
          "valueInteger" : 1000
        },
        {
          "name" : "offset",
          "valueInteger" : 0
        },
        {
          "name" : "excludeNested",
          "valueBoolean" : false
        },
        {
          "name" : "used-codesystem",
          "valueUri" : "http://mtnlotus.com/uv/pco/CodeSystem/pco-goal-domain-codes-example|0.1.0"
        }],
        "contains" : [{
          "system" : "http://mtnlotus.com/uv/pco/CodeSystem/pco-goal-domain-codes-example",
          "code" : "housing",
          "display" : "Housing"
        },
        {
          "system" : "http://mtnlotus.com/uv/pco/CodeSystem/pco-goal-domain-codes-example",
          "code" : "access-to-services",
          "display" : "Access To Services"
        },
        {
          "system" : "http://mtnlotus.com/uv/pco/CodeSystem/pco-goal-domain-codes-example",
          "code" : "caregiver-needs",
          "display" : "Caregiver Needs"
        },
        {
          "system" : "http://mtnlotus.com/uv/pco/CodeSystem/pco-goal-domain-codes-example",
          "code" : "end-of-life",
          "display" : "End Of Life"
        },
        {
          "system" : "http://mtnlotus.com/uv/pco/CodeSystem/pco-goal-domain-codes-example",
          "code" : "independence",
          "display" : "Independence"
        },
        {
          "system" : "http://mtnlotus.com/uv/pco/CodeSystem/pco-goal-domain-codes-example",
          "code" : "legal",
          "display" : "Legal"
        },
        {
          "system" : "http://mtnlotus.com/uv/pco/CodeSystem/pco-goal-domain-codes-example",
          "code" : "managing-conditions",
          "display" : "Managing Conditions"
        },
        {
          "system" : "http://mtnlotus.com/uv/pco/CodeSystem/pco-goal-domain-codes-example",
          "code" : "medication-management",
          "display" : "Medication Management"
        },
        {
          "system" : "http://mtnlotus.com/uv/pco/CodeSystem/pco-goal-domain-codes-example",
          "code" : "improving-health-and-wellness",
          "display" : "Improving Health And Wellness"
        },
        {
          "system" : "http://mtnlotus.com/uv/pco/CodeSystem/pco-goal-domain-codes-example",
          "code" : "physical-function",
          "display" : "Physical Function"
        },
        {
          "system" : "http://mtnlotus.com/uv/pco/CodeSystem/pco-goal-domain-codes-example",
          "code" : "social-functioning",
          "display" : "Social Functioning"
        },
        {
          "system" : "http://mtnlotus.com/uv/pco/CodeSystem/pco-goal-domain-codes-example",
          "code" : "emotional-and-mental-health",
          "display" : "Emotional And Mental Health"
        }]
      }
    }
  },
  {
    "fullUrl" : "http://mtnlotus.com/uv/pco/ValueSet/practitioner-gas-followup-vs",
    "resource" : {
      "resourceType" : "ValueSet",
      "text" : {
        "status" : "generated",
        "div" : "<div xmlns=\"http://www.w3.org/1999/xhtml\"><p class=\"res-header-id\"><b>Generated Narrative: ValueSet </b></p><p style=\"border: black 1px dotted; background-color: #EEEEEE; padding: 8px; margin-bottom: 8px\">Expansion based on Loinc v2.77</p><p>This value set contains 0 concepts</p><table class=\"codes\"><tr><td style=\"white-space:nowrap\"><b>Code</b></td><td><b>System</b></td><td><b>Display</b></td></tr></table></div>"
      },
      "url" : "http://mtnlotus.com/uv/pco/ValueSet/practitioner-gas-followup-vs",
      "version" : "0.1.0",
      "name" : "PractitionerGASFollowupVS",
      "title" : "Practitioner Follow-Up GAS Score",
      "status" : "draft",
      "experimental" : false,
      "date" : "2024-08-08T17:33:11+00:00",
      "jurisdiction" : [{
        "coding" : [{
          "system" : "http://unstats.un.org/unsd/methods/m49/m49.htm",
          "code" : "001",
          "display" : "World"
        }]
      }],
      "expansion" : {
        "identifier" : "urn:uuid:6a8cad7d-3ed1-403e-a8fa-6fd43bea810a",
        "timestamp" : "2024-08-08T17:34:01+00:00",
        "total" : 0,
        "offset" : 0,
        "parameter" : [{
          "name" : "count",
          "valueInteger" : 1000
        },
        {
          "name" : "offset",
          "valueInteger" : 0
        },
        {
          "name" : "excludeNested",
          "valueBoolean" : false
        },
        {
          "name" : "used-valueset",
          "valueUri" : "null"
        },
        {
          "name" : "used-codesystem",
          "valueUri" : "http://loinc.org|2.77"
        },
        {
          "name" : "version",
          "valueUri" : "http://loinc.org|2.77"
        }]
      }
    }
  }]
}