{
  "resourceType" : "Bundle",
  "id" : "68fb91d7-1895-4dcb-9f7f-e9fca3a0a702",
  "meta" : {
    "lastUpdated" : "2025-02-03T23:01:50.727+00:00"
  },
  "type" : "collection",
  "entry" : [{
    "fullUrl" : "http://hl7.org/fhir/us/pco/ValueSet/focus-selection",
    "resource" : {
      "resourceType" : "ValueSet",
      "text" : {
        "status" : "generated",
        "div" : "<div xmlns=\"http://www.w3.org/1999/xhtml\"><p class=\"res-header-id\"><b>Generated Narrative: ValueSet </b></p><p style=\"border: black 1px dotted; background-color: #EEEEEE; padding: 8px; margin-bottom: 8px\">Expansion from tx.fhir.org based on SNOMED CT 731000124108 edition 01-Sep 2024</p><p>This value set contains 2 concepts</p><table class=\"codes\"><tr><td style=\"white-space:nowrap\"><b>Code</b></td><td><b>System</b></td><td><b>Display</b></td></tr><tr><td style=\"white-space:nowrap\"><a name=\"x-http://snomed.info/sct-363702006\"> </a>\u00a0\u00a0<a href=\"http://snomed.info/id/363702006\">363702006</a></td><td>http://snomed.info/sct</td><td>Has focus</td></tr><tr><td style=\"white-space:nowrap\"><a name=\"x-http://snomed.info/sct-6061000175107\"> </a>\u00a0\u00a0<a href=\"http://snomed.info/id/6061000175107\">6061000175107</a></td><td>http://snomed.info/sct</td><td>No preference (qualifier value)</td></tr></table></div>"
      },
      "url" : "http://hl7.org/fhir/us/pco/ValueSet/focus-selection",
      "version" : "0.2.0",
      "name" : "FocusSelectionValueSet",
      "title" : "Focus Selection",
      "status" : "draft",
      "experimental" : false,
      "date" : "2025-02-03T23:01:50+00:00",
      "jurisdiction" : [{
        "coding" : [{
          "system" : "urn:iso:std:iso:3166",
          "code" : "US"
        }]
      }],
      "expansion" : {
        "identifier" : "urn:uuid:8d253800-c43d-4e0c-8dda-16c8f37c01d4",
        "timestamp" : "2025-02-03T23:03:18+00:00",
        "total" : 2,
        "offset" : 0,
        "parameter" : [{
          "name" : "count",
          "valueInteger" : 1000
        },
        {
          "name" : "offset",
          "valueInteger" : 0
        },
        {
          "name" : "excludeNested",
          "valueBoolean" : false
        },
        {
          "name" : "used-valueset",
          "valueUri" : "null"
        },
        {
          "name" : "used-codesystem",
          "valueUri" : "http://snomed.info/sct|http://snomed.info/sct/731000124108/version/20240901"
        },
        {
          "name" : "version",
          "valueUri" : "http://snomed.info/sct|http://snomed.info/sct/731000124108/version/20240901"
        }],
        "contains" : [{
          "system" : "http://snomed.info/sct",
          "code" : "363702006",
          "display" : "Has focus"
        },
        {
          "system" : "http://snomed.info/sct",
          "code" : "6061000175107",
          "display" : "No preference (qualifier value)"
        }]
      }
    }
  },
  {
    "fullUrl" : "http://hl7.org/fhir/us/pco/ValueSet/gas-score-answers",
    "resource" : {
      "resourceType" : "ValueSet",
      "text" : {
        "status" : "generated",
        "div" : "<div xmlns=\"http://www.w3.org/1999/xhtml\"><p class=\"res-header-id\"><b>Generated Narrative: ValueSet </b></p><p style=\"border: black 1px dotted; background-color: #EEEEEE; padding: 8px; margin-bottom: 8px\">Expansion from tx.fhir.org based on Loinc v2.78</p><p>This value set contains 3 concepts</p><table class=\"codes\"><tr><td style=\"white-space:nowrap\"><b>Code</b></td><td><b>System</b></td><td><b>Display</b></td></tr><tr><td style=\"white-space:nowrap\"><a name=\"x-http://loinc.org-LA6113-0\"> </a>\u00a0\u00a0<a href=\"https://loinc.org/LA6113-0/\">LA6113-0</a></td><td>http://loinc.org</td><td>2 or more</td></tr><tr><td style=\"white-space:nowrap\"><a name=\"x-http://loinc.org-LA6112-2\"> </a>\u00a0\u00a0<a href=\"https://loinc.org/LA6112-2/\">LA6112-2</a></td><td>http://loinc.org</td><td>1</td></tr><tr><td style=\"white-space:nowrap\"><a name=\"x-http://loinc.org-LA6111-4\"> </a>\u00a0\u00a0<a href=\"https://loinc.org/LA6111-4/\">LA6111-4</a></td><td>http://loinc.org</td><td>0</td></tr></table></div>"
      },
      "url" : "http://hl7.org/fhir/us/pco/ValueSet/gas-score-answers",
      "version" : "0.2.0",
      "name" : "GASScoreAnswers",
      "title" : "Follow-Up GAS Score Answers",
      "status" : "draft",
      "experimental" : false,
      "date" : "2025-02-03T23:01:50+00:00",
      "jurisdiction" : [{
        "coding" : [{
          "system" : "urn:iso:std:iso:3166",
          "code" : "US"
        }]
      }],
      "expansion" : {
        "identifier" : "urn:uuid:86081db9-2ba3-4e7d-9c7d-36f24f56d550",
        "timestamp" : "2025-02-03T23:03:19+00:00",
        "total" : 3,
        "offset" : 0,
        "parameter" : [{
          "name" : "count",
          "valueInteger" : 1000
        },
        {
          "name" : "offset",
          "valueInteger" : 0
        },
        {
          "name" : "excludeNested",
          "valueBoolean" : false
        },
        {
          "name" : "used-valueset",
          "valueUri" : "null"
        },
        {
          "name" : "used-codesystem",
          "valueUri" : "http://loinc.org|2.78"
        },
        {
          "name" : "version",
          "valueUri" : "http://loinc.org|2.78"
        }],
        "contains" : [{
          "system" : "http://loinc.org",
          "code" : "LA6113-0",
          "display" : "2 or more"
        },
        {
          "system" : "http://loinc.org",
          "code" : "LA6112-2",
          "display" : "1"
        },
        {
          "system" : "http://loinc.org",
          "code" : "LA6111-4",
          "display" : "0"
        }]
      }
    }
  },
  {
    "fullUrl" : "http://hl7.org/fhir/us/pco/ValueSet/goal-attainment-scaling-score",
    "resource" : {
      "resourceType" : "ValueSet",
      "text" : {
        "status" : "generated",
        "div" : "<div xmlns=\"http://www.w3.org/1999/xhtml\"><p class=\"res-header-id\"><b>Generated Narrative: ValueSet </b></p><p style=\"border: black 1px dotted; background-color: #EEEEEE; padding: 8px; margin-bottom: 8px\">Expansion from tx.fhir.org based on Loinc v2.78</p><p>This value set contains 0 concepts</p><table class=\"codes\"><tr><td style=\"white-space:nowrap\"><b>Code</b></td><td><b>System</b></td><td><b>Display</b></td></tr></table></div>"
      },
      "url" : "http://hl7.org/fhir/us/pco/ValueSet/goal-attainment-scaling-score",
      "version" : "0.2.0",
      "name" : "GoalAttainmentScalingScore",
      "title" : "Goal Attainment Scaling (GAS) Score",
      "status" : "draft",
      "experimental" : false,
      "date" : "2025-02-03T23:01:50+00:00",
      "jurisdiction" : [{
        "coding" : [{
          "system" : "urn:iso:std:iso:3166",
          "code" : "US"
        }]
      }],
      "expansion" : {
        "identifier" : "urn:uuid:44db4982-801d-4e3e-818f-dac1b7a780ff",
        "timestamp" : "2025-02-03T23:03:19+00:00",
        "total" : 0,
        "offset" : 0,
        "parameter" : [{
          "name" : "count",
          "valueInteger" : 1000
        },
        {
          "name" : "offset",
          "valueInteger" : 0
        },
        {
          "name" : "excludeNested",
          "valueBoolean" : false
        },
        {
          "name" : "used-valueset",
          "valueUri" : "null"
        },
        {
          "name" : "used-codesystem",
          "valueUri" : "http://loinc.org|2.78"
        },
        {
          "name" : "version",
          "valueUri" : "http://loinc.org|2.78"
        }]
      }
    }
  },
  {
    "fullUrl" : "http://hl7.org/fhir/us/pco/ValueSet/goal-barrier-codes",
    "resource" : {
      "resourceType" : "ValueSet",
      "text" : {
        "status" : "generated",
        "div" : "<div xmlns=\"http://www.w3.org/1999/xhtml\"><p class=\"res-header-id\"><b>Generated Narrative: ValueSet </b></p><p style=\"border: black 1px dotted; background-color: #EEEEEE; padding: 8px; margin-bottom: 8px\">Expansion from tx.fhir.org based on SNOMED CT 731000124108 edition 01-Sep 2024</p><p>This value set contains 1 concepts</p><table class=\"codes\"><tr><td style=\"white-space:nowrap\"><b>Code</b></td><td><b>System</b></td><td><b>Display</b></td></tr><tr><td style=\"white-space:nowrap\"><a name=\"x-http://snomed.info/sct-452341000124107\"> </a>\u00a0\u00a0<a href=\"http://snomed.info/id/452341000124107\">452341000124107</a></td><td>http://snomed.info/sct</td><td>Assessment of barriers to meet care plan goals performed (situation)</td></tr></table></div>"
      },
      "url" : "http://hl7.org/fhir/us/pco/ValueSet/goal-barrier-codes",
      "version" : "0.2.0",
      "name" : "GoalBarrierCodes",
      "title" : "Goal Barrier Assessment Codes",
      "status" : "draft",
      "experimental" : false,
      "date" : "2025-02-03T23:01:50+00:00",
      "jurisdiction" : [{
        "coding" : [{
          "system" : "urn:iso:std:iso:3166",
          "code" : "US"
        }]
      }],
      "expansion" : {
        "identifier" : "urn:uuid:3c301ef5-04d8-4e97-8ae9-3696da99920a",
        "timestamp" : "2025-02-03T23:03:20+00:00",
        "total" : 1,
        "offset" : 0,
        "parameter" : [{
          "name" : "count",
          "valueInteger" : 1000
        },
        {
          "name" : "offset",
          "valueInteger" : 0
        },
        {
          "name" : "excludeNested",
          "valueBoolean" : false
        },
        {
          "name" : "used-valueset",
          "valueUri" : "null"
        },
        {
          "name" : "used-codesystem",
          "valueUri" : "http://snomed.info/sct|http://snomed.info/sct/731000124108/version/20240901"
        },
        {
          "name" : "version",
          "valueUri" : "http://snomed.info/sct|http://snomed.info/sct/731000124108/version/20240901"
        }],
        "contains" : [{
          "system" : "http://snomed.info/sct",
          "code" : "452341000124107",
          "display" : "Assessment of barriers to meet care plan goals performed (situation)"
        }]
      }
    }
  },
  {
    "fullUrl" : "http://hl7.org/fhir/us/pco/ValueSet/pco-care-tradeoff-choices-vs",
    "resource" : {
      "resourceType" : "ValueSet",
      "text" : {
        "status" : "generated",
        "div" : "<div xmlns=\"http://www.w3.org/1999/xhtml\"><p class=\"res-header-id\"><b>Generated Narrative: ValueSet </b></p><p style=\"border: black 1px dotted; background-color: #EEEEEE; padding: 8px; margin-bottom: 8px\">Expansion done internally based on <a href=\"CodeSystem-pco-care-tradeoff-choice-codes.html\">codesystem Care Trade-off Choice Codes v0.2.0 (CodeSystem)</a></p><p>This value set contains 4 concepts</p><table class=\"codes\"><tr><td style=\"white-space:nowrap\"><b>Code</b></td><td><b>System</b></td><td><b>Display</b></td></tr><tr><td style=\"white-space:nowrap\"><a name=\"x-http://hl7.org/fhir/us/pco/CodeSystem/pco-care-tradeoff-choice-codes-helpful-care\"> </a>\u00a0\u00a0<a href=\"CodeSystem-pco-care-tradeoff-choice-codes.html#pco-care-tradeoff-choice-codes-helpful-care\">helpful-care</a></td><td>http://hl7.org/fhir/us/pco/CodeSystem/pco-care-tradeoff-choice-codes</td><td>Helpful</td></tr><tr><td style=\"white-space:nowrap\"><a name=\"x-http://hl7.org/fhir/us/pco/CodeSystem/pco-care-tradeoff-choice-codes-burdensome-care\"> </a>\u00a0\u00a0<a href=\"CodeSystem-pco-care-tradeoff-choice-codes.html#pco-care-tradeoff-choice-codes-burdensome-care\">burdensome-care</a></td><td>http://hl7.org/fhir/us/pco/CodeSystem/pco-care-tradeoff-choice-codes</td><td>Burdensome</td></tr><tr><td style=\"white-space:nowrap\"><a name=\"x-http://hl7.org/fhir/us/pco/CodeSystem/pco-care-tradeoff-choice-codes-willing-to-change\"> </a>\u00a0\u00a0<a href=\"CodeSystem-pco-care-tradeoff-choice-codes.html#pco-care-tradeoff-choice-codes-willing-to-change\">willing-to-change</a></td><td>http://hl7.org/fhir/us/pco/CodeSystem/pco-care-tradeoff-choice-codes</td><td>Willing to change</td></tr><tr><td style=\"white-space:nowrap\"><a name=\"x-http://hl7.org/fhir/us/pco/CodeSystem/pco-care-tradeoff-choice-codes-unwilling-to-change\"> </a>\u00a0\u00a0<a href=\"CodeSystem-pco-care-tradeoff-choice-codes.html#pco-care-tradeoff-choice-codes-unwilling-to-change\">unwilling-to-change</a></td><td>http://hl7.org/fhir/us/pco/CodeSystem/pco-care-tradeoff-choice-codes</td><td>Unwilling to change</td></tr></table></div>"
      },
      "url" : "http://hl7.org/fhir/us/pco/ValueSet/pco-care-tradeoff-choices-vs",
      "version" : "0.2.0",
      "name" : "CareTradeOffChoices",
      "title" : "Care Trade-off Choices",
      "status" : "draft",
      "experimental" : false,
      "date" : "2025-02-03T23:01:50+00:00",
      "jurisdiction" : [{
        "coding" : [{
          "system" : "urn:iso:std:iso:3166",
          "code" : "US"
        }]
      }],
      "expansion" : {
        "identifier" : "urn:uuid:bda51e40-f3c7-419b-aacb-e9733bd3c49b",
        "timestamp" : "2025-02-03T23:03:21+00:00",
        "total" : 4,
        "offset" : 0,
        "parameter" : [{
          "name" : "count",
          "valueInteger" : 1000
        },
        {
          "name" : "offset",
          "valueInteger" : 0
        },
        {
          "name" : "excludeNested",
          "valueBoolean" : false
        },
        {
          "name" : "used-codesystem",
          "valueUri" : "http://hl7.org/fhir/us/pco/CodeSystem/pco-care-tradeoff-choice-codes|0.2.0"
        }],
        "contains" : [{
          "system" : "http://hl7.org/fhir/us/pco/CodeSystem/pco-care-tradeoff-choice-codes",
          "code" : "helpful-care",
          "display" : "Helpful"
        },
        {
          "system" : "http://hl7.org/fhir/us/pco/CodeSystem/pco-care-tradeoff-choice-codes",
          "code" : "burdensome-care",
          "display" : "Burdensome"
        },
        {
          "system" : "http://hl7.org/fhir/us/pco/CodeSystem/pco-care-tradeoff-choice-codes",
          "code" : "willing-to-change",
          "display" : "Willing to change"
        },
        {
          "system" : "http://hl7.org/fhir/us/pco/CodeSystem/pco-care-tradeoff-choice-codes",
          "code" : "unwilling-to-change",
          "display" : "Unwilling to change"
        }]
      }
    }
  },
  {
    "fullUrl" : "http://hl7.org/fhir/us/pco/ValueSet/pco-care-tradeoff-types-example-vs",
    "resource" : {
      "resourceType" : "ValueSet",
      "text" : {
        "status" : "generated",
        "div" : "<div xmlns=\"http://www.w3.org/1999/xhtml\"><p class=\"res-header-id\"><b>Generated Narrative: ValueSet </b></p><p style=\"border: black 1px dotted; background-color: #EEEEEE; padding: 8px; margin-bottom: 8px\">Expansion from tx.fhir.org based on SNOMED CT 731000124108 edition 01-Sep 2024</p><p>This value set contains 6 concepts</p><table class=\"codes\"><tr><td style=\"white-space:nowrap\"><b>Code</b></td><td><b>System</b></td><td><b>Display</b></td></tr><tr><td style=\"white-space:nowrap\"><a name=\"x-http://snomed.info/sct-422979000\"> </a>\u00a0\u00a0<a href=\"http://snomed.info/id/422979000\">422979000</a></td><td>http://snomed.info/sct</td><td>Medication regimen behavior finding (finding)</td></tr><tr><td style=\"white-space:nowrap\"><a name=\"x-http://snomed.info/sct-256235009\"> </a>\u00a0\u00a0<a href=\"http://snomed.info/id/256235009\">256235009</a></td><td>http://snomed.info/sct</td><td>Exercise</td></tr><tr><td style=\"white-space:nowrap\"><a name=\"x-http://snomed.info/sct-449360002\"> </a>\u00a0\u00a0<a href=\"http://snomed.info/id/449360002\">449360002</a></td><td>http://snomed.info/sct</td><td>On special diet (finding)</td></tr><tr><td style=\"white-space:nowrap\"><a name=\"x-http://snomed.info/sct-387713003\"> </a>\u00a0\u00a0<a href=\"http://snomed.info/id/387713003\">387713003</a></td><td>http://snomed.info/sct</td><td>Surgical procedure (procedure)</td></tr><tr><td style=\"white-space:nowrap\"><a name=\"x-http://snomed.info/sct-52052004\"> </a>\u00a0\u00a0<a href=\"http://snomed.info/id/52052004\">52052004</a></td><td>http://snomed.info/sct</td><td>Rehabilitation therapy</td></tr><tr><td style=\"white-space:nowrap\"><a name=\"x-http://snomed.info/sct-105389006\"> </a>\u00a0\u00a0<a href=\"http://snomed.info/id/105389006\">105389006</a></td><td>http://snomed.info/sct</td><td>Personal care assistance at home</td></tr></table></div>"
      },
      "url" : "http://hl7.org/fhir/us/pco/ValueSet/pco-care-tradeoff-types-example-vs",
      "version" : "0.2.0",
      "name" : "CareTradeOffTypesExample",
      "title" : "Care Trade-off Types Example",
      "status" : "draft",
      "experimental" : false,
      "date" : "2025-02-03T23:01:50+00:00",
      "jurisdiction" : [{
        "coding" : [{
          "system" : "urn:iso:std:iso:3166",
          "code" : "US"
        }]
      }],
      "expansion" : {
        "identifier" : "urn:uuid:24d8792f-00ec-4dda-949b-59936ba37383",
        "timestamp" : "2025-02-03T23:03:21+00:00",
        "total" : 6,
        "offset" : 0,
        "parameter" : [{
          "name" : "count",
          "valueInteger" : 1000
        },
        {
          "name" : "offset",
          "valueInteger" : 0
        },
        {
          "name" : "excludeNested",
          "valueBoolean" : false
        },
        {
          "name" : "used-valueset",
          "valueUri" : "null"
        },
        {
          "name" : "used-codesystem",
          "valueUri" : "http://snomed.info/sct|http://snomed.info/sct/731000124108/version/20240901"
        },
        {
          "name" : "version",
          "valueUri" : "http://snomed.info/sct|http://snomed.info/sct/731000124108/version/20240901"
        }],
        "contains" : [{
          "system" : "http://snomed.info/sct",
          "code" : "422979000",
          "display" : "Medication regimen behavior finding (finding)"
        },
        {
          "system" : "http://snomed.info/sct",
          "code" : "256235009",
          "display" : "Exercise"
        },
        {
          "system" : "http://snomed.info/sct",
          "code" : "449360002",
          "display" : "On special diet (finding)"
        },
        {
          "system" : "http://snomed.info/sct",
          "code" : "387713003",
          "display" : "Surgical procedure (procedure)"
        },
        {
          "system" : "http://snomed.info/sct",
          "code" : "52052004",
          "display" : "Rehabilitation therapy"
        },
        {
          "system" : "http://snomed.info/sct",
          "code" : "105389006",
          "display" : "Personal care assistance at home"
        }]
      }
    }
  },
  {
    "fullUrl" : "http://hl7.org/fhir/us/pco/ValueSet/pco-categories",
    "resource" : {
      "resourceType" : "ValueSet",
      "text" : {
        "status" : "generated",
        "div" : "<div xmlns=\"http://www.w3.org/1999/xhtml\"><p class=\"res-header-id\"><b>Generated Narrative: ValueSet </b></p><p style=\"border: black 1px dotted; background-color: #EEEEEE; padding: 8px; margin-bottom: 8px\">Expansion done internally based on <a href=\"CodeSystem-pco-concepts.html\">codesystem Person-Centered Outcome Concepts v0.2.0 (CodeSystem)</a></p><p>This value set contains 2 concepts</p><table class=\"codes\"><tr><td style=\"white-space:nowrap\"><b>Code</b></td><td><b>System</b></td><td><b>Display</b></td><td><b>Definition</b></td></tr><tr><td style=\"white-space:nowrap\"><a name=\"x-http://hl7.org/fhir/us/pco/CodeSystem/pco-concepts-person-centered\"> </a>\u00a0\u00a0<a href=\"CodeSystem-pco-concepts.html#pco-concepts-person-centered\">person-centered</a></td><td>http://hl7.org/fhir/us/pco/CodeSystem/pco-concepts</td><td>Person-Centered</td><td><div><p>General category for person-centered goals and observations</p>\n</div></td></tr><tr><td style=\"white-space:nowrap\"><a name=\"x-http://hl7.org/fhir/us/pco/CodeSystem/pco-concepts-what-matters\"> </a>\u00a0\u00a0<a href=\"CodeSystem-pco-concepts.html#pco-concepts-what-matters\">what-matters</a></td><td>http://hl7.org/fhir/us/pco/CodeSystem/pco-concepts</td><td>What Matters</td><td><div><p>Know and align care with each person's specific health outcome goals and care preferences including, but not limited to, end-of-life care, and across settings of care.</p>\n</div></td></tr></table></div>"
      },
      "url" : "http://hl7.org/fhir/us/pco/ValueSet/pco-categories",
      "version" : "0.2.0",
      "name" : "PCOCategories",
      "title" : "Person-Centered Categories",
      "status" : "draft",
      "experimental" : false,
      "date" : "2025-02-03T23:01:50+00:00",
      "jurisdiction" : [{
        "coding" : [{
          "system" : "urn:iso:std:iso:3166",
          "code" : "US"
        }]
      }],
      "expansion" : {
        "identifier" : "urn:uuid:23621b65-1379-46fd-a830-045da0db37ff",
        "timestamp" : "2025-02-03T23:03:22+00:00",
        "total" : 2,
        "offset" : 0,
        "parameter" : [{
          "name" : "count",
          "valueInteger" : 1000
        },
        {
          "name" : "offset",
          "valueInteger" : 0
        },
        {
          "name" : "excludeNested",
          "valueBoolean" : false
        },
        {
          "name" : "used-codesystem",
          "valueUri" : "http://hl7.org/fhir/us/pco/CodeSystem/pco-concepts|0.2.0"
        }],
        "contains" : [{
          "system" : "http://hl7.org/fhir/us/pco/CodeSystem/pco-concepts",
          "code" : "person-centered",
          "display" : "Person-Centered"
        },
        {
          "system" : "http://hl7.org/fhir/us/pco/CodeSystem/pco-concepts",
          "code" : "what-matters",
          "display" : "What Matters"
        }]
      }
    }
  },
  {
    "fullUrl" : "http://hl7.org/fhir/us/pco/ValueSet/pco-goal-barrier-types-example-vs",
    "resource" : {
      "resourceType" : "ValueSet",
      "text" : {
        "status" : "generated",
        "div" : "<div xmlns=\"http://www.w3.org/1999/xhtml\"><p class=\"res-header-id\"><b>Generated Narrative: ValueSet </b></p><p style=\"border: black 1px dotted; background-color: #EEEEEE; padding: 8px; margin-bottom: 8px\">Expansion from tx.fhir.org based on SNOMED CT 731000124108 edition 01-Sep 2024</p><p>This value set contains 5 concepts</p><table class=\"codes\"><tr><td style=\"white-space:nowrap\"><b>Code</b></td><td><b>System</b></td><td><b>Display</b></td></tr><tr><td style=\"white-space:nowrap\"><a name=\"x-http://snomed.info/sct-22253000\"> </a>\u00a0\u00a0<a href=\"http://snomed.info/id/22253000\">22253000</a></td><td>http://snomed.info/sct</td><td>Pain</td></tr><tr><td style=\"white-space:nowrap\"><a name=\"x-http://snomed.info/sct-48694002\"> </a>\u00a0\u00a0<a href=\"http://snomed.info/id/48694002\">48694002</a></td><td>http://snomed.info/sct</td><td>Anxiety</td></tr><tr><td style=\"white-space:nowrap\"><a name=\"x-http://snomed.info/sct-224960004\"> </a>\u00a0\u00a0<a href=\"http://snomed.info/id/224960004\">224960004</a></td><td>http://snomed.info/sct</td><td>Tired</td></tr><tr><td style=\"white-space:nowrap\"><a name=\"x-http://snomed.info/sct-15188001\"> </a>\u00a0\u00a0<a href=\"http://snomed.info/id/15188001\">15188001</a></td><td>http://snomed.info/sct</td><td>Difficulty hearing</td></tr><tr><td style=\"white-space:nowrap\"><a name=\"x-http://snomed.info/sct-165232002\"> </a>\u00a0\u00a0<a href=\"http://snomed.info/id/165232002\">165232002</a></td><td>http://snomed.info/sct</td><td>Bladder: incontinent</td></tr></table></div>"
      },
      "url" : "http://hl7.org/fhir/us/pco/ValueSet/pco-goal-barrier-types-example-vs",
      "version" : "0.2.0",
      "name" : "GoalBarrierTypesExample",
      "title" : "Goal Barrier Types Example",
      "status" : "draft",
      "experimental" : false,
      "date" : "2025-02-03T23:01:50+00:00",
      "jurisdiction" : [{
        "coding" : [{
          "system" : "urn:iso:std:iso:3166",
          "code" : "US"
        }]
      }],
      "expansion" : {
        "identifier" : "urn:uuid:90ce3f2e-e336-461d-8890-0f11195fea77",
        "timestamp" : "2025-02-03T23:03:22+00:00",
        "total" : 5,
        "offset" : 0,
        "parameter" : [{
          "name" : "count",
          "valueInteger" : 1000
        },
        {
          "name" : "offset",
          "valueInteger" : 0
        },
        {
          "name" : "excludeNested",
          "valueBoolean" : false
        },
        {
          "name" : "used-valueset",
          "valueUri" : "null"
        },
        {
          "name" : "used-codesystem",
          "valueUri" : "http://snomed.info/sct|http://snomed.info/sct/731000124108/version/20240901"
        },
        {
          "name" : "version",
          "valueUri" : "http://snomed.info/sct|http://snomed.info/sct/731000124108/version/20240901"
        }],
        "contains" : [{
          "system" : "http://snomed.info/sct",
          "code" : "22253000",
          "display" : "Pain"
        },
        {
          "system" : "http://snomed.info/sct",
          "code" : "48694002",
          "display" : "Anxiety"
        },
        {
          "system" : "http://snomed.info/sct",
          "code" : "224960004",
          "display" : "Tired"
        },
        {
          "system" : "http://snomed.info/sct",
          "code" : "15188001",
          "display" : "Difficulty hearing"
        },
        {
          "system" : "http://snomed.info/sct",
          "code" : "165232002",
          "display" : "Bladder: incontinent"
        }]
      }
    }
  },
  {
    "fullUrl" : "http://hl7.org/fhir/us/pco/ValueSet/pco-goal-domains-example-vs",
    "resource" : {
      "resourceType" : "ValueSet",
      "text" : {
        "status" : "generated",
        "div" : "<div xmlns=\"http://www.w3.org/1999/xhtml\"><p class=\"res-header-id\"><b>Generated Narrative: ValueSet </b></p><p style=\"border: black 1px dotted; background-color: #EEEEEE; padding: 8px; margin-bottom: 8px\">Expansion done internally based on <a href=\"CodeSystem-pco-goal-domains.html\">codesystem PCO Goal Domains v0.2.0 (CodeSystem)</a></p><p>This value set contains 12 concepts</p><table class=\"codes\"><tr><td style=\"white-space:nowrap\"><b>Code</b></td><td><b>System</b></td><td><b>Display</b></td><td><b>Definition</b></td></tr><tr><td style=\"white-space:nowrap\"><a name=\"x-http://hl7.org/fhir/us/pco/CodeSystem/pco-goal-domains-housing\"> </a>\u00a0\u00a0<a href=\"CodeSystem-pco-goal-domains.html#pco-goal-domains-housing\">housing</a></td><td>http://hl7.org/fhir/us/pco/CodeSystem/pco-goal-domains</td><td>Housing</td><td><div><p>Having acceptable housing that is appropriate for a person's needs.</p>\n</div></td></tr><tr><td style=\"white-space:nowrap\"><a name=\"x-http://hl7.org/fhir/us/pco/CodeSystem/pco-goal-domains-access-to-services\"> </a>\u00a0\u00a0<a href=\"CodeSystem-pco-goal-domains.html#pco-goal-domains-access-to-services\">access-to-services</a></td><td>http://hl7.org/fhir/us/pco/CodeSystem/pco-goal-domains</td><td>Access To Services</td><td><div><p>Ability to access, afford, and utilize appropriate health and community resources. Includes access to transportation, stable food resources, and assistance with financial concerns.</p>\n</div></td></tr><tr><td style=\"white-space:nowrap\"><a name=\"x-http://hl7.org/fhir/us/pco/CodeSystem/pco-goal-domains-caregiver-needs\"> </a>\u00a0\u00a0<a href=\"CodeSystem-pco-goal-domains.html#pco-goal-domains-caregiver-needs\">caregiver-needs</a></td><td>http://hl7.org/fhir/us/pco/CodeSystem/pco-goal-domains</td><td>Caregiver Needs</td><td><div/></td></tr><tr><td style=\"white-space:nowrap\"><a name=\"x-http://hl7.org/fhir/us/pco/CodeSystem/pco-goal-domains-end-of-life\"> </a>\u00a0\u00a0<a href=\"CodeSystem-pco-goal-domains.html#pco-goal-domains-end-of-life\">end-of-life</a></td><td>http://hl7.org/fhir/us/pco/CodeSystem/pco-goal-domains</td><td>End Of Life</td><td><div><p>Planning for end-of-life care and desires to reduce burden on family or others.</p>\n</div></td></tr><tr><td style=\"white-space:nowrap\"><a name=\"x-http://hl7.org/fhir/us/pco/CodeSystem/pco-goal-domains-independence\"> </a>\u00a0\u00a0<a href=\"CodeSystem-pco-goal-domains.html#pco-goal-domains-independence\">independence</a></td><td>http://hl7.org/fhir/us/pco/CodeSystem/pco-goal-domains</td><td>Independence</td><td><div><p>Ability to live independently without help or assistance from others.</p>\n</div></td></tr><tr><td style=\"white-space:nowrap\"><a name=\"x-http://hl7.org/fhir/us/pco/CodeSystem/pco-goal-domains-legal\"> </a>\u00a0\u00a0<a href=\"CodeSystem-pco-goal-domains.html#pco-goal-domains-legal\">legal</a></td><td>http://hl7.org/fhir/us/pco/CodeSystem/pco-goal-domains</td><td>Legal</td><td><div><p>Having adequate support for legal issues such as child custody, medical power of attorney, etc.</p>\n</div></td></tr><tr><td style=\"white-space:nowrap\"><a name=\"x-http://hl7.org/fhir/us/pco/CodeSystem/pco-goal-domains-managing-conditions\"> </a>\u00a0\u00a0<a href=\"CodeSystem-pco-goal-domains.html#pco-goal-domains-managing-conditions\">managing-conditions</a></td><td>http://hl7.org/fhir/us/pco/CodeSystem/pco-goal-domains</td><td>Managing Conditions</td><td><div><p>Satisfaction with health care received or desired, and experiences with providers and the health care system.</p>\n</div></td></tr><tr><td style=\"white-space:nowrap\"><a name=\"x-http://hl7.org/fhir/us/pco/CodeSystem/pco-goal-domains-medication-management\"> </a>\u00a0\u00a0<a href=\"CodeSystem-pco-goal-domains.html#pco-goal-domains-medication-management\">medication-management</a></td><td>http://hl7.org/fhir/us/pco/CodeSystem/pco-goal-domains</td><td>Medication Management</td><td><div><p>Satisfaction with ability to manage medications.</p>\n</div></td></tr><tr><td style=\"white-space:nowrap\"><a name=\"x-http://hl7.org/fhir/us/pco/CodeSystem/pco-goal-domains-improving-health-and-wellness\"> </a>\u00a0\u00a0<a href=\"CodeSystem-pco-goal-domains.html#pco-goal-domains-improving-health-and-wellness\">improving-health-and-wellness</a></td><td>http://hl7.org/fhir/us/pco/CodeSystem/pco-goal-domains</td><td>Improving Health And Wellness</td><td><div><p>Ability to develop, improve and maintain positive health and wellness habits.</p>\n</div></td></tr><tr><td style=\"white-space:nowrap\"><a name=\"x-http://hl7.org/fhir/us/pco/CodeSystem/pco-goal-domains-physical-function\"> </a>\u00a0\u00a0<a href=\"CodeSystem-pco-goal-domains.html#pco-goal-domains-physical-function\">physical-function</a></td><td>http://hl7.org/fhir/us/pco/CodeSystem/pco-goal-domains</td><td>Physical Function</td><td><div><p>Ability to manage physical functioning, physical symptoms or conditions, and improve or maintain ability to participate in physical activities.</p>\n</div></td></tr><tr><td style=\"white-space:nowrap\"><a name=\"x-http://hl7.org/fhir/us/pco/CodeSystem/pco-goal-domains-social-functioning\"> </a>\u00a0\u00a0<a href=\"CodeSystem-pco-goal-domains.html#pco-goal-domains-social-functioning\">social-functioning</a></td><td>http://hl7.org/fhir/us/pco/CodeSystem/pco-goal-domains</td><td>Social Functioning</td><td><div/></td></tr><tr><td style=\"white-space:nowrap\"><a name=\"x-http://hl7.org/fhir/us/pco/CodeSystem/pco-goal-domains-emotional-and-mental-health\"> </a>\u00a0\u00a0<a href=\"CodeSystem-pco-goal-domains.html#pco-goal-domains-emotional-and-mental-health\">emotional-and-mental-health</a></td><td>http://hl7.org/fhir/us/pco/CodeSystem/pco-goal-domains</td><td>Emotional And Mental Health</td><td><div/></td></tr></table></div>"
      },
      "url" : "http://hl7.org/fhir/us/pco/ValueSet/pco-goal-domains-example-vs",
      "version" : "0.2.0",
      "name" : "PCOGoalDomainsExample",
      "title" : "PCO Goal Domain Categories Example",
      "status" : "draft",
      "experimental" : false,
      "date" : "2025-02-03T23:01:50+00:00",
      "jurisdiction" : [{
        "coding" : [{
          "system" : "urn:iso:std:iso:3166",
          "code" : "US"
        }]
      }],
      "expansion" : {
        "identifier" : "urn:uuid:262279ac-09e5-4224-bed1-86d4bf4157e6",
        "timestamp" : "2025-02-03T23:03:23+00:00",
        "total" : 12,
        "offset" : 0,
        "parameter" : [{
          "name" : "count",
          "valueInteger" : 1000
        },
        {
          "name" : "offset",
          "valueInteger" : 0
        },
        {
          "name" : "excludeNested",
          "valueBoolean" : false
        },
        {
          "name" : "used-codesystem",
          "valueUri" : "http://hl7.org/fhir/us/pco/CodeSystem/pco-goal-domains|0.2.0"
        }],
        "contains" : [{
          "system" : "http://hl7.org/fhir/us/pco/CodeSystem/pco-goal-domains",
          "code" : "housing",
          "display" : "Housing"
        },
        {
          "system" : "http://hl7.org/fhir/us/pco/CodeSystem/pco-goal-domains",
          "code" : "access-to-services",
          "display" : "Access To Services"
        },
        {
          "system" : "http://hl7.org/fhir/us/pco/CodeSystem/pco-goal-domains",
          "code" : "caregiver-needs",
          "display" : "Caregiver Needs"
        },
        {
          "system" : "http://hl7.org/fhir/us/pco/CodeSystem/pco-goal-domains",
          "code" : "end-of-life",
          "display" : "End Of Life"
        },
        {
          "system" : "http://hl7.org/fhir/us/pco/CodeSystem/pco-goal-domains",
          "code" : "independence",
          "display" : "Independence"
        },
        {
          "system" : "http://hl7.org/fhir/us/pco/CodeSystem/pco-goal-domains",
          "code" : "legal",
          "display" : "Legal"
        },
        {
          "system" : "http://hl7.org/fhir/us/pco/CodeSystem/pco-goal-domains",
          "code" : "managing-conditions",
          "display" : "Managing Conditions"
        },
        {
          "system" : "http://hl7.org/fhir/us/pco/CodeSystem/pco-goal-domains",
          "code" : "medication-management",
          "display" : "Medication Management"
        },
        {
          "system" : "http://hl7.org/fhir/us/pco/CodeSystem/pco-goal-domains",
          "code" : "improving-health-and-wellness",
          "display" : "Improving Health And Wellness"
        },
        {
          "system" : "http://hl7.org/fhir/us/pco/CodeSystem/pco-goal-domains",
          "code" : "physical-function",
          "display" : "Physical Function"
        },
        {
          "system" : "http://hl7.org/fhir/us/pco/CodeSystem/pco-goal-domains",
          "code" : "social-functioning",
          "display" : "Social Functioning"
        },
        {
          "system" : "http://hl7.org/fhir/us/pco/CodeSystem/pco-goal-domains",
          "code" : "emotional-and-mental-health",
          "display" : "Emotional And Mental Health"
        }]
      }
    }
  },
  {
    "fullUrl" : "http://hl7.org/fhir/us/pco/ValueSet/prom-target-measures",
    "resource" : {
      "resourceType" : "ValueSet",
      "text" : {
        "status" : "generated",
        "div" : "<div xmlns=\"http://www.w3.org/1999/xhtml\"><p class=\"res-header-id\"><b>Generated Narrative: ValueSet </b></p><p style=\"border: black 1px dotted; background-color: #EEEEEE; padding: 8px; margin-bottom: 8px\">Expansion from tx.fhir.org based on Loinc v2.78</p><p>This value set contains 34 concepts</p><table class=\"codes\"><tr><td style=\"white-space:nowrap\"><b>Code</b></td><td><b>System</b></td><td><b>Display</b></td></tr><tr><td style=\"white-space:nowrap\"><a name=\"x-http://loinc.org-70274-6\"> </a>\u00a0\u00a0<a href=\"https://loinc.org/70274-6/\">70274-6</a></td><td>http://loinc.org</td><td>Generalized anxiety disorder 7 item (GAD-7) total score [Reported.PHQ]</td></tr><tr><td style=\"white-space:nowrap\"><a name=\"x-http://loinc.org-44261-6\"> </a>\u00a0\u00a0<a href=\"https://loinc.org/44261-6/\">44261-6</a></td><td>http://loinc.org</td><td>Patient Health Questionnaire 9 item (PHQ-9) total score [Reported]</td></tr><tr><td style=\"white-space:nowrap\"><a name=\"x-http://loinc.org-77854-8\"> </a>\u00a0\u00a0<a href=\"https://loinc.org/77854-8/\">77854-8</a></td><td>http://loinc.org</td><td>PROMIS ability to participate in social roles and activities - version 2.0 Tscore</td></tr><tr><td style=\"white-space:nowrap\"><a name=\"x-http://loinc.org-77848-0\"> </a>\u00a0\u00a0<a href=\"https://loinc.org/77848-0/\">77848-0</a></td><td>http://loinc.org</td><td>PROMIS alcohol - alcohol use - version 1.0 Tscore</td></tr><tr><td style=\"white-space:nowrap\"><a name=\"x-http://loinc.org-89921-1\"> </a>\u00a0\u00a0<a href=\"https://loinc.org/89921-1/\">89921-1</a></td><td>http://loinc.org</td><td>PROMIS anger - version 1.1 T-score</td></tr><tr><td style=\"white-space:nowrap\"><a name=\"x-http://loinc.org-77862-1\"> </a>\u00a0\u00a0<a href=\"https://loinc.org/77862-1/\">77862-1</a></td><td>http://loinc.org</td><td>PROMIS emotional distress - anxiety - version 1.0 Tscore</td></tr><tr><td style=\"white-space:nowrap\"><a name=\"x-http://loinc.org-81531-6\"> </a>\u00a0\u00a0<a href=\"https://loinc.org/81531-6/\">81531-6</a></td><td>http://loinc.org</td><td>PROMIS short form - cognitive function 8a - version 2.0 raw score</td></tr><tr><td style=\"white-space:nowrap\"><a name=\"x-http://loinc.org-71965-8\"> </a>\u00a0\u00a0<a href=\"https://loinc.org/71965-8/\">71965-8</a></td><td>http://loinc.org</td><td>PROMIS-29 Depression score T-score</td></tr><tr><td style=\"white-space:nowrap\"><a name=\"x-http://loinc.org-92149-4\"> </a>\u00a0\u00a0<a href=\"https://loinc.org/92149-4/\">92149-4</a></td><td>http://loinc.org</td><td>PROMIS dyspnea severity - version 1.0 T-score</td></tr><tr><td style=\"white-space:nowrap\"><a name=\"x-http://loinc.org-77864-7\"> </a>\u00a0\u00a0<a href=\"https://loinc.org/77864-7/\">77864-7</a></td><td>http://loinc.org</td><td>PROMIS fatigue - version 1.0 Tscore</td></tr><tr><td style=\"white-space:nowrap\"><a name=\"x-http://loinc.org-77851-4\"> </a>\u00a0\u00a0<a href=\"https://loinc.org/77851-4/\">77851-4</a></td><td>http://loinc.org</td><td>PROMIS informational support - version 2.0 Tscore</td></tr><tr><td style=\"white-space:nowrap\"><a name=\"x-http://loinc.org-77850-6\"> </a>\u00a0\u00a0<a href=\"https://loinc.org/77850-6/\">77850-6</a></td><td>http://loinc.org</td><td>PROMIS instrumental support - version 2.0 Tscore</td></tr><tr><td style=\"white-space:nowrap\"><a name=\"x-http://loinc.org-91614-8\"> </a>\u00a0\u00a0<a href=\"https://loinc.org/91614-8/\">91614-8</a></td><td>http://loinc.org</td><td>PROMIS mobility - version 2.0 T-score</td></tr><tr><td style=\"white-space:nowrap\"><a name=\"x-http://loinc.org-77856-3\"> </a>\u00a0\u00a0<a href=\"https://loinc.org/77856-3/\">77856-3</a></td><td>http://loinc.org</td><td>PROMIS pain behavior - version 1.0 Tscore</td></tr><tr><td style=\"white-space:nowrap\"><a name=\"x-http://loinc.org-77865-4\"> </a>\u00a0\u00a0<a href=\"https://loinc.org/77865-4/\">77865-4</a></td><td>http://loinc.org</td><td>PROMIS pain interference - version 1.0 Tscore</td></tr><tr><td style=\"white-space:nowrap\"><a name=\"x-http://loinc.org-91721-1\"> </a>\u00a0\u00a0<a href=\"https://loinc.org/91721-1/\">91721-1</a></td><td>http://loinc.org</td><td>PROMIS physical function - version 2.0 T-score</td></tr><tr><td style=\"white-space:nowrap\"><a name=\"x-http://loinc.org-77855-5\"> </a>\u00a0\u00a0<a href=\"https://loinc.org/77855-5/\">77855-5</a></td><td>http://loinc.org</td><td>PROMIS satisfaction with social roles and activities - version 2.0 Tscore</td></tr><tr><td style=\"white-space:nowrap\"><a name=\"x-http://loinc.org-92391-2\"> </a>\u00a0\u00a0<a href=\"https://loinc.org/92391-2/\">92391-2</a></td><td>http://loinc.org</td><td>PROMIS self-efficacy for managing daliy activities - version 1.0 T-score</td></tr><tr><td style=\"white-space:nowrap\"><a name=\"x-http://loinc.org-92329-2\"> </a>\u00a0\u00a0<a href=\"https://loinc.org/92329-2/\">92329-2</a></td><td>http://loinc.org</td><td>PROMIS self-efficacy for managing emotions - version 1.0 T-score</td></tr><tr><td style=\"white-space:nowrap\"><a name=\"x-http://loinc.org-92418-3\"> </a>\u00a0\u00a0<a href=\"https://loinc.org/92418-3/\">92418-3</a></td><td>http://loinc.org</td><td>PROMIS self-efficacy for managing medications and treatments - version 1.0 T-score</td></tr><tr><td style=\"white-space:nowrap\"><a name=\"x-http://loinc.org-92448-0\"> </a>\u00a0\u00a0<a href=\"https://loinc.org/92448-0/\">92448-0</a></td><td>http://loinc.org</td><td>PROMIS self-efficacy for managing symptoms - version 1.0 T-score</td></tr><tr><td style=\"white-space:nowrap\"><a name=\"x-http://loinc.org-77859-7\"> </a>\u00a0\u00a0<a href=\"https://loinc.org/77859-7/\">77859-7</a></td><td>http://loinc.org</td><td>PROMIS sleep related impairment - version 1.0 Tscore</td></tr><tr><td style=\"white-space:nowrap\"><a name=\"x-http://loinc.org-92266-6\"> </a>\u00a0\u00a0<a href=\"https://loinc.org/92266-6/\">92266-6</a></td><td>http://loinc.org</td><td>PROMIS smoking - negative health expectancies for all smokers - version 1.0 T-score</td></tr><tr><td style=\"white-space:nowrap\"><a name=\"x-http://loinc.org-92305-2\"> </a>\u00a0\u00a0<a href=\"https://loinc.org/92305-2/\">92305-2</a></td><td>http://loinc.org</td><td>PROMIS smoking - nicotine dependence for all smokers - version 1.0 T-score</td></tr><tr><td style=\"white-space:nowrap\"><a name=\"x-http://loinc.org-77849-8\"> </a>\u00a0\u00a0<a href=\"https://loinc.org/77849-8/\">77849-8</a></td><td>http://loinc.org</td><td>PROMIS social isolation - version 2.0 Tscore</td></tr><tr><td style=\"white-space:nowrap\"><a name=\"x-http://loinc.org-92213-8\"> </a>\u00a0\u00a0<a href=\"https://loinc.org/92213-8/\">92213-8</a></td><td>http://loinc.org</td><td>PROMIS smoking - coping expectancies for all smokers - version 1.0 T-score</td></tr><tr><td style=\"white-space:nowrap\"><a name=\"x-http://loinc.org-89676-1\"> </a>\u00a0\u00a0<a href=\"https://loinc.org/89676-1/\">89676-1</a></td><td>http://loinc.org</td><td>PROMIS cancer fatigue - version 1.0 T-score</td></tr><tr><td style=\"white-space:nowrap\"><a name=\"x-http://loinc.org-71969-0\"> </a>\u00a0\u00a0<a href=\"https://loinc.org/71969-0/\">71969-0</a></td><td>http://loinc.org</td><td>PROMIS-10 Global Mental Health (GMH) score T-score</td></tr><tr><td style=\"white-space:nowrap\"><a name=\"x-http://loinc.org-71971-6\"> </a>\u00a0\u00a0<a href=\"https://loinc.org/71971-6/\">71971-6</a></td><td>http://loinc.org</td><td>PROMIS-10 Global Physical Health (GPH) score T-score</td></tr><tr><td style=\"white-space:nowrap\"><a name=\"x-http://loinc.org-71955-9\"> </a>\u00a0\u00a0<a href=\"https://loinc.org/71955-9/\">71955-9</a></td><td>http://loinc.org</td><td>PROMIS-29 Sleep disturbance score T-score</td></tr><tr><td style=\"white-space:nowrap\"><a name=\"x-http://loinc.org-71957-5\"> </a>\u00a0\u00a0<a href=\"https://loinc.org/71957-5/\">71957-5</a></td><td>http://loinc.org</td><td>PROMIS-29 Satisfaction with participation in social roles score T-score</td></tr><tr><td style=\"white-space:nowrap\"><a name=\"x-http://loinc.org-71959-1\"> </a>\u00a0\u00a0<a href=\"https://loinc.org/71959-1/\">71959-1</a></td><td>http://loinc.org</td><td>PROMIS-29 Physical function score T-score</td></tr><tr><td style=\"white-space:nowrap\"><a name=\"x-http://loinc.org-71961-7\"> </a>\u00a0\u00a0<a href=\"https://loinc.org/71961-7/\">71961-7</a></td><td>http://loinc.org</td><td>PROMIS-29 Pain interference score T-score</td></tr><tr><td style=\"white-space:nowrap\"><a name=\"x-http://loinc.org-71963-3\"> </a>\u00a0\u00a0<a href=\"https://loinc.org/71963-3/\">71963-3</a></td><td>http://loinc.org</td><td>PROMIS-29 Fatigue score T-score</td></tr></table></div>"
      },
      "url" : "http://hl7.org/fhir/us/pco/ValueSet/prom-target-measures",
      "version" : "0.2.0",
      "name" : "PROMTargetMeasures",
      "title" : "PROM Target Measure Scores",
      "status" : "draft",
      "experimental" : false,
      "date" : "2025-02-03T23:01:50+00:00",
      "jurisdiction" : [{
        "coding" : [{
          "system" : "urn:iso:std:iso:3166",
          "code" : "US"
        }]
      }],
      "expansion" : {
        "identifier" : "urn:uuid:72b2f467-3096-4242-8ce7-814bb1d96782",
        "timestamp" : "2025-02-03T23:03:23+00:00",
        "total" : 34,
        "offset" : 0,
        "parameter" : [{
          "name" : "count",
          "valueInteger" : 1000
        },
        {
          "name" : "offset",
          "valueInteger" : 0
        },
        {
          "name" : "excludeNested",
          "valueBoolean" : false
        },
        {
          "name" : "used-valueset",
          "valueUri" : "null"
        },
        {
          "name" : "used-codesystem",
          "valueUri" : "http://loinc.org|2.78"
        },
        {
          "name" : "version",
          "valueUri" : "http://loinc.org|2.78"
        }],
        "contains" : [{
          "system" : "http://loinc.org",
          "code" : "70274-6",
          "display" : "Generalized anxiety disorder 7 item (GAD-7) total score [Reported.PHQ]"
        },
        {
          "system" : "http://loinc.org",
          "code" : "44261-6",
          "display" : "Patient Health Questionnaire 9 item (PHQ-9) total score [Reported]"
        },
        {
          "system" : "http://loinc.org",
          "code" : "77854-8",
          "display" : "PROMIS ability to participate in social roles and activities - version 2.0 Tscore"
        },
        {
          "system" : "http://loinc.org",
          "code" : "77848-0",
          "display" : "PROMIS alcohol - alcohol use - version 1.0 Tscore"
        },
        {
          "system" : "http://loinc.org",
          "code" : "89921-1",
          "display" : "PROMIS anger - version 1.1 T-score"
        },
        {
          "system" : "http://loinc.org",
          "code" : "77862-1",
          "display" : "PROMIS emotional distress - anxiety - version 1.0 Tscore"
        },
        {
          "system" : "http://loinc.org",
          "code" : "81531-6",
          "display" : "PROMIS short form - cognitive function 8a - version 2.0 raw score"
        },
        {
          "system" : "http://loinc.org",
          "code" : "71965-8",
          "display" : "PROMIS-29 Depression score T-score"
        },
        {
          "system" : "http://loinc.org",
          "code" : "92149-4",
          "display" : "PROMIS dyspnea severity - version 1.0 T-score"
        },
        {
          "system" : "http://loinc.org",
          "code" : "77864-7",
          "display" : "PROMIS fatigue - version 1.0 Tscore"
        },
        {
          "system" : "http://loinc.org",
          "code" : "77851-4",
          "display" : "PROMIS informational support - version 2.0 Tscore"
        },
        {
          "system" : "http://loinc.org",
          "code" : "77850-6",
          "display" : "PROMIS instrumental support - version 2.0 Tscore"
        },
        {
          "system" : "http://loinc.org",
          "code" : "91614-8",
          "display" : "PROMIS mobility - version 2.0 T-score"
        },
        {
          "system" : "http://loinc.org",
          "code" : "77856-3",
          "display" : "PROMIS pain behavior - version 1.0 Tscore"
        },
        {
          "system" : "http://loinc.org",
          "code" : "77865-4",
          "display" : "PROMIS pain interference - version 1.0 Tscore"
        },
        {
          "system" : "http://loinc.org",
          "code" : "91721-1",
          "display" : "PROMIS physical function - version 2.0 T-score"
        },
        {
          "system" : "http://loinc.org",
          "code" : "77855-5",
          "display" : "PROMIS satisfaction with social roles and activities - version 2.0 Tscore"
        },
        {
          "system" : "http://loinc.org",
          "code" : "92391-2",
          "display" : "PROMIS self-efficacy for managing daliy activities - version 1.0 T-score"
        },
        {
          "system" : "http://loinc.org",
          "code" : "92329-2",
          "display" : "PROMIS self-efficacy for managing emotions - version 1.0 T-score"
        },
        {
          "system" : "http://loinc.org",
          "code" : "92418-3",
          "display" : "PROMIS self-efficacy for managing medications and treatments - version 1.0 T-score"
        },
        {
          "system" : "http://loinc.org",
          "code" : "92448-0",
          "display" : "PROMIS self-efficacy for managing symptoms - version 1.0 T-score"
        },
        {
          "system" : "http://loinc.org",
          "code" : "77859-7",
          "display" : "PROMIS sleep related impairment - version 1.0 Tscore"
        },
        {
          "system" : "http://loinc.org",
          "code" : "92266-6",
          "display" : "PROMIS smoking - negative health expectancies for all smokers - version 1.0 T-score"
        },
        {
          "system" : "http://loinc.org",
          "code" : "92305-2",
          "display" : "PROMIS smoking - nicotine dependence for all smokers - version 1.0 T-score"
        },
        {
          "system" : "http://loinc.org",
          "code" : "77849-8",
          "display" : "PROMIS social isolation - version 2.0 Tscore"
        },
        {
          "system" : "http://loinc.org",
          "code" : "92213-8",
          "display" : "PROMIS smoking - coping expectancies for all smokers - version 1.0 T-score"
        },
        {
          "system" : "http://loinc.org",
          "code" : "89676-1",
          "display" : "PROMIS cancer fatigue - version 1.0 T-score"
        },
        {
          "system" : "http://loinc.org",
          "code" : "71969-0",
          "display" : "PROMIS-10 Global Mental Health (GMH) score T-score"
        },
        {
          "system" : "http://loinc.org",
          "code" : "71971-6",
          "display" : "PROMIS-10 Global Physical Health (GPH) score T-score"
        },
        {
          "system" : "http://loinc.org",
          "code" : "71955-9",
          "display" : "PROMIS-29 Sleep disturbance score T-score"
        },
        {
          "system" : "http://loinc.org",
          "code" : "71957-5",
          "display" : "PROMIS-29 Satisfaction with participation in social roles score T-score"
        },
        {
          "system" : "http://loinc.org",
          "code" : "71959-1",
          "display" : "PROMIS-29 Physical function score T-score"
        },
        {
          "system" : "http://loinc.org",
          "code" : "71961-7",
          "display" : "PROMIS-29 Pain interference score T-score"
        },
        {
          "system" : "http://loinc.org",
          "code" : "71963-3",
          "display" : "PROMIS-29 Fatigue score T-score"
        }]
      }
    }
  },
  {
    "fullUrl" : "http://hl7.org/fhir/us/pco/ValueSet/readiness-assessment-codes",
    "resource" : {
      "resourceType" : "ValueSet",
      "text" : {
        "status" : "generated",
        "div" : "<div xmlns=\"http://www.w3.org/1999/xhtml\"><p class=\"res-header-id\"><b>Generated Narrative: ValueSet </b></p><p style=\"border: black 1px dotted; background-color: #EEEEEE; padding: 8px; margin-bottom: 8px\">Expansion done internally based on <a href=\"CodeSystem-readiness-assessment-concepts.html\">codesystem Readiness Assessment Concepts v0.2.0 (CodeSystem)</a></p><p>This value set contains 3 concepts</p><table class=\"codes\"><tr><td style=\"white-space:nowrap\"><b>Code</b></td><td><b>System</b></td><td><b>Display</b></td><td><b>Definition</b></td></tr><tr><td style=\"white-space:nowrap\"><a name=\"x-http://hl7.org/fhir/us/pco/CodeSystem/readiness-assessment-concepts-readiness-assessment\"> </a>\u00a0\u00a0<a href=\"CodeSystem-readiness-assessment-concepts.html#readiness-assessment-concepts-readiness-assessment\">readiness-assessment</a></td><td>http://hl7.org/fhir/us/pco/CodeSystem/readiness-assessment-concepts</td><td>Readiness assessment</td><td><div><p>Panel code for readiness scales</p>\n</div></td></tr><tr><td style=\"white-space:nowrap\"><a name=\"x-http://hl7.org/fhir/us/pco/CodeSystem/readiness-assessment-concepts-importance\"> </a>\u00a0\u00a0<a href=\"CodeSystem-readiness-assessment-concepts.html#readiness-assessment-concepts-importance\">importance</a></td><td>http://hl7.org/fhir/us/pco/CodeSystem/readiness-assessment-concepts</td><td>Importance of change</td><td><div/></td></tr><tr><td style=\"white-space:nowrap\"><a name=\"x-http://hl7.org/fhir/us/pco/CodeSystem/readiness-assessment-concepts-confidence\"> </a>\u00a0\u00a0<a href=\"CodeSystem-readiness-assessment-concepts.html#readiness-assessment-concepts-confidence\">confidence</a></td><td>http://hl7.org/fhir/us/pco/CodeSystem/readiness-assessment-concepts</td><td>Confidence to change</td><td><div/></td></tr></table></div>"
      },
      "url" : "http://hl7.org/fhir/us/pco/ValueSet/readiness-assessment-codes",
      "version" : "0.2.0",
      "name" : "ReadinessAssessmentType",
      "title" : "Readiness Assessment Codes",
      "status" : "draft",
      "experimental" : false,
      "date" : "2025-02-03T23:01:50+00:00",
      "jurisdiction" : [{
        "coding" : [{
          "system" : "urn:iso:std:iso:3166",
          "code" : "US"
        }]
      }],
      "expansion" : {
        "identifier" : "urn:uuid:303a979b-c983-46f0-90c4-a58c41cab333",
        "timestamp" : "2025-02-03T23:03:24+00:00",
        "total" : 3,
        "offset" : 0,
        "parameter" : [{
          "name" : "count",
          "valueInteger" : 1000
        },
        {
          "name" : "offset",
          "valueInteger" : 0
        },
        {
          "name" : "excludeNested",
          "valueBoolean" : false
        },
        {
          "name" : "used-codesystem",
          "valueUri" : "http://hl7.org/fhir/us/pco/CodeSystem/readiness-assessment-concepts|0.2.0"
        }],
        "contains" : [{
          "system" : "http://hl7.org/fhir/us/pco/CodeSystem/readiness-assessment-concepts",
          "code" : "readiness-assessment",
          "display" : "Readiness assessment"
        },
        {
          "system" : "http://hl7.org/fhir/us/pco/CodeSystem/readiness-assessment-concepts",
          "code" : "importance",
          "display" : "Importance of change"
        },
        {
          "system" : "http://hl7.org/fhir/us/pco/CodeSystem/readiness-assessment-concepts",
          "code" : "confidence",
          "display" : "Confidence to change"
        }]
      }
    }
  },
  {
    "fullUrl" : "http://hl7.org/fhir/us/pco/ValueSet/wellbeing-domains-example",
    "resource" : {
      "resourceType" : "ValueSet",
      "text" : {
        "status" : "generated",
        "div" : "<div xmlns=\"http://www.w3.org/1999/xhtml\"><p class=\"res-header-id\"><b>Generated Narrative: ValueSet </b></p><p style=\"border: black 1px dotted; background-color: #EEEEEE; padding: 8px; margin-bottom: 8px\">Expansion done internally based on <a href=\"CodeSystem-va-whole-health-example.html\">codesystem VA Whole Health Concepts v0.2.0 (CodeSystem)</a></p><p>This value set contains 9 concepts</p><table class=\"codes\"><tr><td style=\"white-space:nowrap\"><b>Code</b></td><td><b>System</b></td><td><b>Display</b></td><td><b>Definition</b></td></tr><tr><td style=\"white-space:nowrap\"><a name=\"x-http://hl7.org/fhir/us/pco/CodeSystem/va-whole-health-example-body\"> </a>\u00a0\u00a0<a href=\"CodeSystem-va-whole-health-example.html#va-whole-health-example-body\">body</a></td><td>http://hl7.org/fhir/us/pco/CodeSystem/va-whole-health-example</td><td>Moving the Body</td><td><div><p>Our physical, mental, and emotional health are impacted by the amount and kind of movement we do. Moving the body can take many forms such as dancing, walking, gardening, yoga, and exercise.</p>\n</div></td></tr><tr><td style=\"white-space:nowrap\"><a name=\"x-http://hl7.org/fhir/us/pco/CodeSystem/va-whole-health-example-mind\"> </a>\u00a0\u00a0<a href=\"CodeSystem-va-whole-health-example.html#va-whole-health-example-mind\">mind</a></td><td>http://hl7.org/fhir/us/pco/CodeSystem/va-whole-health-example</td><td>Power of the Mind</td><td><div><p>Our thoughts are powerful and can affect our physical, mental, and emotional health. Changing our mindset can aid in healing and coping. Breathing techniques, guided imagery, Tai Chi, yoga, or gratitude can buffer the impact of stress and other emotions.</p>\n</div></td></tr><tr><td style=\"white-space:nowrap\"><a name=\"x-http://hl7.org/fhir/us/pco/CodeSystem/va-whole-health-example-nourishment\"> </a>\u00a0\u00a0<a href=\"CodeSystem-va-whole-health-example.html#va-whole-health-example-nourishment\">nourishment</a></td><td>http://hl7.org/fhir/us/pco/CodeSystem/va-whole-health-example</td><td>Food &amp; Drink</td><td><div><p>What we eat and drink can have a huge effect on how we experience life, both physically and mentally. Energy, mood, weight, how long we live, and overall health are all impacted by what and how we choose to eat and drink.</p>\n</div></td></tr><tr><td style=\"white-space:nowrap\"><a name=\"x-http://hl7.org/fhir/us/pco/CodeSystem/va-whole-health-example-recharge\"> </a>\u00a0\u00a0<a href=\"CodeSystem-va-whole-health-example.html#va-whole-health-example-recharge\">recharge</a></td><td>http://hl7.org/fhir/us/pco/CodeSystem/va-whole-health-example</td><td>Recharge</td><td><div><p>Our bodies and minds must rest and recharge in order to optimize our health. Getting a good night's rest, as well as recharging our mental and physical energy throughout the day, are vital to well-being. Taking short breaks or doing something you enjoy or feels good for moments throughout the day are examples of ways to refresh.</p>\n</div></td></tr><tr><td style=\"white-space:nowrap\"><a name=\"x-http://hl7.org/fhir/us/pco/CodeSystem/va-whole-health-example-surroundings\"> </a>\u00a0\u00a0<a href=\"CodeSystem-va-whole-health-example.html#va-whole-health-example-surroundings\">surroundings</a></td><td>http://hl7.org/fhir/us/pco/CodeSystem/va-whole-health-example</td><td>Surroundings</td><td><div><p>Our surroundings, both at work and where we live, indoors and out, can affect our health and outlook on life. Changes within our control such as organizing, decluttering, adding a plant or artwork can improve mood and health.</p>\n</div></td></tr><tr><td style=\"white-space:nowrap\"><a name=\"x-http://hl7.org/fhir/us/pco/CodeSystem/va-whole-health-example-personal-development\"> </a>\u00a0\u00a0<a href=\"CodeSystem-va-whole-health-example.html#va-whole-health-example-personal-development\">personal-development</a></td><td>http://hl7.org/fhir/us/pco/CodeSystem/va-whole-health-example</td><td>Personal Development</td><td><div><p>Our health is impacted by how we choose to spend our time. Aligning our work and personal activities with what really matters to us, or what brings us joy, can have a big effect on our health and outlook on life.</p>\n</div></td></tr><tr><td style=\"white-space:nowrap\"><a name=\"x-http://hl7.org/fhir/us/pco/CodeSystem/va-whole-health-example-spirit-and-soul\"> </a>\u00a0\u00a0<a href=\"CodeSystem-va-whole-health-example.html#va-whole-health-example-spirit-and-soul\">spirit-and-soul</a></td><td>http://hl7.org/fhir/us/pco/CodeSystem/va-whole-health-example</td><td>Spirit &amp; Soul</td><td><div><p>Connecting with something greater than ourselves may provide a sense of meaning and purpose, peace, or comfort. Connecting and aligning spiritually is very individual and may take the form of religious affiliation, connection to nature, or engaging in things like music or art.</p>\n</div></td></tr><tr><td style=\"white-space:nowrap\"><a name=\"x-http://hl7.org/fhir/us/pco/CodeSystem/va-whole-health-example-relationships\"> </a>\u00a0\u00a0<a href=\"CodeSystem-va-whole-health-example.html#va-whole-health-example-relationships\">relationships</a></td><td>http://hl7.org/fhir/us/pco/CodeSystem/va-whole-health-example</td><td>Family, Friends &amp; Co-Workers</td><td><div><p>Our relationships, including those with pets, have as significant an effect on our physical and emotional health as any other factor associated with well-being. Spending more time in relationships that &quot;fuel&quot; us and less in relationships that &quot;drain&quot; us is one potential option. Improving our relationship skills or creating new relationships through community activities are other options to consider.</p>\n</div></td></tr><tr><td style=\"white-space:nowrap\"><a name=\"x-http://hl7.org/fhir/us/pco/CodeSystem/va-whole-health-example-professional-care\"> </a>\u00a0\u00a0<a href=\"CodeSystem-va-whole-health-example.html#va-whole-health-example-professional-care\">professional-care</a></td><td>http://hl7.org/fhir/us/pco/CodeSystem/va-whole-health-example</td><td>Professional Care</td><td><div><p>Staying up to date on prevention and understanding your health concerns, care options, treatment plan, and their role in your health.</p>\n</div></td></tr></table></div>"
      },
      "url" : "http://hl7.org/fhir/us/pco/ValueSet/wellbeing-domains-example",
      "version" : "0.2.0",
      "name" : "WellBeingDomainValueSet",
      "title" : "Well-Being Domains Example",
      "status" : "draft",
      "experimental" : false,
      "date" : "2025-02-03T23:01:50+00:00",
      "jurisdiction" : [{
        "coding" : [{
          "system" : "urn:iso:std:iso:3166",
          "code" : "US"
        }]
      }],
      "expansion" : {
        "identifier" : "urn:uuid:547007d0-b9df-477f-bf4a-56a7d360f65c",
        "timestamp" : "2025-02-03T23:03:24+00:00",
        "total" : 9,
        "offset" : 0,
        "parameter" : [{
          "name" : "count",
          "valueInteger" : 1000
        },
        {
          "name" : "offset",
          "valueInteger" : 0
        },
        {
          "name" : "excludeNested",
          "valueBoolean" : false
        },
        {
          "name" : "used-codesystem",
          "valueUri" : "http://hl7.org/fhir/us/pco/CodeSystem/va-whole-health-example|0.2.0"
        }],
        "contains" : [{
          "system" : "http://hl7.org/fhir/us/pco/CodeSystem/va-whole-health-example",
          "code" : "body",
          "display" : "Moving the Body"
        },
        {
          "system" : "http://hl7.org/fhir/us/pco/CodeSystem/va-whole-health-example",
          "code" : "mind",
          "display" : "Power of the Mind"
        },
        {
          "system" : "http://hl7.org/fhir/us/pco/CodeSystem/va-whole-health-example",
          "code" : "nourishment",
          "display" : "Food & Drink"
        },
        {
          "system" : "http://hl7.org/fhir/us/pco/CodeSystem/va-whole-health-example",
          "code" : "recharge",
          "display" : "Recharge"
        },
        {
          "system" : "http://hl7.org/fhir/us/pco/CodeSystem/va-whole-health-example",
          "code" : "surroundings",
          "display" : "Surroundings"
        },
        {
          "system" : "http://hl7.org/fhir/us/pco/CodeSystem/va-whole-health-example",
          "code" : "personal-development",
          "display" : "Personal Development"
        },
        {
          "system" : "http://hl7.org/fhir/us/pco/CodeSystem/va-whole-health-example",
          "code" : "spirit-and-soul",
          "display" : "Spirit & Soul"
        },
        {
          "system" : "http://hl7.org/fhir/us/pco/CodeSystem/va-whole-health-example",
          "code" : "relationships",
          "display" : "Family, Friends & Co-Workers"
        },
        {
          "system" : "http://hl7.org/fhir/us/pco/CodeSystem/va-whole-health-example",
          "code" : "professional-care",
          "display" : "Professional Care"
        }]
      }
    }
  }]
}