{
  "resourceType" : "Bundle",
  "id" : "e29a2581-626e-458f-a807-f2313f4e2092",
  "meta" : {
    "lastUpdated" : "2024-08-13T17:00:10.743+00:00"
  },
  "type" : "collection",
  "entry" : [{
    "fullUrl" : "http://mtnlotus.com/uv/pco/ValueSet/caregiver-gas-followup-vs",
    "resource" : {
      "resourceType" : "ValueSet",
      "text" : {
        "status" : "generated",
        "div" : "<div xmlns=\"http://www.w3.org/1999/xhtml\"><p class=\"res-header-id\"><b>Generated Narrative: ValueSet </b></p><p style=\"border: black 1px dotted; background-color: #EEEEEE; padding: 8px; margin-bottom: 8px\">Expansion based on Loinc v2.77</p><p>This value set contains 0 concepts</p><table class=\"codes\"><tr><td style=\"white-space:nowrap\"><b>Code</b></td><td><b>System</b></td><td><b>Display</b></td></tr></table></div>"
      },
      "url" : "http://mtnlotus.com/uv/pco/ValueSet/caregiver-gas-followup-vs",
      "version" : "0.1.0",
      "name" : "CaregiverGASFollowupVS",
      "title" : "Caregiver Follow-Up GAS Score",
      "status" : "draft",
      "experimental" : false,
      "date" : "2024-08-13T17:00:10+00:00",
      "jurisdiction" : [{
        "coding" : [{
          "system" : "http://unstats.un.org/unsd/methods/m49/m49.htm",
          "code" : "001",
          "display" : "World"
        }]
      }],
      "expansion" : {
        "identifier" : "urn:uuid:01b6f8cd-7a79-4ce6-b628-0eee845d3d8a",
        "timestamp" : "2024-08-13T17:01:10+00:00",
        "total" : 0,
        "offset" : 0,
        "parameter" : [{
          "name" : "count",
          "valueInteger" : 1000
        },
        {
          "name" : "offset",
          "valueInteger" : 0
        },
        {
          "name" : "excludeNested",
          "valueBoolean" : false
        },
        {
          "name" : "used-valueset",
          "valueUri" : "null"
        },
        {
          "name" : "used-codesystem",
          "valueUri" : "http://loinc.org|2.77"
        },
        {
          "name" : "version",
          "valueUri" : "http://loinc.org|2.77"
        }]
      }
    }
  },
  {
    "fullUrl" : "http://mtnlotus.com/uv/pco/ValueSet/patient-gas-followup-vs",
    "resource" : {
      "resourceType" : "ValueSet",
      "text" : {
        "status" : "generated",
        "div" : "<div xmlns=\"http://www.w3.org/1999/xhtml\"><p class=\"res-header-id\"><b>Generated Narrative: ValueSet </b></p><p style=\"border: black 1px dotted; background-color: #EEEEEE; padding: 8px; margin-bottom: 8px\">Expansion based on Loinc v2.77</p><p>This value set contains 0 concepts</p><table class=\"codes\"><tr><td style=\"white-space:nowrap\"><b>Code</b></td><td><b>System</b></td><td><b>Display</b></td></tr></table></div>"
      },
      "url" : "http://mtnlotus.com/uv/pco/ValueSet/patient-gas-followup-vs",
      "version" : "0.1.0",
      "name" : "PatientGASFollowupVS",
      "title" : "Patient Follow-Up GAS Score",
      "status" : "draft",
      "experimental" : false,
      "date" : "2024-08-13T17:00:10+00:00",
      "jurisdiction" : [{
        "coding" : [{
          "system" : "http://unstats.un.org/unsd/methods/m49/m49.htm",
          "code" : "001",
          "display" : "World"
        }]
      }],
      "expansion" : {
        "identifier" : "urn:uuid:0b9772f6-b9ab-43e6-a9f2-963c1877e0f8",
        "timestamp" : "2024-08-13T17:01:10+00:00",
        "total" : 0,
        "offset" : 0,
        "parameter" : [{
          "name" : "count",
          "valueInteger" : 1000
        },
        {
          "name" : "offset",
          "valueInteger" : 0
        },
        {
          "name" : "excludeNested",
          "valueBoolean" : false
        },
        {
          "name" : "used-valueset",
          "valueUri" : "null"
        },
        {
          "name" : "used-codesystem",
          "valueUri" : "http://loinc.org|2.77"
        },
        {
          "name" : "version",
          "valueUri" : "http://loinc.org|2.77"
        }]
      }
    }
  },
  {
    "fullUrl" : "http://mtnlotus.com/uv/pco/ValueSet/pco-category-valueset",
    "resource" : {
      "resourceType" : "ValueSet",
      "text" : {
        "status" : "generated",
        "div" : "<div xmlns=\"http://www.w3.org/1999/xhtml\"><p class=\"res-header-id\"><b>Generated Narrative: ValueSet </b></p><p style=\"border: black 1px dotted; background-color: #EEEEEE; padding: 8px; margin-bottom: 8px\">Expansion based on <a href=\"CodeSystem-pco-category-codes-example.html\">codesystem Category Code Examples v0.1.0 (CodeSystem)</a></p><p>This value set contains 12 concepts</p><table class=\"codes\"><tr><td style=\"white-space:nowrap\"><b>Code</b></td><td><b>System</b></td><td><b>Display</b></td><td><b>Definition</b></td></tr><tr><td style=\"white-space:nowrap\"><a name=\"x-http://mtnlotus.com/uv/pco/CodeSystem/pco-category-codes-example-housing\"> </a>\u00a0\u00a0<a href=\"CodeSystem-pco-category-codes-example.html#pco-category-codes-example-housing\">housing</a></td><td>http://mtnlotus.com/uv/pco/CodeSystem/pco-category-codes-example</td><td>Housing</td><td><div><p>Having acceptable housing that is appropriate for a person's needs.</p>\n</div></td></tr><tr><td style=\"white-space:nowrap\"><a name=\"x-http://mtnlotus.com/uv/pco/CodeSystem/pco-category-codes-example-access-to-services\"> </a>\u00a0\u00a0<a href=\"CodeSystem-pco-category-codes-example.html#pco-category-codes-example-access-to-services\">access-to-services</a></td><td>http://mtnlotus.com/uv/pco/CodeSystem/pco-category-codes-example</td><td>Access To Services</td><td><div><p>Ability to access, afford, and utilize appropriate health and community resources. Includes access to transportation, stable food resources, and assistance with financial concerns.</p>\n</div></td></tr><tr><td style=\"white-space:nowrap\"><a name=\"x-http://mtnlotus.com/uv/pco/CodeSystem/pco-category-codes-example-caregiver-needs\"> </a>\u00a0\u00a0<a href=\"CodeSystem-pco-category-codes-example.html#pco-category-codes-example-caregiver-needs\">caregiver-needs</a></td><td>http://mtnlotus.com/uv/pco/CodeSystem/pco-category-codes-example</td><td>Caregiver Needs</td><td><div/></td></tr><tr><td style=\"white-space:nowrap\"><a name=\"x-http://mtnlotus.com/uv/pco/CodeSystem/pco-category-codes-example-end-of-life\"> </a>\u00a0\u00a0<a href=\"CodeSystem-pco-category-codes-example.html#pco-category-codes-example-end-of-life\">end-of-life</a></td><td>http://mtnlotus.com/uv/pco/CodeSystem/pco-category-codes-example</td><td>End Of Life</td><td><div><p>Planning for end-of-life care and desires to reduce burden on family or others.</p>\n</div></td></tr><tr><td style=\"white-space:nowrap\"><a name=\"x-http://mtnlotus.com/uv/pco/CodeSystem/pco-category-codes-example-independence\"> </a>\u00a0\u00a0<a href=\"CodeSystem-pco-category-codes-example.html#pco-category-codes-example-independence\">independence</a></td><td>http://mtnlotus.com/uv/pco/CodeSystem/pco-category-codes-example</td><td>Independence</td><td><div><p>Ability to live independently without help or assistance from others.</p>\n</div></td></tr><tr><td style=\"white-space:nowrap\"><a name=\"x-http://mtnlotus.com/uv/pco/CodeSystem/pco-category-codes-example-legal\"> </a>\u00a0\u00a0<a href=\"CodeSystem-pco-category-codes-example.html#pco-category-codes-example-legal\">legal</a></td><td>http://mtnlotus.com/uv/pco/CodeSystem/pco-category-codes-example</td><td>Legal</td><td><div><p>Having adequate support for legal issues such as child custody, medical power of attorney, etc.</p>\n</div></td></tr><tr><td style=\"white-space:nowrap\"><a name=\"x-http://mtnlotus.com/uv/pco/CodeSystem/pco-category-codes-example-managing-conditions\"> </a>\u00a0\u00a0<a href=\"CodeSystem-pco-category-codes-example.html#pco-category-codes-example-managing-conditions\">managing-conditions</a></td><td>http://mtnlotus.com/uv/pco/CodeSystem/pco-category-codes-example</td><td>Managing Conditions</td><td><div><p>Satisfaction with health care received or desired, and experiences with providers and the health care system.</p>\n</div></td></tr><tr><td style=\"white-space:nowrap\"><a name=\"x-http://mtnlotus.com/uv/pco/CodeSystem/pco-category-codes-example-medication-management\"> </a>\u00a0\u00a0<a href=\"CodeSystem-pco-category-codes-example.html#pco-category-codes-example-medication-management\">medication-management</a></td><td>http://mtnlotus.com/uv/pco/CodeSystem/pco-category-codes-example</td><td>Medication Management</td><td><div><p>Satisfaction with ability to manage medications.</p>\n</div></td></tr><tr><td style=\"white-space:nowrap\"><a name=\"x-http://mtnlotus.com/uv/pco/CodeSystem/pco-category-codes-example-improving-health-and-wellness\"> </a>\u00a0\u00a0<a href=\"CodeSystem-pco-category-codes-example.html#pco-category-codes-example-improving-health-and-wellness\">improving-health-and-wellness</a></td><td>http://mtnlotus.com/uv/pco/CodeSystem/pco-category-codes-example</td><td>Improving Health And Wellness</td><td><div><p>Ability to develop, improve and maintain positive health and wellness habits.</p>\n</div></td></tr><tr><td style=\"white-space:nowrap\"><a name=\"x-http://mtnlotus.com/uv/pco/CodeSystem/pco-category-codes-example-physical-function\"> </a>\u00a0\u00a0<a href=\"CodeSystem-pco-category-codes-example.html#pco-category-codes-example-physical-function\">physical-function</a></td><td>http://mtnlotus.com/uv/pco/CodeSystem/pco-category-codes-example</td><td>Physical Function</td><td><div><p>Ability to manage physical functioning, physical symptoms or conditions, and improve or maintain ability to participate in physical activities.</p>\n</div></td></tr><tr><td style=\"white-space:nowrap\"><a name=\"x-http://mtnlotus.com/uv/pco/CodeSystem/pco-category-codes-example-social-functioning\"> </a>\u00a0\u00a0<a href=\"CodeSystem-pco-category-codes-example.html#pco-category-codes-example-social-functioning\">social-functioning</a></td><td>http://mtnlotus.com/uv/pco/CodeSystem/pco-category-codes-example</td><td>Social Functioning</td><td><div/></td></tr><tr><td style=\"white-space:nowrap\"><a name=\"x-http://mtnlotus.com/uv/pco/CodeSystem/pco-category-codes-example-emotional-and-mental-health\"> </a>\u00a0\u00a0<a href=\"CodeSystem-pco-category-codes-example.html#pco-category-codes-example-emotional-and-mental-health\">emotional-and-mental-health</a></td><td>http://mtnlotus.com/uv/pco/CodeSystem/pco-category-codes-example</td><td>Emotional And Mental Health</td><td><div/></td></tr></table></div>"
      },
      "url" : "http://mtnlotus.com/uv/pco/ValueSet/pco-category-valueset",
      "version" : "0.1.0",
      "name" : "PCOCategoryValueSet",
      "title" : "PCO Categories",
      "status" : "draft",
      "date" : "2024-08-13T17:00:10+00:00",
      "jurisdiction" : [{
        "coding" : [{
          "system" : "http://unstats.un.org/unsd/methods/m49/m49.htm",
          "code" : "001",
          "display" : "World"
        }]
      }],
      "expansion" : {
        "identifier" : "urn:uuid:33552e4e-54db-43cb-83d2-2376269049f8",
        "timestamp" : "2024-08-13T17:01:11+00:00",
        "total" : 12,
        "offset" : 0,
        "parameter" : [{
          "name" : "count",
          "valueInteger" : 1000
        },
        {
          "name" : "offset",
          "valueInteger" : 0
        },
        {
          "name" : "excludeNested",
          "valueBoolean" : false
        },
        {
          "name" : "used-codesystem",
          "valueUri" : "http://mtnlotus.com/uv/pco/CodeSystem/pco-category-codes-example|0.1.0"
        }],
        "contains" : [{
          "system" : "http://mtnlotus.com/uv/pco/CodeSystem/pco-category-codes-example",
          "code" : "housing",
          "display" : "Housing"
        },
        {
          "system" : "http://mtnlotus.com/uv/pco/CodeSystem/pco-category-codes-example",
          "code" : "access-to-services",
          "display" : "Access To Services"
        },
        {
          "system" : "http://mtnlotus.com/uv/pco/CodeSystem/pco-category-codes-example",
          "code" : "caregiver-needs",
          "display" : "Caregiver Needs"
        },
        {
          "system" : "http://mtnlotus.com/uv/pco/CodeSystem/pco-category-codes-example",
          "code" : "end-of-life",
          "display" : "End Of Life"
        },
        {
          "system" : "http://mtnlotus.com/uv/pco/CodeSystem/pco-category-codes-example",
          "code" : "independence",
          "display" : "Independence"
        },
        {
          "system" : "http://mtnlotus.com/uv/pco/CodeSystem/pco-category-codes-example",
          "code" : "legal",
          "display" : "Legal"
        },
        {
          "system" : "http://mtnlotus.com/uv/pco/CodeSystem/pco-category-codes-example",
          "code" : "managing-conditions",
          "display" : "Managing Conditions"
        },
        {
          "system" : "http://mtnlotus.com/uv/pco/CodeSystem/pco-category-codes-example",
          "code" : "medication-management",
          "display" : "Medication Management"
        },
        {
          "system" : "http://mtnlotus.com/uv/pco/CodeSystem/pco-category-codes-example",
          "code" : "improving-health-and-wellness",
          "display" : "Improving Health And Wellness"
        },
        {
          "system" : "http://mtnlotus.com/uv/pco/CodeSystem/pco-category-codes-example",
          "code" : "physical-function",
          "display" : "Physical Function"
        },
        {
          "system" : "http://mtnlotus.com/uv/pco/CodeSystem/pco-category-codes-example",
          "code" : "social-functioning",
          "display" : "Social Functioning"
        },
        {
          "system" : "http://mtnlotus.com/uv/pco/CodeSystem/pco-category-codes-example",
          "code" : "emotional-and-mental-health",
          "display" : "Emotional And Mental Health"
        }]
      }
    }
  },
  {
    "fullUrl" : "http://mtnlotus.com/uv/pco/ValueSet/practitioner-gas-followup-vs",
    "resource" : {
      "resourceType" : "ValueSet",
      "text" : {
        "status" : "generated",
        "div" : "<div xmlns=\"http://www.w3.org/1999/xhtml\"><p class=\"res-header-id\"><b>Generated Narrative: ValueSet </b></p><p style=\"border: black 1px dotted; background-color: #EEEEEE; padding: 8px; margin-bottom: 8px\">Expansion based on Loinc v2.77</p><p>This value set contains 0 concepts</p><table class=\"codes\"><tr><td style=\"white-space:nowrap\"><b>Code</b></td><td><b>System</b></td><td><b>Display</b></td></tr></table></div>"
      },
      "url" : "http://mtnlotus.com/uv/pco/ValueSet/practitioner-gas-followup-vs",
      "version" : "0.1.0",
      "name" : "PractitionerGASFollowupVS",
      "title" : "Practitioner Follow-Up GAS Score",
      "status" : "draft",
      "experimental" : false,
      "date" : "2024-08-13T17:00:10+00:00",
      "jurisdiction" : [{
        "coding" : [{
          "system" : "http://unstats.un.org/unsd/methods/m49/m49.htm",
          "code" : "001",
          "display" : "World"
        }]
      }],
      "expansion" : {
        "identifier" : "urn:uuid:2e7e7d7f-7abc-4ba7-ba2a-0f915c5dee84",
        "timestamp" : "2024-08-13T17:01:11+00:00",
        "total" : 0,
        "offset" : 0,
        "parameter" : [{
          "name" : "count",
          "valueInteger" : 1000
        },
        {
          "name" : "offset",
          "valueInteger" : 0
        },
        {
          "name" : "excludeNested",
          "valueBoolean" : false
        },
        {
          "name" : "used-valueset",
          "valueUri" : "null"
        },
        {
          "name" : "used-codesystem",
          "valueUri" : "http://loinc.org|2.77"
        },
        {
          "name" : "version",
          "valueUri" : "http://loinc.org|2.77"
        }]
      }
    }
  }]
}