{
  "resourceType" : "Bundle",
  "id" : "a7dcfcc6-8164-41b3-aaa2-2b4ca2e07021",
  "meta" : {
    "lastUpdated" : "2024-09-06T15:21:17.209+00:00"
  },
  "type" : "collection",
  "entry" : [{
    "fullUrl" : "http://mtnlotus.com/uv/pco/ValueSet/caregiver-gas-followup",
    "resource" : {
      "resourceType" : "ValueSet",
      "text" : {
        "status" : "generated",
        "div" : "<div xmlns=\"http://www.w3.org/1999/xhtml\"><p class=\"res-header-id\"><b>Generated Narrative: ValueSet </b></p><p style=\"border: black 1px dotted; background-color: #EEEEEE; padding: 8px; margin-bottom: 8px\">Expansion based on <a href=\"CodeSystem-pco-gas-codes-temporary.html\">codesystem Goal Attainment Scaling (GAS) Codes v0.1.0 (CodeSystem)</a></p><p>This value set contains 5 concepts</p><table class=\"codes\"><tr><td style=\"white-space:nowrap\"><b>Code</b></td><td><b>System</b></td><td><b>Display</b></td></tr><tr><td style=\"white-space:nowrap\"><a name=\"x-http://mtnlotus.com/uv/pco/CodeSystem/pco-gas-codes-temporary-caregiver-gas-much-better-than-expected\"> </a>\u00a0\u00a0<a href=\"CodeSystem-pco-gas-codes-temporary.html#pco-gas-codes-temporary-caregiver-gas-much-better-than-expected\">caregiver-gas-much-better-than-expected</a></td><td>http://mtnlotus.com/uv/pco/CodeSystem/pco-gas-codes-temporary</td><td>Much better than expected</td></tr><tr><td style=\"white-space:nowrap\"><a name=\"x-http://mtnlotus.com/uv/pco/CodeSystem/pco-gas-codes-temporary-caregiver-gas-better-than-expected\"> </a>\u00a0\u00a0<a href=\"CodeSystem-pco-gas-codes-temporary.html#pco-gas-codes-temporary-caregiver-gas-better-than-expected\">caregiver-gas-better-than-expected</a></td><td>http://mtnlotus.com/uv/pco/CodeSystem/pco-gas-codes-temporary</td><td>Better than expected</td></tr><tr><td style=\"white-space:nowrap\"><a name=\"x-http://mtnlotus.com/uv/pco/CodeSystem/pco-gas-codes-temporary-caregiver-gas-expected-outcome\"> </a>\u00a0\u00a0<a href=\"CodeSystem-pco-gas-codes-temporary.html#pco-gas-codes-temporary-caregiver-gas-expected-outcome\">caregiver-gas-expected-outcome</a></td><td>http://mtnlotus.com/uv/pco/CodeSystem/pco-gas-codes-temporary</td><td>Expected outcome</td></tr><tr><td style=\"white-space:nowrap\"><a name=\"x-http://mtnlotus.com/uv/pco/CodeSystem/pco-gas-codes-temporary-caregiver-gas-less-than-expected\"> </a>\u00a0\u00a0<a href=\"CodeSystem-pco-gas-codes-temporary.html#pco-gas-codes-temporary-caregiver-gas-less-than-expected\">caregiver-gas-less-than-expected</a></td><td>http://mtnlotus.com/uv/pco/CodeSystem/pco-gas-codes-temporary</td><td>Less than expected</td></tr><tr><td style=\"white-space:nowrap\"><a name=\"x-http://mtnlotus.com/uv/pco/CodeSystem/pco-gas-codes-temporary-caregiver-gas-much-less-than-expected\"> </a>\u00a0\u00a0<a href=\"CodeSystem-pco-gas-codes-temporary.html#pco-gas-codes-temporary-caregiver-gas-much-less-than-expected\">caregiver-gas-much-less-than-expected</a></td><td>http://mtnlotus.com/uv/pco/CodeSystem/pco-gas-codes-temporary</td><td>Much less than expected</td></tr></table></div>"
      },
      "url" : "http://mtnlotus.com/uv/pco/ValueSet/caregiver-gas-followup",
      "version" : "0.1.0",
      "name" : "CaregiverGASFollowup",
      "title" : "Caregiver Follow-Up GAS Score",
      "status" : "draft",
      "experimental" : false,
      "date" : "2024-09-06T15:21:17+00:00",
      "jurisdiction" : [{
        "coding" : [{
          "system" : "http://unstats.un.org/unsd/methods/m49/m49.htm",
          "code" : "001",
          "display" : "World"
        }]
      }],
      "expansion" : {
        "identifier" : "urn:uuid:9f9a394c-a338-4776-8c47-c5f0985fabf2",
        "timestamp" : "2024-09-06T15:22:27+00:00",
        "total" : 5,
        "offset" : 0,
        "parameter" : [{
          "name" : "count",
          "valueInteger" : 1000
        },
        {
          "name" : "offset",
          "valueInteger" : 0
        },
        {
          "name" : "excludeNested",
          "valueBoolean" : false
        },
        {
          "name" : "used-codesystem",
          "valueUri" : "http://mtnlotus.com/uv/pco/CodeSystem/pco-gas-codes-temporary|0.1.0"
        }],
        "contains" : [{
          "system" : "http://mtnlotus.com/uv/pco/CodeSystem/pco-gas-codes-temporary",
          "code" : "caregiver-gas-much-better-than-expected",
          "display" : "Much better than expected"
        },
        {
          "system" : "http://mtnlotus.com/uv/pco/CodeSystem/pco-gas-codes-temporary",
          "code" : "caregiver-gas-better-than-expected",
          "display" : "Better than expected"
        },
        {
          "system" : "http://mtnlotus.com/uv/pco/CodeSystem/pco-gas-codes-temporary",
          "code" : "caregiver-gas-expected-outcome",
          "display" : "Expected outcome"
        },
        {
          "system" : "http://mtnlotus.com/uv/pco/CodeSystem/pco-gas-codes-temporary",
          "code" : "caregiver-gas-less-than-expected",
          "display" : "Less than expected"
        },
        {
          "system" : "http://mtnlotus.com/uv/pco/CodeSystem/pco-gas-codes-temporary",
          "code" : "caregiver-gas-much-less-than-expected",
          "display" : "Much less than expected"
        }]
      }
    }
  },
  {
    "fullUrl" : "http://mtnlotus.com/uv/pco/ValueSet/patient-gas-followup",
    "resource" : {
      "resourceType" : "ValueSet",
      "text" : {
        "status" : "generated",
        "div" : "<div xmlns=\"http://www.w3.org/1999/xhtml\"><p class=\"res-header-id\"><b>Generated Narrative: ValueSet </b></p><p style=\"border: black 1px dotted; background-color: #EEEEEE; padding: 8px; margin-bottom: 8px\">Expansion based on <a href=\"CodeSystem-pco-gas-codes-temporary.html\">codesystem Goal Attainment Scaling (GAS) Codes v0.1.0 (CodeSystem)</a></p><p>This value set contains 5 concepts</p><table class=\"codes\"><tr><td style=\"white-space:nowrap\"><b>Code</b></td><td><b>System</b></td><td><b>Display</b></td></tr><tr><td style=\"white-space:nowrap\"><a name=\"x-http://mtnlotus.com/uv/pco/CodeSystem/pco-gas-codes-temporary-patient-gas-much-better-than-expected\"> </a>\u00a0\u00a0<a href=\"CodeSystem-pco-gas-codes-temporary.html#pco-gas-codes-temporary-patient-gas-much-better-than-expected\">patient-gas-much-better-than-expected</a></td><td>http://mtnlotus.com/uv/pco/CodeSystem/pco-gas-codes-temporary</td><td>Much better than expected</td></tr><tr><td style=\"white-space:nowrap\"><a name=\"x-http://mtnlotus.com/uv/pco/CodeSystem/pco-gas-codes-temporary-patient-gas-better-than-expected\"> </a>\u00a0\u00a0<a href=\"CodeSystem-pco-gas-codes-temporary.html#pco-gas-codes-temporary-patient-gas-better-than-expected\">patient-gas-better-than-expected</a></td><td>http://mtnlotus.com/uv/pco/CodeSystem/pco-gas-codes-temporary</td><td>Better than expected</td></tr><tr><td style=\"white-space:nowrap\"><a name=\"x-http://mtnlotus.com/uv/pco/CodeSystem/pco-gas-codes-temporary-patient-gas-expected-outcome\"> </a>\u00a0\u00a0<a href=\"CodeSystem-pco-gas-codes-temporary.html#pco-gas-codes-temporary-patient-gas-expected-outcome\">patient-gas-expected-outcome</a></td><td>http://mtnlotus.com/uv/pco/CodeSystem/pco-gas-codes-temporary</td><td>Expected outcome</td></tr><tr><td style=\"white-space:nowrap\"><a name=\"x-http://mtnlotus.com/uv/pco/CodeSystem/pco-gas-codes-temporary-patient-gas-less-than-expected\"> </a>\u00a0\u00a0<a href=\"CodeSystem-pco-gas-codes-temporary.html#pco-gas-codes-temporary-patient-gas-less-than-expected\">patient-gas-less-than-expected</a></td><td>http://mtnlotus.com/uv/pco/CodeSystem/pco-gas-codes-temporary</td><td>Less than expected</td></tr><tr><td style=\"white-space:nowrap\"><a name=\"x-http://mtnlotus.com/uv/pco/CodeSystem/pco-gas-codes-temporary-patient-gas-much-less-than-expected\"> </a>\u00a0\u00a0<a href=\"CodeSystem-pco-gas-codes-temporary.html#pco-gas-codes-temporary-patient-gas-much-less-than-expected\">patient-gas-much-less-than-expected</a></td><td>http://mtnlotus.com/uv/pco/CodeSystem/pco-gas-codes-temporary</td><td>Much less than expected</td></tr></table></div>"
      },
      "url" : "http://mtnlotus.com/uv/pco/ValueSet/patient-gas-followup",
      "version" : "0.1.0",
      "name" : "PatientGASFollowup",
      "title" : "Patient Follow-Up GAS Score",
      "status" : "draft",
      "experimental" : false,
      "date" : "2024-09-06T15:21:17+00:00",
      "jurisdiction" : [{
        "coding" : [{
          "system" : "http://unstats.un.org/unsd/methods/m49/m49.htm",
          "code" : "001",
          "display" : "World"
        }]
      }],
      "expansion" : {
        "identifier" : "urn:uuid:4ff4998a-cf96-4f56-8fb3-ecca9c22bfd1",
        "timestamp" : "2024-09-06T15:22:29+00:00",
        "total" : 5,
        "offset" : 0,
        "parameter" : [{
          "name" : "count",
          "valueInteger" : 1000
        },
        {
          "name" : "offset",
          "valueInteger" : 0
        },
        {
          "name" : "excludeNested",
          "valueBoolean" : false
        },
        {
          "name" : "used-codesystem",
          "valueUri" : "http://mtnlotus.com/uv/pco/CodeSystem/pco-gas-codes-temporary|0.1.0"
        }],
        "contains" : [{
          "system" : "http://mtnlotus.com/uv/pco/CodeSystem/pco-gas-codes-temporary",
          "code" : "patient-gas-much-better-than-expected",
          "display" : "Much better than expected"
        },
        {
          "system" : "http://mtnlotus.com/uv/pco/CodeSystem/pco-gas-codes-temporary",
          "code" : "patient-gas-better-than-expected",
          "display" : "Better than expected"
        },
        {
          "system" : "http://mtnlotus.com/uv/pco/CodeSystem/pco-gas-codes-temporary",
          "code" : "patient-gas-expected-outcome",
          "display" : "Expected outcome"
        },
        {
          "system" : "http://mtnlotus.com/uv/pco/CodeSystem/pco-gas-codes-temporary",
          "code" : "patient-gas-less-than-expected",
          "display" : "Less than expected"
        },
        {
          "system" : "http://mtnlotus.com/uv/pco/CodeSystem/pco-gas-codes-temporary",
          "code" : "patient-gas-much-less-than-expected",
          "display" : "Much less than expected"
        }]
      }
    }
  },
  {
    "fullUrl" : "http://mtnlotus.com/uv/pco/ValueSet/pco-category-valueset",
    "resource" : {
      "resourceType" : "ValueSet",
      "text" : {
        "status" : "generated",
        "div" : "<div xmlns=\"http://www.w3.org/1999/xhtml\"><p class=\"res-header-id\"><b>Generated Narrative: ValueSet </b></p><div style=\"border: black 1px dotted; background-color: #EEEEEE; padding: 8px; margin-bottom: 8px\"><p>Expansion based on:</p><ul><li><a href=\"CodeSystem-ncqa-goal-domains.html\">codesystem NCQA Goal Domains v0.1.0 (CodeSystem)</a></li><li><a href=\"CodeSystem-va-whole-health.html\">codesystem VA Whole Health Concepts v0.1.0 (CodeSystem)</a></li></ul></div><p>This value set contains 21 concepts</p><table class=\"codes\"><tr><td style=\"white-space:nowrap\"><b>Code</b></td><td><b>System</b></td><td><b>Display</b></td><td><b>Definition</b></td></tr><tr><td style=\"white-space:nowrap\"><a name=\"x-http://mtnlotus.com/uv/pco/CodeSystem/ncqa-goal-domains-housing\"> </a>\u00a0\u00a0<a href=\"CodeSystem-ncqa-goal-domains.html#ncqa-goal-domains-housing\">housing</a></td><td>http://mtnlotus.com/uv/pco/CodeSystem/ncqa-goal-domains</td><td>Housing</td><td><div><p>Having acceptable housing that is appropriate for a person's needs.</p>\n</div></td></tr><tr><td style=\"white-space:nowrap\"><a name=\"x-http://mtnlotus.com/uv/pco/CodeSystem/ncqa-goal-domains-access-to-services\"> </a>\u00a0\u00a0<a href=\"CodeSystem-ncqa-goal-domains.html#ncqa-goal-domains-access-to-services\">access-to-services</a></td><td>http://mtnlotus.com/uv/pco/CodeSystem/ncqa-goal-domains</td><td>Access To Services</td><td><div><p>Ability to access, afford, and utilize appropriate health and community resources. Includes access to transportation, stable food resources, and assistance with financial concerns.</p>\n</div></td></tr><tr><td style=\"white-space:nowrap\"><a name=\"x-http://mtnlotus.com/uv/pco/CodeSystem/ncqa-goal-domains-caregiver-needs\"> </a>\u00a0\u00a0<a href=\"CodeSystem-ncqa-goal-domains.html#ncqa-goal-domains-caregiver-needs\">caregiver-needs</a></td><td>http://mtnlotus.com/uv/pco/CodeSystem/ncqa-goal-domains</td><td>Caregiver Needs</td><td><div/></td></tr><tr><td style=\"white-space:nowrap\"><a name=\"x-http://mtnlotus.com/uv/pco/CodeSystem/ncqa-goal-domains-end-of-life\"> </a>\u00a0\u00a0<a href=\"CodeSystem-ncqa-goal-domains.html#ncqa-goal-domains-end-of-life\">end-of-life</a></td><td>http://mtnlotus.com/uv/pco/CodeSystem/ncqa-goal-domains</td><td>End Of Life</td><td><div><p>Planning for end-of-life care and desires to reduce burden on family or others.</p>\n</div></td></tr><tr><td style=\"white-space:nowrap\"><a name=\"x-http://mtnlotus.com/uv/pco/CodeSystem/ncqa-goal-domains-independence\"> </a>\u00a0\u00a0<a href=\"CodeSystem-ncqa-goal-domains.html#ncqa-goal-domains-independence\">independence</a></td><td>http://mtnlotus.com/uv/pco/CodeSystem/ncqa-goal-domains</td><td>Independence</td><td><div><p>Ability to live independently without help or assistance from others.</p>\n</div></td></tr><tr><td style=\"white-space:nowrap\"><a name=\"x-http://mtnlotus.com/uv/pco/CodeSystem/ncqa-goal-domains-legal\"> </a>\u00a0\u00a0<a href=\"CodeSystem-ncqa-goal-domains.html#ncqa-goal-domains-legal\">legal</a></td><td>http://mtnlotus.com/uv/pco/CodeSystem/ncqa-goal-domains</td><td>Legal</td><td><div><p>Having adequate support for legal issues such as child custody, medical power of attorney, etc.</p>\n</div></td></tr><tr><td style=\"white-space:nowrap\"><a name=\"x-http://mtnlotus.com/uv/pco/CodeSystem/ncqa-goal-domains-managing-conditions\"> </a>\u00a0\u00a0<a href=\"CodeSystem-ncqa-goal-domains.html#ncqa-goal-domains-managing-conditions\">managing-conditions</a></td><td>http://mtnlotus.com/uv/pco/CodeSystem/ncqa-goal-domains</td><td>Managing Conditions</td><td><div><p>Satisfaction with health care received or desired, and experiences with providers and the health care system.</p>\n</div></td></tr><tr><td style=\"white-space:nowrap\"><a name=\"x-http://mtnlotus.com/uv/pco/CodeSystem/ncqa-goal-domains-medication-management\"> </a>\u00a0\u00a0<a href=\"CodeSystem-ncqa-goal-domains.html#ncqa-goal-domains-medication-management\">medication-management</a></td><td>http://mtnlotus.com/uv/pco/CodeSystem/ncqa-goal-domains</td><td>Medication Management</td><td><div><p>Satisfaction with ability to manage medications.</p>\n</div></td></tr><tr><td style=\"white-space:nowrap\"><a name=\"x-http://mtnlotus.com/uv/pco/CodeSystem/ncqa-goal-domains-improving-health-and-wellness\"> </a>\u00a0\u00a0<a href=\"CodeSystem-ncqa-goal-domains.html#ncqa-goal-domains-improving-health-and-wellness\">improving-health-and-wellness</a></td><td>http://mtnlotus.com/uv/pco/CodeSystem/ncqa-goal-domains</td><td>Improving Health And Wellness</td><td><div><p>Ability to develop, improve and maintain positive health and wellness habits.</p>\n</div></td></tr><tr><td style=\"white-space:nowrap\"><a name=\"x-http://mtnlotus.com/uv/pco/CodeSystem/ncqa-goal-domains-physical-function\"> </a>\u00a0\u00a0<a href=\"CodeSystem-ncqa-goal-domains.html#ncqa-goal-domains-physical-function\">physical-function</a></td><td>http://mtnlotus.com/uv/pco/CodeSystem/ncqa-goal-domains</td><td>Physical Function</td><td><div><p>Ability to manage physical functioning, physical symptoms or conditions, and improve or maintain ability to participate in physical activities.</p>\n</div></td></tr><tr><td style=\"white-space:nowrap\"><a name=\"x-http://mtnlotus.com/uv/pco/CodeSystem/ncqa-goal-domains-social-functioning\"> </a>\u00a0\u00a0<a href=\"CodeSystem-ncqa-goal-domains.html#ncqa-goal-domains-social-functioning\">social-functioning</a></td><td>http://mtnlotus.com/uv/pco/CodeSystem/ncqa-goal-domains</td><td>Social Functioning</td><td><div/></td></tr><tr><td style=\"white-space:nowrap\"><a name=\"x-http://mtnlotus.com/uv/pco/CodeSystem/ncqa-goal-domains-emotional-and-mental-health\"> </a>\u00a0\u00a0<a href=\"CodeSystem-ncqa-goal-domains.html#ncqa-goal-domains-emotional-and-mental-health\">emotional-and-mental-health</a></td><td>http://mtnlotus.com/uv/pco/CodeSystem/ncqa-goal-domains</td><td>Emotional And Mental Health</td><td><div/></td></tr><tr><td style=\"white-space:nowrap\"><a name=\"x-http://mtnlotus.com/uv/pco/CodeSystem/va-whole-health-body\"> </a>\u00a0\u00a0<a href=\"CodeSystem-va-whole-health.html#va-whole-health-body\">body</a></td><td>http://mtnlotus.com/uv/pco/CodeSystem/va-whole-health</td><td>Moving the Body</td><td><div><p>Our physical, mental, and emotional health are impacted by the amount and kind of movement we do. Moving the body can take many forms such as dancing, walking, gardening, yoga, and exercise.</p>\n</div></td></tr><tr><td style=\"white-space:nowrap\"><a name=\"x-http://mtnlotus.com/uv/pco/CodeSystem/va-whole-health-mind\"> </a>\u00a0\u00a0<a href=\"CodeSystem-va-whole-health.html#va-whole-health-mind\">mind</a></td><td>http://mtnlotus.com/uv/pco/CodeSystem/va-whole-health</td><td>Power of the Mind</td><td><div><p>Our thoughts are powerful and can affect our physical, mental, and emotional health. Changing our mindset can aid in healing and coping. Breathing techniques, guided imagery, Tai Chi, yoga, or gratitude can buffer the impact of stress and other emotions.</p>\n</div></td></tr><tr><td style=\"white-space:nowrap\"><a name=\"x-http://mtnlotus.com/uv/pco/CodeSystem/va-whole-health-nourishment\"> </a>\u00a0\u00a0<a href=\"CodeSystem-va-whole-health.html#va-whole-health-nourishment\">nourishment</a></td><td>http://mtnlotus.com/uv/pco/CodeSystem/va-whole-health</td><td>Food &amp; Drink</td><td><div><p>What we eat and drink can have a huge effect on how we experience life, both physically and mentally. Energy, mood, weight, how long we live, and overall health are all impacted by what and how we choose to eat and drink.</p>\n</div></td></tr><tr><td style=\"white-space:nowrap\"><a name=\"x-http://mtnlotus.com/uv/pco/CodeSystem/va-whole-health-recharge\"> </a>\u00a0\u00a0<a href=\"CodeSystem-va-whole-health.html#va-whole-health-recharge\">recharge</a></td><td>http://mtnlotus.com/uv/pco/CodeSystem/va-whole-health</td><td>Recharge</td><td><div><p>Our bodies and minds must rest and recharge in order to optimize our health. Getting a good night's rest, as well as recharging our mental and physical energy throughout the day, are vital to well-being. Taking short breaks or doing something you enjoy or feels good for moments throughout the day are examples of ways to refresh.</p>\n</div></td></tr><tr><td style=\"white-space:nowrap\"><a name=\"x-http://mtnlotus.com/uv/pco/CodeSystem/va-whole-health-surroundings\"> </a>\u00a0\u00a0<a href=\"CodeSystem-va-whole-health.html#va-whole-health-surroundings\">surroundings</a></td><td>http://mtnlotus.com/uv/pco/CodeSystem/va-whole-health</td><td>Surroundings</td><td><div><p>Our surroundings, both at work and where we live, indoors and out, can affect our health and outlook on life. Changes within our control such as organizing, decluttering, adding a plant or artwork can improve mood and health.</p>\n</div></td></tr><tr><td style=\"white-space:nowrap\"><a name=\"x-http://mtnlotus.com/uv/pco/CodeSystem/va-whole-health-personal-development\"> </a>\u00a0\u00a0<a href=\"CodeSystem-va-whole-health.html#va-whole-health-personal-development\">personal-development</a></td><td>http://mtnlotus.com/uv/pco/CodeSystem/va-whole-health</td><td>Personal Development</td><td><div><p>Our health is impacted by how we choose to spend our time. Aligning our work and personal activities with what really matters to us, or what brings us joy, can have a big effect on our health and outlook on life.</p>\n</div></td></tr><tr><td style=\"white-space:nowrap\"><a name=\"x-http://mtnlotus.com/uv/pco/CodeSystem/va-whole-health-spirit-and-soul\"> </a>\u00a0\u00a0<a href=\"CodeSystem-va-whole-health.html#va-whole-health-spirit-and-soul\">spirit-and-soul</a></td><td>http://mtnlotus.com/uv/pco/CodeSystem/va-whole-health</td><td>Spirit &amp; Soul</td><td><div><p>Connecting with something greater than ourselves may provide a sense of meaning and purpose, peace, or comfort. Connecting and aligning spiritually is very individual and may take the form of religious affiliation, connection to nature, or engaging in things like music or art.</p>\n</div></td></tr><tr><td style=\"white-space:nowrap\"><a name=\"x-http://mtnlotus.com/uv/pco/CodeSystem/va-whole-health-relationships\"> </a>\u00a0\u00a0<a href=\"CodeSystem-va-whole-health.html#va-whole-health-relationships\">relationships</a></td><td>http://mtnlotus.com/uv/pco/CodeSystem/va-whole-health</td><td>Family, Friends &amp; Co-Workers</td><td><div><p>Our relationships, including those with pets, have as significant an effect on our physical and emotional health as any other factor associated with well-being. Spending more time in relationships that &quot;fuel&quot; us and less in relationships that &quot;drain&quot; us is one potential option. Improving our relationship skills or creating new relationships through community activities are other options to consider.</p>\n</div></td></tr><tr><td style=\"white-space:nowrap\"><a name=\"x-http://mtnlotus.com/uv/pco/CodeSystem/va-whole-health-professional-care\"> </a>\u00a0\u00a0<a href=\"CodeSystem-va-whole-health.html#va-whole-health-professional-care\">professional-care</a></td><td>http://mtnlotus.com/uv/pco/CodeSystem/va-whole-health</td><td>Professional Care</td><td><div><p>Staying up to date on prevention and understanding your health concerns, care options, treatment plan, and their role in your health.</p>\n</div></td></tr></table></div>"
      },
      "url" : "http://mtnlotus.com/uv/pco/ValueSet/pco-category-valueset",
      "version" : "0.1.0",
      "name" : "PCOCategoryValueSet",
      "title" : "PCO Categories",
      "status" : "draft",
      "experimental" : false,
      "date" : "2024-09-06T15:21:17+00:00",
      "jurisdiction" : [{
        "coding" : [{
          "system" : "http://unstats.un.org/unsd/methods/m49/m49.htm",
          "code" : "001",
          "display" : "World"
        }]
      }],
      "expansion" : {
        "identifier" : "urn:uuid:8bf690bd-6868-4878-bed7-ff863494ab4b",
        "timestamp" : "2024-09-06T15:22:29+00:00",
        "total" : 21,
        "offset" : 0,
        "parameter" : [{
          "name" : "count",
          "valueInteger" : 1000
        },
        {
          "name" : "offset",
          "valueInteger" : 0
        },
        {
          "name" : "excludeNested",
          "valueBoolean" : false
        },
        {
          "name" : "used-codesystem",
          "valueUri" : "http://mtnlotus.com/uv/pco/CodeSystem/ncqa-goal-domains|0.1.0"
        },
        {
          "name" : "used-codesystem",
          "valueUri" : "http://mtnlotus.com/uv/pco/CodeSystem/va-whole-health|0.1.0"
        }],
        "contains" : [{
          "system" : "http://mtnlotus.com/uv/pco/CodeSystem/ncqa-goal-domains",
          "code" : "housing",
          "display" : "Housing"
        },
        {
          "system" : "http://mtnlotus.com/uv/pco/CodeSystem/ncqa-goal-domains",
          "code" : "access-to-services",
          "display" : "Access To Services"
        },
        {
          "system" : "http://mtnlotus.com/uv/pco/CodeSystem/ncqa-goal-domains",
          "code" : "caregiver-needs",
          "display" : "Caregiver Needs"
        },
        {
          "system" : "http://mtnlotus.com/uv/pco/CodeSystem/ncqa-goal-domains",
          "code" : "end-of-life",
          "display" : "End Of Life"
        },
        {
          "system" : "http://mtnlotus.com/uv/pco/CodeSystem/ncqa-goal-domains",
          "code" : "independence",
          "display" : "Independence"
        },
        {
          "system" : "http://mtnlotus.com/uv/pco/CodeSystem/ncqa-goal-domains",
          "code" : "legal",
          "display" : "Legal"
        },
        {
          "system" : "http://mtnlotus.com/uv/pco/CodeSystem/ncqa-goal-domains",
          "code" : "managing-conditions",
          "display" : "Managing Conditions"
        },
        {
          "system" : "http://mtnlotus.com/uv/pco/CodeSystem/ncqa-goal-domains",
          "code" : "medication-management",
          "display" : "Medication Management"
        },
        {
          "system" : "http://mtnlotus.com/uv/pco/CodeSystem/ncqa-goal-domains",
          "code" : "improving-health-and-wellness",
          "display" : "Improving Health And Wellness"
        },
        {
          "system" : "http://mtnlotus.com/uv/pco/CodeSystem/ncqa-goal-domains",
          "code" : "physical-function",
          "display" : "Physical Function"
        },
        {
          "system" : "http://mtnlotus.com/uv/pco/CodeSystem/ncqa-goal-domains",
          "code" : "social-functioning",
          "display" : "Social Functioning"
        },
        {
          "system" : "http://mtnlotus.com/uv/pco/CodeSystem/ncqa-goal-domains",
          "code" : "emotional-and-mental-health",
          "display" : "Emotional And Mental Health"
        },
        {
          "system" : "http://mtnlotus.com/uv/pco/CodeSystem/va-whole-health",
          "code" : "body",
          "display" : "Moving the Body"
        },
        {
          "system" : "http://mtnlotus.com/uv/pco/CodeSystem/va-whole-health",
          "code" : "mind",
          "display" : "Power of the Mind"
        },
        {
          "system" : "http://mtnlotus.com/uv/pco/CodeSystem/va-whole-health",
          "code" : "nourishment",
          "display" : "Food & Drink"
        },
        {
          "system" : "http://mtnlotus.com/uv/pco/CodeSystem/va-whole-health",
          "code" : "recharge",
          "display" : "Recharge"
        },
        {
          "system" : "http://mtnlotus.com/uv/pco/CodeSystem/va-whole-health",
          "code" : "surroundings",
          "display" : "Surroundings"
        },
        {
          "system" : "http://mtnlotus.com/uv/pco/CodeSystem/va-whole-health",
          "code" : "personal-development",
          "display" : "Personal Development"
        },
        {
          "system" : "http://mtnlotus.com/uv/pco/CodeSystem/va-whole-health",
          "code" : "spirit-and-soul",
          "display" : "Spirit & Soul"
        },
        {
          "system" : "http://mtnlotus.com/uv/pco/CodeSystem/va-whole-health",
          "code" : "relationships",
          "display" : "Family, Friends & Co-Workers"
        },
        {
          "system" : "http://mtnlotus.com/uv/pco/CodeSystem/va-whole-health",
          "code" : "professional-care",
          "display" : "Professional Care"
        }]
      }
    }
  },
  {
    "fullUrl" : "http://mtnlotus.com/uv/pco/ValueSet/practitioner-gas-followup",
    "resource" : {
      "resourceType" : "ValueSet",
      "text" : {
        "status" : "generated",
        "div" : "<div xmlns=\"http://www.w3.org/1999/xhtml\"><p class=\"res-header-id\"><b>Generated Narrative: ValueSet </b></p><p style=\"border: black 1px dotted; background-color: #EEEEEE; padding: 8px; margin-bottom: 8px\">Expansion based on <a href=\"CodeSystem-pco-gas-codes-temporary.html\">codesystem Goal Attainment Scaling (GAS) Codes v0.1.0 (CodeSystem)</a></p><p>This value set contains 5 concepts</p><table class=\"codes\"><tr><td style=\"white-space:nowrap\"><b>Code</b></td><td><b>System</b></td><td><b>Display</b></td></tr><tr><td style=\"white-space:nowrap\"><a name=\"x-http://mtnlotus.com/uv/pco/CodeSystem/pco-gas-codes-temporary-practitioner-gas-much-better-than-expected\"> </a>\u00a0\u00a0<a href=\"CodeSystem-pco-gas-codes-temporary.html#pco-gas-codes-temporary-practitioner-gas-much-better-than-expected\">practitioner-gas-much-better-than-expected</a></td><td>http://mtnlotus.com/uv/pco/CodeSystem/pco-gas-codes-temporary</td><td>Much better than expected</td></tr><tr><td style=\"white-space:nowrap\"><a name=\"x-http://mtnlotus.com/uv/pco/CodeSystem/pco-gas-codes-temporary-practitioner-gas-better-than-expected\"> </a>\u00a0\u00a0<a href=\"CodeSystem-pco-gas-codes-temporary.html#pco-gas-codes-temporary-practitioner-gas-better-than-expected\">practitioner-gas-better-than-expected</a></td><td>http://mtnlotus.com/uv/pco/CodeSystem/pco-gas-codes-temporary</td><td>Better than expected</td></tr><tr><td style=\"white-space:nowrap\"><a name=\"x-http://mtnlotus.com/uv/pco/CodeSystem/pco-gas-codes-temporary-practitioner-gas-expected-outcome\"> </a>\u00a0\u00a0<a href=\"CodeSystem-pco-gas-codes-temporary.html#pco-gas-codes-temporary-practitioner-gas-expected-outcome\">practitioner-gas-expected-outcome</a></td><td>http://mtnlotus.com/uv/pco/CodeSystem/pco-gas-codes-temporary</td><td>Expected outcome</td></tr><tr><td style=\"white-space:nowrap\"><a name=\"x-http://mtnlotus.com/uv/pco/CodeSystem/pco-gas-codes-temporary-practitioner-gas-less-than-expected\"> </a>\u00a0\u00a0<a href=\"CodeSystem-pco-gas-codes-temporary.html#pco-gas-codes-temporary-practitioner-gas-less-than-expected\">practitioner-gas-less-than-expected</a></td><td>http://mtnlotus.com/uv/pco/CodeSystem/pco-gas-codes-temporary</td><td>Less than expected</td></tr><tr><td style=\"white-space:nowrap\"><a name=\"x-http://mtnlotus.com/uv/pco/CodeSystem/pco-gas-codes-temporary-practitioner-gas-much-less-than-expected\"> </a>\u00a0\u00a0<a href=\"CodeSystem-pco-gas-codes-temporary.html#pco-gas-codes-temporary-practitioner-gas-much-less-than-expected\">practitioner-gas-much-less-than-expected</a></td><td>http://mtnlotus.com/uv/pco/CodeSystem/pco-gas-codes-temporary</td><td>Much less than expected</td></tr></table></div>"
      },
      "url" : "http://mtnlotus.com/uv/pco/ValueSet/practitioner-gas-followup",
      "version" : "0.1.0",
      "name" : "PractitionerGASFollowup",
      "title" : "Practitioner Follow-Up GAS Score",
      "status" : "draft",
      "experimental" : false,
      "date" : "2024-09-06T15:21:17+00:00",
      "jurisdiction" : [{
        "coding" : [{
          "system" : "http://unstats.un.org/unsd/methods/m49/m49.htm",
          "code" : "001",
          "display" : "World"
        }]
      }],
      "expansion" : {
        "identifier" : "urn:uuid:32239286-c9f4-4995-aa73-a4fcd99f7a78",
        "timestamp" : "2024-09-06T15:22:29+00:00",
        "total" : 5,
        "offset" : 0,
        "parameter" : [{
          "name" : "count",
          "valueInteger" : 1000
        },
        {
          "name" : "offset",
          "valueInteger" : 0
        },
        {
          "name" : "excludeNested",
          "valueBoolean" : false
        },
        {
          "name" : "used-codesystem",
          "valueUri" : "http://mtnlotus.com/uv/pco/CodeSystem/pco-gas-codes-temporary|0.1.0"
        }],
        "contains" : [{
          "system" : "http://mtnlotus.com/uv/pco/CodeSystem/pco-gas-codes-temporary",
          "code" : "practitioner-gas-much-better-than-expected",
          "display" : "Much better than expected"
        },
        {
          "system" : "http://mtnlotus.com/uv/pco/CodeSystem/pco-gas-codes-temporary",
          "code" : "practitioner-gas-better-than-expected",
          "display" : "Better than expected"
        },
        {
          "system" : "http://mtnlotus.com/uv/pco/CodeSystem/pco-gas-codes-temporary",
          "code" : "practitioner-gas-expected-outcome",
          "display" : "Expected outcome"
        },
        {
          "system" : "http://mtnlotus.com/uv/pco/CodeSystem/pco-gas-codes-temporary",
          "code" : "practitioner-gas-less-than-expected",
          "display" : "Less than expected"
        },
        {
          "system" : "http://mtnlotus.com/uv/pco/CodeSystem/pco-gas-codes-temporary",
          "code" : "practitioner-gas-much-less-than-expected",
          "display" : "Much less than expected"
        }]
      }
    }
  },
  {
    "fullUrl" : "http://mtnlotus.com/uv/pco/ValueSet/prom-target-measures",
    "resource" : {
      "resourceType" : "ValueSet",
      "text" : {
        "status" : "generated",
        "div" : "<div xmlns=\"http://www.w3.org/1999/xhtml\"><p class=\"res-header-id\"><b>Generated Narrative: ValueSet </b></p><p style=\"border: black 1px dotted; background-color: #EEEEEE; padding: 8px; margin-bottom: 8px\">Expansion based on Loinc v2.78</p><p>This value set contains 2 concepts</p><table class=\"codes\"><tr><td style=\"white-space:nowrap\"><b>Code</b></td><td><b>System</b></td><td><b>Display</b></td></tr><tr><td style=\"white-space:nowrap\"><a name=\"x-http://loinc.org-70274-6\"> </a>\u00a0\u00a0<a href=\"https://loinc.org/70274-6/\">70274-6</a></td><td>http://loinc.org</td><td>Generalized anxiety disorder 7 item (GAD-7) total score [Reported.PHQ]</td></tr><tr><td style=\"white-space:nowrap\"><a name=\"x-http://loinc.org-44261-6\"> </a>\u00a0\u00a0<a href=\"https://loinc.org/44261-6/\">44261-6</a></td><td>http://loinc.org</td><td>Patient Health Questionnaire 9 item (PHQ-9) total score [Reported]</td></tr></table></div>"
      },
      "url" : "http://mtnlotus.com/uv/pco/ValueSet/prom-target-measures",
      "version" : "0.1.0",
      "name" : "PROMTargetMeasures",
      "title" : "PROM Target Measures",
      "status" : "draft",
      "experimental" : false,
      "date" : "2024-09-06T15:21:17+00:00",
      "jurisdiction" : [{
        "coding" : [{
          "system" : "http://unstats.un.org/unsd/methods/m49/m49.htm",
          "code" : "001",
          "display" : "World"
        }]
      }],
      "expansion" : {
        "identifier" : "urn:uuid:49364bed-15ff-44f0-85e7-cbd0cd282eb3",
        "timestamp" : "2024-09-06T15:22:30+00:00",
        "total" : 2,
        "offset" : 0,
        "parameter" : [{
          "name" : "count",
          "valueInteger" : 1000
        },
        {
          "name" : "offset",
          "valueInteger" : 0
        },
        {
          "name" : "excludeNested",
          "valueBoolean" : false
        },
        {
          "name" : "used-valueset",
          "valueUri" : "null"
        },
        {
          "name" : "used-codesystem",
          "valueUri" : "http://loinc.org|2.78"
        },
        {
          "name" : "version",
          "valueUri" : "http://loinc.org|2.78"
        }],
        "contains" : [{
          "system" : "http://loinc.org",
          "code" : "70274-6",
          "display" : "Generalized anxiety disorder 7 item (GAD-7) total score [Reported.PHQ]"
        },
        {
          "system" : "http://loinc.org",
          "code" : "44261-6",
          "display" : "Patient Health Questionnaire 9 item (PHQ-9) total score [Reported]"
        }]
      }
    }
  },
  {
    "fullUrl" : "http://mtnlotus.com/uv/pco/ValueSet/what-matters-focus-areas",
    "resource" : {
      "resourceType" : "ValueSet",
      "text" : {
        "status" : "generated",
        "div" : "<div xmlns=\"http://www.w3.org/1999/xhtml\"><p class=\"res-header-id\"><b>Generated Narrative: ValueSet </b></p><div style=\"border: black 1px dotted; background-color: #EEEEEE; padding: 8px; margin-bottom: 8px\"><p>Expansion based on:</p><ul><li><a href=\"CodeSystem-mtnlotus-concepts.html\">codesystem My Lotus Lifestyle Concepts v0.1.0 (CodeSystem)</a></li><li><a href=\"CodeSystem-va-whole-health.html\">codesystem VA Whole Health Concepts v0.1.0 (CodeSystem)</a></li></ul></div><p>This value set contains 17 concepts</p><table class=\"codes\"><tr><td style=\"white-space:nowrap\"><b>Code</b></td><td><b>System</b></td><td><b>Display</b></td><td><b>Definition</b></td></tr><tr><td style=\"white-space:nowrap\"><a name=\"x-http://mtnlotus.com/uv/pco/CodeSystem/va-whole-health-body\"> </a>\u00a0\u00a0<a href=\"CodeSystem-va-whole-health.html#va-whole-health-body\">body</a></td><td>http://mtnlotus.com/uv/pco/CodeSystem/va-whole-health</td><td>Moving the Body</td><td><div><p>Our physical, mental, and emotional health are impacted by the amount and kind of movement we do. Moving the body can take many forms such as dancing, walking, gardening, yoga, and exercise.</p>\n</div></td></tr><tr><td style=\"white-space:nowrap\"><a name=\"x-http://mtnlotus.com/uv/pco/CodeSystem/va-whole-health-mind\"> </a>\u00a0\u00a0<a href=\"CodeSystem-va-whole-health.html#va-whole-health-mind\">mind</a></td><td>http://mtnlotus.com/uv/pco/CodeSystem/va-whole-health</td><td>Power of the Mind</td><td><div><p>Our thoughts are powerful and can affect our physical, mental, and emotional health. Changing our mindset can aid in healing and coping. Breathing techniques, guided imagery, Tai Chi, yoga, or gratitude can buffer the impact of stress and other emotions.</p>\n</div></td></tr><tr><td style=\"white-space:nowrap\"><a name=\"x-http://mtnlotus.com/uv/pco/CodeSystem/va-whole-health-nourishment\"> </a>\u00a0\u00a0<a href=\"CodeSystem-va-whole-health.html#va-whole-health-nourishment\">nourishment</a></td><td>http://mtnlotus.com/uv/pco/CodeSystem/va-whole-health</td><td>Food &amp; Drink</td><td><div><p>What we eat and drink can have a huge effect on how we experience life, both physically and mentally. Energy, mood, weight, how long we live, and overall health are all impacted by what and how we choose to eat and drink.</p>\n</div></td></tr><tr><td style=\"white-space:nowrap\"><a name=\"x-http://mtnlotus.com/uv/pco/CodeSystem/va-whole-health-recharge\"> </a>\u00a0\u00a0<a href=\"CodeSystem-va-whole-health.html#va-whole-health-recharge\">recharge</a></td><td>http://mtnlotus.com/uv/pco/CodeSystem/va-whole-health</td><td>Recharge</td><td><div><p>Our bodies and minds must rest and recharge in order to optimize our health. Getting a good night's rest, as well as recharging our mental and physical energy throughout the day, are vital to well-being. Taking short breaks or doing something you enjoy or feels good for moments throughout the day are examples of ways to refresh.</p>\n</div></td></tr><tr><td style=\"white-space:nowrap\"><a name=\"x-http://mtnlotus.com/uv/pco/CodeSystem/va-whole-health-surroundings\"> </a>\u00a0\u00a0<a href=\"CodeSystem-va-whole-health.html#va-whole-health-surroundings\">surroundings</a></td><td>http://mtnlotus.com/uv/pco/CodeSystem/va-whole-health</td><td>Surroundings</td><td><div><p>Our surroundings, both at work and where we live, indoors and out, can affect our health and outlook on life. Changes within our control such as organizing, decluttering, adding a plant or artwork can improve mood and health.</p>\n</div></td></tr><tr><td style=\"white-space:nowrap\"><a name=\"x-http://mtnlotus.com/uv/pco/CodeSystem/va-whole-health-personal-development\"> </a>\u00a0\u00a0<a href=\"CodeSystem-va-whole-health.html#va-whole-health-personal-development\">personal-development</a></td><td>http://mtnlotus.com/uv/pco/CodeSystem/va-whole-health</td><td>Personal Development</td><td><div><p>Our health is impacted by how we choose to spend our time. Aligning our work and personal activities with what really matters to us, or what brings us joy, can have a big effect on our health and outlook on life.</p>\n</div></td></tr><tr><td style=\"white-space:nowrap\"><a name=\"x-http://mtnlotus.com/uv/pco/CodeSystem/va-whole-health-spirit-and-soul\"> </a>\u00a0\u00a0<a href=\"CodeSystem-va-whole-health.html#va-whole-health-spirit-and-soul\">spirit-and-soul</a></td><td>http://mtnlotus.com/uv/pco/CodeSystem/va-whole-health</td><td>Spirit &amp; Soul</td><td><div><p>Connecting with something greater than ourselves may provide a sense of meaning and purpose, peace, or comfort. Connecting and aligning spiritually is very individual and may take the form of religious affiliation, connection to nature, or engaging in things like music or art.</p>\n</div></td></tr><tr><td style=\"white-space:nowrap\"><a name=\"x-http://mtnlotus.com/uv/pco/CodeSystem/va-whole-health-relationships\"> </a>\u00a0\u00a0<a href=\"CodeSystem-va-whole-health.html#va-whole-health-relationships\">relationships</a></td><td>http://mtnlotus.com/uv/pco/CodeSystem/va-whole-health</td><td>Family, Friends &amp; Co-Workers</td><td><div><p>Our relationships, including those with pets, have as significant an effect on our physical and emotional health as any other factor associated with well-being. Spending more time in relationships that &quot;fuel&quot; us and less in relationships that &quot;drain&quot; us is one potential option. Improving our relationship skills or creating new relationships through community activities are other options to consider.</p>\n</div></td></tr><tr><td style=\"white-space:nowrap\"><a name=\"x-http://mtnlotus.com/uv/pco/CodeSystem/va-whole-health-professional-care\"> </a>\u00a0\u00a0<a href=\"CodeSystem-va-whole-health.html#va-whole-health-professional-care\">professional-care</a></td><td>http://mtnlotus.com/uv/pco/CodeSystem/va-whole-health</td><td>Professional Care</td><td><div><p>Staying up to date on prevention and understanding your health concerns, care options, treatment plan, and their role in your health.</p>\n</div></td></tr><tr><td style=\"white-space:nowrap\"><a name=\"x-http://mtnlotus.com/uv/pco/CodeSystem/mtnlotus-concepts-body\"> </a>\u00a0\u00a0<a href=\"CodeSystem-mtnlotus-concepts.html#mtnlotus-concepts-body\">body</a></td><td>http://mtnlotus.com/uv/pco/CodeSystem/mtnlotus-concepts</td><td>Healthy Body</td><td><div><p>Do you incorporate movement into your life in ways that meet your individual needs, is enjoyable and sustainable?  Do you feel strong, flexible, balanced and happy?</p>\n</div></td></tr><tr><td style=\"white-space:nowrap\"><a name=\"x-http://mtnlotus.com/uv/pco/CodeSystem/mtnlotus-concepts-mind\"> </a>\u00a0\u00a0<a href=\"CodeSystem-mtnlotus-concepts.html#mtnlotus-concepts-mind\">mind</a></td><td>http://mtnlotus.com/uv/pco/CodeSystem/mtnlotus-concepts</td><td>Healthy Mind</td><td><div><p>Are you able to adapt to the stress of everyday life?  Do you feel calm and content?</p>\n</div></td></tr><tr><td style=\"white-space:nowrap\"><a name=\"x-http://mtnlotus.com/uv/pco/CodeSystem/mtnlotus-concepts-nourishment\"> </a>\u00a0\u00a0<a href=\"CodeSystem-mtnlotus-concepts.html#mtnlotus-concepts-nourishment\">nourishment</a></td><td>http://mtnlotus.com/uv/pco/CodeSystem/mtnlotus-concepts</td><td>Nourishment</td><td><div><p>Do you use food to fuel your mind and body?</p>\n</div></td></tr><tr><td style=\"white-space:nowrap\"><a name=\"x-http://mtnlotus.com/uv/pco/CodeSystem/mtnlotus-concepts-sleep\"> </a>\u00a0\u00a0<a href=\"CodeSystem-mtnlotus-concepts.html#mtnlotus-concepts-sleep\">sleep</a></td><td>http://mtnlotus.com/uv/pco/CodeSystem/mtnlotus-concepts</td><td>Restful Sleep</td><td><div><p>Does the quality and quantity of your sleep feel restorative and restful?</p>\n</div></td></tr><tr><td style=\"white-space:nowrap\"><a name=\"x-http://mtnlotus.com/uv/pco/CodeSystem/mtnlotus-concepts-physical-environment\"> </a>\u00a0\u00a0<a href=\"CodeSystem-mtnlotus-concepts.html#mtnlotus-concepts-physical-environment\">physical-environment</a></td><td>http://mtnlotus.com/uv/pco/CodeSystem/mtnlotus-concepts</td><td>Physical Environment</td><td><div><p>Does your physical environment support your overall health and wellbeing?</p>\n</div></td></tr><tr><td style=\"white-space:nowrap\"><a name=\"x-http://mtnlotus.com/uv/pco/CodeSystem/mtnlotus-concepts-fulfillment-purpose\"> </a>\u00a0\u00a0<a href=\"CodeSystem-mtnlotus-concepts.html#mtnlotus-concepts-fulfillment-purpose\">fulfillment-purpose</a></td><td>http://mtnlotus.com/uv/pco/CodeSystem/mtnlotus-concepts</td><td>Fulfillment &amp; Purpose</td><td><div><p>Do you feel a sense of fulfillment and purpose in your life?</p>\n</div></td></tr><tr><td style=\"white-space:nowrap\"><a name=\"x-http://mtnlotus.com/uv/pco/CodeSystem/mtnlotus-concepts-creativity-play\"> </a>\u00a0\u00a0<a href=\"CodeSystem-mtnlotus-concepts.html#mtnlotus-concepts-creativity-play\">creativity-play</a></td><td>http://mtnlotus.com/uv/pco/CodeSystem/mtnlotus-concepts</td><td>Creativity &amp; Play</td><td><div><p>Do you make time for things that are inspiring and/or make your heart sing?</p>\n</div></td></tr><tr><td style=\"white-space:nowrap\"><a name=\"x-http://mtnlotus.com/uv/pco/CodeSystem/mtnlotus-concepts-community\"> </a>\u00a0\u00a0<a href=\"CodeSystem-mtnlotus-concepts.html#mtnlotus-concepts-community\">community</a></td><td>http://mtnlotus.com/uv/pco/CodeSystem/mtnlotus-concepts</td><td>Community</td><td><div><p>Do you have deep and meaningful relationships with people or pets in your life and/or community?</p>\n</div></td></tr></table></div>"
      },
      "url" : "http://mtnlotus.com/uv/pco/ValueSet/what-matters-focus-areas",
      "version" : "0.1.0",
      "name" : "WhatMattersFocusAreas",
      "title" : "What Matters Focus Areas",
      "status" : "draft",
      "experimental" : false,
      "date" : "2024-09-06T15:21:17+00:00",
      "jurisdiction" : [{
        "coding" : [{
          "system" : "http://unstats.un.org/unsd/methods/m49/m49.htm",
          "code" : "001",
          "display" : "World"
        }]
      }],
      "expansion" : {
        "identifier" : "urn:uuid:642e1b67-f8c6-4248-8e44-4dc8582da8fc",
        "timestamp" : "2024-09-06T15:22:30+00:00",
        "total" : 17,
        "offset" : 0,
        "parameter" : [{
          "name" : "count",
          "valueInteger" : 1000
        },
        {
          "name" : "offset",
          "valueInteger" : 0
        },
        {
          "name" : "excludeNested",
          "valueBoolean" : false
        },
        {
          "name" : "used-codesystem",
          "valueUri" : "http://mtnlotus.com/uv/pco/CodeSystem/va-whole-health|0.1.0"
        },
        {
          "name" : "used-codesystem",
          "valueUri" : "http://mtnlotus.com/uv/pco/CodeSystem/mtnlotus-concepts|0.1.0"
        }],
        "contains" : [{
          "system" : "http://mtnlotus.com/uv/pco/CodeSystem/va-whole-health",
          "code" : "body",
          "display" : "Moving the Body"
        },
        {
          "system" : "http://mtnlotus.com/uv/pco/CodeSystem/va-whole-health",
          "code" : "mind",
          "display" : "Power of the Mind"
        },
        {
          "system" : "http://mtnlotus.com/uv/pco/CodeSystem/va-whole-health",
          "code" : "nourishment",
          "display" : "Food & Drink"
        },
        {
          "system" : "http://mtnlotus.com/uv/pco/CodeSystem/va-whole-health",
          "code" : "recharge",
          "display" : "Recharge"
        },
        {
          "system" : "http://mtnlotus.com/uv/pco/CodeSystem/va-whole-health",
          "code" : "surroundings",
          "display" : "Surroundings"
        },
        {
          "system" : "http://mtnlotus.com/uv/pco/CodeSystem/va-whole-health",
          "code" : "personal-development",
          "display" : "Personal Development"
        },
        {
          "system" : "http://mtnlotus.com/uv/pco/CodeSystem/va-whole-health",
          "code" : "spirit-and-soul",
          "display" : "Spirit & Soul"
        },
        {
          "system" : "http://mtnlotus.com/uv/pco/CodeSystem/va-whole-health",
          "code" : "relationships",
          "display" : "Family, Friends & Co-Workers"
        },
        {
          "system" : "http://mtnlotus.com/uv/pco/CodeSystem/va-whole-health",
          "code" : "professional-care",
          "display" : "Professional Care"
        },
        {
          "system" : "http://mtnlotus.com/uv/pco/CodeSystem/mtnlotus-concepts",
          "code" : "body",
          "display" : "Healthy Body"
        },
        {
          "system" : "http://mtnlotus.com/uv/pco/CodeSystem/mtnlotus-concepts",
          "code" : "mind",
          "display" : "Healthy Mind"
        },
        {
          "system" : "http://mtnlotus.com/uv/pco/CodeSystem/mtnlotus-concepts",
          "code" : "nourishment",
          "display" : "Nourishment"
        },
        {
          "system" : "http://mtnlotus.com/uv/pco/CodeSystem/mtnlotus-concepts",
          "code" : "sleep",
          "display" : "Restful Sleep"
        },
        {
          "system" : "http://mtnlotus.com/uv/pco/CodeSystem/mtnlotus-concepts",
          "code" : "physical-environment",
          "display" : "Physical Environment"
        },
        {
          "system" : "http://mtnlotus.com/uv/pco/CodeSystem/mtnlotus-concepts",
          "code" : "fulfillment-purpose",
          "display" : "Fulfillment & Purpose"
        },
        {
          "system" : "http://mtnlotus.com/uv/pco/CodeSystem/mtnlotus-concepts",
          "code" : "creativity-play",
          "display" : "Creativity & Play"
        },
        {
          "system" : "http://mtnlotus.com/uv/pco/CodeSystem/mtnlotus-concepts",
          "code" : "community",
          "display" : "Community"
        }]
      }
    }
  }]
}