{
  "resourceType" : "Bundle",
  "id" : "964e33f6-8387-4f13-ac85-967629aa8df9",
  "meta" : {
    "lastUpdated" : "2024-08-15T16:20:36.095+00:00"
  },
  "type" : "collection",
  "entry" : [{
    "fullUrl" : "http://mtnlotus.com/uv/pco/ValueSet/caregiver-gas-followup-vs",
    "resource" : {
      "resourceType" : "ValueSet",
      "text" : {
        "status" : "generated",
        "div" : "<div xmlns=\"http://www.w3.org/1999/xhtml\"><p class=\"res-header-id\"><b>Generated Narrative: ValueSet </b></p><p style=\"border: black 1px dotted; background-color: #EEEEEE; padding: 8px; margin-bottom: 8px\">Expansion based on <a href=\"CodeSystem-pco-gas-codes-temporary.html\">codesystem Goal Attainment Scaling (GAS) Codes v0.1.0 (CodeSystem)</a></p><p>This value set contains 5 concepts</p><table class=\"codes\"><tr><td style=\"white-space:nowrap\"><b>Code</b></td><td><b>System</b></td><td><b>Display</b></td></tr><tr><td style=\"white-space:nowrap\"><a name=\"x-http://mtnlotus.com/uv/pco/CodeSystem/pco-gas-codes-temporary-caregiver-gas-much-better-than-expected\"> </a>\u00a0\u00a0<a href=\"CodeSystem-pco-gas-codes-temporary.html#pco-gas-codes-temporary-caregiver-gas-much-better-than-expected\">caregiver-gas-much-better-than-expected</a></td><td>http://mtnlotus.com/uv/pco/CodeSystem/pco-gas-codes-temporary</td><td>Much better than expected</td></tr><tr><td style=\"white-space:nowrap\"><a name=\"x-http://mtnlotus.com/uv/pco/CodeSystem/pco-gas-codes-temporary-caregiver-gas-better-than-expected\"> </a>\u00a0\u00a0<a href=\"CodeSystem-pco-gas-codes-temporary.html#pco-gas-codes-temporary-caregiver-gas-better-than-expected\">caregiver-gas-better-than-expected</a></td><td>http://mtnlotus.com/uv/pco/CodeSystem/pco-gas-codes-temporary</td><td>Better than expected</td></tr><tr><td style=\"white-space:nowrap\"><a name=\"x-http://mtnlotus.com/uv/pco/CodeSystem/pco-gas-codes-temporary-caregiver-gas-expected-outcome\"> </a>\u00a0\u00a0<a href=\"CodeSystem-pco-gas-codes-temporary.html#pco-gas-codes-temporary-caregiver-gas-expected-outcome\">caregiver-gas-expected-outcome</a></td><td>http://mtnlotus.com/uv/pco/CodeSystem/pco-gas-codes-temporary</td><td>Expected outcome</td></tr><tr><td style=\"white-space:nowrap\"><a name=\"x-http://mtnlotus.com/uv/pco/CodeSystem/pco-gas-codes-temporary-caregiver-gas-less-than-expected\"> </a>\u00a0\u00a0<a href=\"CodeSystem-pco-gas-codes-temporary.html#pco-gas-codes-temporary-caregiver-gas-less-than-expected\">caregiver-gas-less-than-expected</a></td><td>http://mtnlotus.com/uv/pco/CodeSystem/pco-gas-codes-temporary</td><td>Less than expected</td></tr><tr><td style=\"white-space:nowrap\"><a name=\"x-http://mtnlotus.com/uv/pco/CodeSystem/pco-gas-codes-temporary-caregiver-gas-much-less-than-expected\"> </a>\u00a0\u00a0<a href=\"CodeSystem-pco-gas-codes-temporary.html#pco-gas-codes-temporary-caregiver-gas-much-less-than-expected\">caregiver-gas-much-less-than-expected</a></td><td>http://mtnlotus.com/uv/pco/CodeSystem/pco-gas-codes-temporary</td><td>Much less than expected</td></tr></table></div>"
      },
      "url" : "http://mtnlotus.com/uv/pco/ValueSet/caregiver-gas-followup-vs",
      "version" : "0.1.0",
      "name" : "CaregiverGASFollowupVS",
      "title" : "Caregiver Follow-Up GAS Score",
      "status" : "draft",
      "experimental" : false,
      "date" : "2024-08-15T16:20:36+00:00",
      "jurisdiction" : [{
        "coding" : [{
          "system" : "http://unstats.un.org/unsd/methods/m49/m49.htm",
          "code" : "001",
          "display" : "World"
        }]
      }],
      "expansion" : {
        "identifier" : "urn:uuid:c98cce27-d81a-4508-9235-7572b7cb78e7",
        "timestamp" : "2024-08-15T16:21:20+00:00",
        "total" : 5,
        "offset" : 0,
        "parameter" : [{
          "name" : "count",
          "valueInteger" : 1000
        },
        {
          "name" : "offset",
          "valueInteger" : 0
        },
        {
          "name" : "excludeNested",
          "valueBoolean" : false
        },
        {
          "name" : "used-codesystem",
          "valueUri" : "http://mtnlotus.com/uv/pco/CodeSystem/pco-gas-codes-temporary|0.1.0"
        }],
        "contains" : [{
          "system" : "http://mtnlotus.com/uv/pco/CodeSystem/pco-gas-codes-temporary",
          "code" : "caregiver-gas-much-better-than-expected",
          "display" : "Much better than expected"
        },
        {
          "system" : "http://mtnlotus.com/uv/pco/CodeSystem/pco-gas-codes-temporary",
          "code" : "caregiver-gas-better-than-expected",
          "display" : "Better than expected"
        },
        {
          "system" : "http://mtnlotus.com/uv/pco/CodeSystem/pco-gas-codes-temporary",
          "code" : "caregiver-gas-expected-outcome",
          "display" : "Expected outcome"
        },
        {
          "system" : "http://mtnlotus.com/uv/pco/CodeSystem/pco-gas-codes-temporary",
          "code" : "caregiver-gas-less-than-expected",
          "display" : "Less than expected"
        },
        {
          "system" : "http://mtnlotus.com/uv/pco/CodeSystem/pco-gas-codes-temporary",
          "code" : "caregiver-gas-much-less-than-expected",
          "display" : "Much less than expected"
        }]
      }
    }
  },
  {
    "fullUrl" : "http://mtnlotus.com/uv/pco/ValueSet/patient-gas-followup-vs",
    "resource" : {
      "resourceType" : "ValueSet",
      "text" : {
        "status" : "generated",
        "div" : "<div xmlns=\"http://www.w3.org/1999/xhtml\"><p class=\"res-header-id\"><b>Generated Narrative: ValueSet </b></p><p style=\"border: black 1px dotted; background-color: #EEEEEE; padding: 8px; margin-bottom: 8px\">Expansion based on <a href=\"CodeSystem-pco-gas-codes-temporary.html\">codesystem Goal Attainment Scaling (GAS) Codes v0.1.0 (CodeSystem)</a></p><p>This value set contains 5 concepts</p><table class=\"codes\"><tr><td style=\"white-space:nowrap\"><b>Code</b></td><td><b>System</b></td><td><b>Display</b></td></tr><tr><td style=\"white-space:nowrap\"><a name=\"x-http://mtnlotus.com/uv/pco/CodeSystem/pco-gas-codes-temporary-patient-gas-much-better-than-expected\"> </a>\u00a0\u00a0<a href=\"CodeSystem-pco-gas-codes-temporary.html#pco-gas-codes-temporary-patient-gas-much-better-than-expected\">patient-gas-much-better-than-expected</a></td><td>http://mtnlotus.com/uv/pco/CodeSystem/pco-gas-codes-temporary</td><td>Much better than expected</td></tr><tr><td style=\"white-space:nowrap\"><a name=\"x-http://mtnlotus.com/uv/pco/CodeSystem/pco-gas-codes-temporary-patient-gas-better-than-expected\"> </a>\u00a0\u00a0<a href=\"CodeSystem-pco-gas-codes-temporary.html#pco-gas-codes-temporary-patient-gas-better-than-expected\">patient-gas-better-than-expected</a></td><td>http://mtnlotus.com/uv/pco/CodeSystem/pco-gas-codes-temporary</td><td>Better than expected</td></tr><tr><td style=\"white-space:nowrap\"><a name=\"x-http://mtnlotus.com/uv/pco/CodeSystem/pco-gas-codes-temporary-patient-gas-expected-outcome\"> </a>\u00a0\u00a0<a href=\"CodeSystem-pco-gas-codes-temporary.html#pco-gas-codes-temporary-patient-gas-expected-outcome\">patient-gas-expected-outcome</a></td><td>http://mtnlotus.com/uv/pco/CodeSystem/pco-gas-codes-temporary</td><td>Expected outcome</td></tr><tr><td style=\"white-space:nowrap\"><a name=\"x-http://mtnlotus.com/uv/pco/CodeSystem/pco-gas-codes-temporary-patient-gas-less-than-expected\"> </a>\u00a0\u00a0<a href=\"CodeSystem-pco-gas-codes-temporary.html#pco-gas-codes-temporary-patient-gas-less-than-expected\">patient-gas-less-than-expected</a></td><td>http://mtnlotus.com/uv/pco/CodeSystem/pco-gas-codes-temporary</td><td>Less than expected</td></tr><tr><td style=\"white-space:nowrap\"><a name=\"x-http://mtnlotus.com/uv/pco/CodeSystem/pco-gas-codes-temporary-patient-gas-much-less-than-expected\"> </a>\u00a0\u00a0<a href=\"CodeSystem-pco-gas-codes-temporary.html#pco-gas-codes-temporary-patient-gas-much-less-than-expected\">patient-gas-much-less-than-expected</a></td><td>http://mtnlotus.com/uv/pco/CodeSystem/pco-gas-codes-temporary</td><td>Much less than expected</td></tr></table></div>"
      },
      "url" : "http://mtnlotus.com/uv/pco/ValueSet/patient-gas-followup-vs",
      "version" : "0.1.0",
      "name" : "PatientGASFollowupVS",
      "title" : "Patient Follow-Up GAS Score",
      "status" : "draft",
      "experimental" : false,
      "date" : "2024-08-15T16:20:36+00:00",
      "jurisdiction" : [{
        "coding" : [{
          "system" : "http://unstats.un.org/unsd/methods/m49/m49.htm",
          "code" : "001",
          "display" : "World"
        }]
      }],
      "expansion" : {
        "identifier" : "urn:uuid:acee2627-e25d-43fa-a6bc-951c4d641bf9",
        "timestamp" : "2024-08-15T16:21:21+00:00",
        "total" : 5,
        "offset" : 0,
        "parameter" : [{
          "name" : "count",
          "valueInteger" : 1000
        },
        {
          "name" : "offset",
          "valueInteger" : 0
        },
        {
          "name" : "excludeNested",
          "valueBoolean" : false
        },
        {
          "name" : "used-codesystem",
          "valueUri" : "http://mtnlotus.com/uv/pco/CodeSystem/pco-gas-codes-temporary|0.1.0"
        }],
        "contains" : [{
          "system" : "http://mtnlotus.com/uv/pco/CodeSystem/pco-gas-codes-temporary",
          "code" : "patient-gas-much-better-than-expected",
          "display" : "Much better than expected"
        },
        {
          "system" : "http://mtnlotus.com/uv/pco/CodeSystem/pco-gas-codes-temporary",
          "code" : "patient-gas-better-than-expected",
          "display" : "Better than expected"
        },
        {
          "system" : "http://mtnlotus.com/uv/pco/CodeSystem/pco-gas-codes-temporary",
          "code" : "patient-gas-expected-outcome",
          "display" : "Expected outcome"
        },
        {
          "system" : "http://mtnlotus.com/uv/pco/CodeSystem/pco-gas-codes-temporary",
          "code" : "patient-gas-less-than-expected",
          "display" : "Less than expected"
        },
        {
          "system" : "http://mtnlotus.com/uv/pco/CodeSystem/pco-gas-codes-temporary",
          "code" : "patient-gas-much-less-than-expected",
          "display" : "Much less than expected"
        }]
      }
    }
  },
  {
    "fullUrl" : "http://mtnlotus.com/uv/pco/ValueSet/pco-category-valueset",
    "resource" : {
      "resourceType" : "ValueSet",
      "text" : {
        "status" : "generated",
        "div" : "<div xmlns=\"http://www.w3.org/1999/xhtml\"><p class=\"res-header-id\"><b>Generated Narrative: ValueSet </b></p><p style=\"border: black 1px dotted; background-color: #EEEEEE; padding: 8px; margin-bottom: 8px\">Expansion based on <a href=\"CodeSystem-pco-category-codes-example.html\">codesystem Category Code Examples v0.1.0 (CodeSystem)</a></p><p>This value set contains 12 concepts</p><table class=\"codes\"><tr><td style=\"white-space:nowrap\"><b>Code</b></td><td><b>System</b></td><td><b>Display</b></td><td><b>Definition</b></td></tr><tr><td style=\"white-space:nowrap\"><a name=\"x-http://mtnlotus.com/uv/pco/CodeSystem/pco-category-codes-example-housing\"> </a>\u00a0\u00a0<a href=\"CodeSystem-pco-category-codes-example.html#pco-category-codes-example-housing\">housing</a></td><td>http://mtnlotus.com/uv/pco/CodeSystem/pco-category-codes-example</td><td>Housing</td><td><div><p>Having acceptable housing that is appropriate for a person's needs.</p>\n</div></td></tr><tr><td style=\"white-space:nowrap\"><a name=\"x-http://mtnlotus.com/uv/pco/CodeSystem/pco-category-codes-example-access-to-services\"> </a>\u00a0\u00a0<a href=\"CodeSystem-pco-category-codes-example.html#pco-category-codes-example-access-to-services\">access-to-services</a></td><td>http://mtnlotus.com/uv/pco/CodeSystem/pco-category-codes-example</td><td>Access To Services</td><td><div><p>Ability to access, afford, and utilize appropriate health and community resources. Includes access to transportation, stable food resources, and assistance with financial concerns.</p>\n</div></td></tr><tr><td style=\"white-space:nowrap\"><a name=\"x-http://mtnlotus.com/uv/pco/CodeSystem/pco-category-codes-example-caregiver-needs\"> </a>\u00a0\u00a0<a href=\"CodeSystem-pco-category-codes-example.html#pco-category-codes-example-caregiver-needs\">caregiver-needs</a></td><td>http://mtnlotus.com/uv/pco/CodeSystem/pco-category-codes-example</td><td>Caregiver Needs</td><td><div/></td></tr><tr><td style=\"white-space:nowrap\"><a name=\"x-http://mtnlotus.com/uv/pco/CodeSystem/pco-category-codes-example-end-of-life\"> </a>\u00a0\u00a0<a href=\"CodeSystem-pco-category-codes-example.html#pco-category-codes-example-end-of-life\">end-of-life</a></td><td>http://mtnlotus.com/uv/pco/CodeSystem/pco-category-codes-example</td><td>End Of Life</td><td><div><p>Planning for end-of-life care and desires to reduce burden on family or others.</p>\n</div></td></tr><tr><td style=\"white-space:nowrap\"><a name=\"x-http://mtnlotus.com/uv/pco/CodeSystem/pco-category-codes-example-independence\"> </a>\u00a0\u00a0<a href=\"CodeSystem-pco-category-codes-example.html#pco-category-codes-example-independence\">independence</a></td><td>http://mtnlotus.com/uv/pco/CodeSystem/pco-category-codes-example</td><td>Independence</td><td><div><p>Ability to live independently without help or assistance from others.</p>\n</div></td></tr><tr><td style=\"white-space:nowrap\"><a name=\"x-http://mtnlotus.com/uv/pco/CodeSystem/pco-category-codes-example-legal\"> </a>\u00a0\u00a0<a href=\"CodeSystem-pco-category-codes-example.html#pco-category-codes-example-legal\">legal</a></td><td>http://mtnlotus.com/uv/pco/CodeSystem/pco-category-codes-example</td><td>Legal</td><td><div><p>Having adequate support for legal issues such as child custody, medical power of attorney, etc.</p>\n</div></td></tr><tr><td style=\"white-space:nowrap\"><a name=\"x-http://mtnlotus.com/uv/pco/CodeSystem/pco-category-codes-example-managing-conditions\"> </a>\u00a0\u00a0<a href=\"CodeSystem-pco-category-codes-example.html#pco-category-codes-example-managing-conditions\">managing-conditions</a></td><td>http://mtnlotus.com/uv/pco/CodeSystem/pco-category-codes-example</td><td>Managing Conditions</td><td><div><p>Satisfaction with health care received or desired, and experiences with providers and the health care system.</p>\n</div></td></tr><tr><td style=\"white-space:nowrap\"><a name=\"x-http://mtnlotus.com/uv/pco/CodeSystem/pco-category-codes-example-medication-management\"> </a>\u00a0\u00a0<a href=\"CodeSystem-pco-category-codes-example.html#pco-category-codes-example-medication-management\">medication-management</a></td><td>http://mtnlotus.com/uv/pco/CodeSystem/pco-category-codes-example</td><td>Medication Management</td><td><div><p>Satisfaction with ability to manage medications.</p>\n</div></td></tr><tr><td style=\"white-space:nowrap\"><a name=\"x-http://mtnlotus.com/uv/pco/CodeSystem/pco-category-codes-example-improving-health-and-wellness\"> </a>\u00a0\u00a0<a href=\"CodeSystem-pco-category-codes-example.html#pco-category-codes-example-improving-health-and-wellness\">improving-health-and-wellness</a></td><td>http://mtnlotus.com/uv/pco/CodeSystem/pco-category-codes-example</td><td>Improving Health And Wellness</td><td><div><p>Ability to develop, improve and maintain positive health and wellness habits.</p>\n</div></td></tr><tr><td style=\"white-space:nowrap\"><a name=\"x-http://mtnlotus.com/uv/pco/CodeSystem/pco-category-codes-example-physical-function\"> </a>\u00a0\u00a0<a href=\"CodeSystem-pco-category-codes-example.html#pco-category-codes-example-physical-function\">physical-function</a></td><td>http://mtnlotus.com/uv/pco/CodeSystem/pco-category-codes-example</td><td>Physical Function</td><td><div><p>Ability to manage physical functioning, physical symptoms or conditions, and improve or maintain ability to participate in physical activities.</p>\n</div></td></tr><tr><td style=\"white-space:nowrap\"><a name=\"x-http://mtnlotus.com/uv/pco/CodeSystem/pco-category-codes-example-social-functioning\"> </a>\u00a0\u00a0<a href=\"CodeSystem-pco-category-codes-example.html#pco-category-codes-example-social-functioning\">social-functioning</a></td><td>http://mtnlotus.com/uv/pco/CodeSystem/pco-category-codes-example</td><td>Social Functioning</td><td><div/></td></tr><tr><td style=\"white-space:nowrap\"><a name=\"x-http://mtnlotus.com/uv/pco/CodeSystem/pco-category-codes-example-emotional-and-mental-health\"> </a>\u00a0\u00a0<a href=\"CodeSystem-pco-category-codes-example.html#pco-category-codes-example-emotional-and-mental-health\">emotional-and-mental-health</a></td><td>http://mtnlotus.com/uv/pco/CodeSystem/pco-category-codes-example</td><td>Emotional And Mental Health</td><td><div/></td></tr></table></div>"
      },
      "url" : "http://mtnlotus.com/uv/pco/ValueSet/pco-category-valueset",
      "version" : "0.1.0",
      "name" : "PCOCategoryValueSet",
      "title" : "PCO Categories",
      "status" : "draft",
      "date" : "2024-08-15T16:20:36+00:00",
      "jurisdiction" : [{
        "coding" : [{
          "system" : "http://unstats.un.org/unsd/methods/m49/m49.htm",
          "code" : "001",
          "display" : "World"
        }]
      }],
      "expansion" : {
        "identifier" : "urn:uuid:7b3a4061-1564-4f78-a584-97f957839a2d",
        "timestamp" : "2024-08-15T16:21:21+00:00",
        "total" : 12,
        "offset" : 0,
        "parameter" : [{
          "name" : "count",
          "valueInteger" : 1000
        },
        {
          "name" : "offset",
          "valueInteger" : 0
        },
        {
          "name" : "excludeNested",
          "valueBoolean" : false
        },
        {
          "name" : "used-codesystem",
          "valueUri" : "http://mtnlotus.com/uv/pco/CodeSystem/pco-category-codes-example|0.1.0"
        }],
        "contains" : [{
          "system" : "http://mtnlotus.com/uv/pco/CodeSystem/pco-category-codes-example",
          "code" : "housing",
          "display" : "Housing"
        },
        {
          "system" : "http://mtnlotus.com/uv/pco/CodeSystem/pco-category-codes-example",
          "code" : "access-to-services",
          "display" : "Access To Services"
        },
        {
          "system" : "http://mtnlotus.com/uv/pco/CodeSystem/pco-category-codes-example",
          "code" : "caregiver-needs",
          "display" : "Caregiver Needs"
        },
        {
          "system" : "http://mtnlotus.com/uv/pco/CodeSystem/pco-category-codes-example",
          "code" : "end-of-life",
          "display" : "End Of Life"
        },
        {
          "system" : "http://mtnlotus.com/uv/pco/CodeSystem/pco-category-codes-example",
          "code" : "independence",
          "display" : "Independence"
        },
        {
          "system" : "http://mtnlotus.com/uv/pco/CodeSystem/pco-category-codes-example",
          "code" : "legal",
          "display" : "Legal"
        },
        {
          "system" : "http://mtnlotus.com/uv/pco/CodeSystem/pco-category-codes-example",
          "code" : "managing-conditions",
          "display" : "Managing Conditions"
        },
        {
          "system" : "http://mtnlotus.com/uv/pco/CodeSystem/pco-category-codes-example",
          "code" : "medication-management",
          "display" : "Medication Management"
        },
        {
          "system" : "http://mtnlotus.com/uv/pco/CodeSystem/pco-category-codes-example",
          "code" : "improving-health-and-wellness",
          "display" : "Improving Health And Wellness"
        },
        {
          "system" : "http://mtnlotus.com/uv/pco/CodeSystem/pco-category-codes-example",
          "code" : "physical-function",
          "display" : "Physical Function"
        },
        {
          "system" : "http://mtnlotus.com/uv/pco/CodeSystem/pco-category-codes-example",
          "code" : "social-functioning",
          "display" : "Social Functioning"
        },
        {
          "system" : "http://mtnlotus.com/uv/pco/CodeSystem/pco-category-codes-example",
          "code" : "emotional-and-mental-health",
          "display" : "Emotional And Mental Health"
        }]
      }
    }
  },
  {
    "fullUrl" : "http://mtnlotus.com/uv/pco/ValueSet/practitioner-gas-followup-vs",
    "resource" : {
      "resourceType" : "ValueSet",
      "text" : {
        "status" : "generated",
        "div" : "<div xmlns=\"http://www.w3.org/1999/xhtml\"><p class=\"res-header-id\"><b>Generated Narrative: ValueSet </b></p><p style=\"border: black 1px dotted; background-color: #EEEEEE; padding: 8px; margin-bottom: 8px\">Expansion based on <a href=\"CodeSystem-pco-gas-codes-temporary.html\">codesystem Goal Attainment Scaling (GAS) Codes v0.1.0 (CodeSystem)</a></p><p>This value set contains 5 concepts</p><table class=\"codes\"><tr><td style=\"white-space:nowrap\"><b>Code</b></td><td><b>System</b></td><td><b>Display</b></td></tr><tr><td style=\"white-space:nowrap\"><a name=\"x-http://mtnlotus.com/uv/pco/CodeSystem/pco-gas-codes-temporary-practitioner-gas-much-better-than-expected\"> </a>\u00a0\u00a0<a href=\"CodeSystem-pco-gas-codes-temporary.html#pco-gas-codes-temporary-practitioner-gas-much-better-than-expected\">practitioner-gas-much-better-than-expected</a></td><td>http://mtnlotus.com/uv/pco/CodeSystem/pco-gas-codes-temporary</td><td>Much better than expected</td></tr><tr><td style=\"white-space:nowrap\"><a name=\"x-http://mtnlotus.com/uv/pco/CodeSystem/pco-gas-codes-temporary-practitioner-gas-better-than-expected\"> </a>\u00a0\u00a0<a href=\"CodeSystem-pco-gas-codes-temporary.html#pco-gas-codes-temporary-practitioner-gas-better-than-expected\">practitioner-gas-better-than-expected</a></td><td>http://mtnlotus.com/uv/pco/CodeSystem/pco-gas-codes-temporary</td><td>Better than expected</td></tr><tr><td style=\"white-space:nowrap\"><a name=\"x-http://mtnlotus.com/uv/pco/CodeSystem/pco-gas-codes-temporary-practitioner-gas-expected-outcome\"> </a>\u00a0\u00a0<a href=\"CodeSystem-pco-gas-codes-temporary.html#pco-gas-codes-temporary-practitioner-gas-expected-outcome\">practitioner-gas-expected-outcome</a></td><td>http://mtnlotus.com/uv/pco/CodeSystem/pco-gas-codes-temporary</td><td>Expected outcome</td></tr><tr><td style=\"white-space:nowrap\"><a name=\"x-http://mtnlotus.com/uv/pco/CodeSystem/pco-gas-codes-temporary-practitioner-gas-less-than-expected\"> </a>\u00a0\u00a0<a href=\"CodeSystem-pco-gas-codes-temporary.html#pco-gas-codes-temporary-practitioner-gas-less-than-expected\">practitioner-gas-less-than-expected</a></td><td>http://mtnlotus.com/uv/pco/CodeSystem/pco-gas-codes-temporary</td><td>Less than expected</td></tr><tr><td style=\"white-space:nowrap\"><a name=\"x-http://mtnlotus.com/uv/pco/CodeSystem/pco-gas-codes-temporary-practitioner-gas-much-less-than-expected\"> </a>\u00a0\u00a0<a href=\"CodeSystem-pco-gas-codes-temporary.html#pco-gas-codes-temporary-practitioner-gas-much-less-than-expected\">practitioner-gas-much-less-than-expected</a></td><td>http://mtnlotus.com/uv/pco/CodeSystem/pco-gas-codes-temporary</td><td>Much less than expected</td></tr></table></div>"
      },
      "url" : "http://mtnlotus.com/uv/pco/ValueSet/practitioner-gas-followup-vs",
      "version" : "0.1.0",
      "name" : "PractitionerGASFollowupVS",
      "title" : "Practitioner Follow-Up GAS Score",
      "status" : "draft",
      "experimental" : false,
      "date" : "2024-08-15T16:20:36+00:00",
      "jurisdiction" : [{
        "coding" : [{
          "system" : "http://unstats.un.org/unsd/methods/m49/m49.htm",
          "code" : "001",
          "display" : "World"
        }]
      }],
      "expansion" : {
        "identifier" : "urn:uuid:8aae6914-0e8f-4580-b8d2-da4a8f93adb0",
        "timestamp" : "2024-08-15T16:21:21+00:00",
        "total" : 5,
        "offset" : 0,
        "parameter" : [{
          "name" : "count",
          "valueInteger" : 1000
        },
        {
          "name" : "offset",
          "valueInteger" : 0
        },
        {
          "name" : "excludeNested",
          "valueBoolean" : false
        },
        {
          "name" : "used-codesystem",
          "valueUri" : "http://mtnlotus.com/uv/pco/CodeSystem/pco-gas-codes-temporary|0.1.0"
        }],
        "contains" : [{
          "system" : "http://mtnlotus.com/uv/pco/CodeSystem/pco-gas-codes-temporary",
          "code" : "practitioner-gas-much-better-than-expected",
          "display" : "Much better than expected"
        },
        {
          "system" : "http://mtnlotus.com/uv/pco/CodeSystem/pco-gas-codes-temporary",
          "code" : "practitioner-gas-better-than-expected",
          "display" : "Better than expected"
        },
        {
          "system" : "http://mtnlotus.com/uv/pco/CodeSystem/pco-gas-codes-temporary",
          "code" : "practitioner-gas-expected-outcome",
          "display" : "Expected outcome"
        },
        {
          "system" : "http://mtnlotus.com/uv/pco/CodeSystem/pco-gas-codes-temporary",
          "code" : "practitioner-gas-less-than-expected",
          "display" : "Less than expected"
        },
        {
          "system" : "http://mtnlotus.com/uv/pco/CodeSystem/pco-gas-codes-temporary",
          "code" : "practitioner-gas-much-less-than-expected",
          "display" : "Much less than expected"
        }]
      }
    }
  }]
}