{
  "resourceType" : "Bundle",
  "id" : "fbb09f73-5c0b-45cf-9b3d-4533ff401923",
  "meta" : {
    "lastUpdated" : "2024-10-23T18:44:18.321+00:00"
  },
  "type" : "collection",
  "entry" : [{
    "fullUrl" : "http://mtnlotus.com/uv/pco/ValueSet/gas-score-answers",
    "resource" : {
      "resourceType" : "ValueSet",
      "text" : {
        "status" : "generated",
        "div" : "<div xmlns=\"http://www.w3.org/1999/xhtml\"><p class=\"res-header-id\"><b>Generated Narrative: ValueSet </b></p><p style=\"border: black 1px dotted; background-color: #EEEEEE; padding: 8px; margin-bottom: 8px\">Expansion based on Loinc v2.78</p><p>This value set contains 3 concepts</p><table class=\"codes\"><tr><td style=\"white-space:nowrap\"><b>Code</b></td><td><b>System</b></td><td><b>Display</b></td></tr><tr><td style=\"white-space:nowrap\"><a name=\"x-http://loinc.org-LA6113-0\"> </a>\u00a0\u00a0<a href=\"https://loinc.org/LA6113-0/\">LA6113-0</a></td><td>http://loinc.org</td><td>2 or more</td></tr><tr><td style=\"white-space:nowrap\"><a name=\"x-http://loinc.org-LA6112-2\"> </a>\u00a0\u00a0<a href=\"https://loinc.org/LA6112-2/\">LA6112-2</a></td><td>http://loinc.org</td><td>1</td></tr><tr><td style=\"white-space:nowrap\"><a name=\"x-http://loinc.org-LA6111-4\"> </a>\u00a0\u00a0<a href=\"https://loinc.org/LA6111-4/\">LA6111-4</a></td><td>http://loinc.org</td><td>0</td></tr></table></div>"
      },
      "url" : "http://mtnlotus.com/uv/pco/ValueSet/gas-score-answers",
      "version" : "0.2.0",
      "name" : "GASScoreAnswers",
      "title" : "Follow-Up GAS Score Answers",
      "status" : "draft",
      "experimental" : false,
      "date" : "2024-10-23T18:44:18+00:00",
      "jurisdiction" : [{
        "coding" : [{
          "system" : "http://unstats.un.org/unsd/methods/m49/m49.htm",
          "code" : "001",
          "display" : "World"
        }]
      }],
      "expansion" : {
        "identifier" : "urn:uuid:b4fb1d21-652e-474f-b3be-1e58ad923f98",
        "timestamp" : "2024-10-23T18:45:26+00:00",
        "total" : 3,
        "offset" : 0,
        "parameter" : [{
          "name" : "count",
          "valueInteger" : 1000
        },
        {
          "name" : "offset",
          "valueInteger" : 0
        },
        {
          "name" : "excludeNested",
          "valueBoolean" : false
        },
        {
          "name" : "used-valueset",
          "valueUri" : "null"
        },
        {
          "name" : "used-codesystem",
          "valueUri" : "http://loinc.org|2.78"
        },
        {
          "name" : "version",
          "valueUri" : "http://loinc.org|2.78"
        }],
        "contains" : [{
          "system" : "http://loinc.org",
          "code" : "LA6113-0",
          "display" : "2 or more"
        },
        {
          "system" : "http://loinc.org",
          "code" : "LA6112-2",
          "display" : "1"
        },
        {
          "system" : "http://loinc.org",
          "code" : "LA6111-4",
          "display" : "0"
        }]
      }
    }
  },
  {
    "fullUrl" : "http://mtnlotus.com/uv/pco/ValueSet/goal-attainment-scaling-score",
    "resource" : {
      "resourceType" : "ValueSet",
      "text" : {
        "status" : "generated",
        "div" : "<div xmlns=\"http://www.w3.org/1999/xhtml\"><p class=\"res-header-id\"><b>Generated Narrative: ValueSet </b></p><p style=\"border: black 1px dotted; background-color: #EEEEEE; padding: 8px; margin-bottom: 8px\">Expansion based on Loinc v2.78</p><p>This value set contains 0 concepts</p><table class=\"codes\"><tr><td style=\"white-space:nowrap\"><b>Code</b></td><td><b>System</b></td><td><b>Display</b></td></tr></table></div>"
      },
      "url" : "http://mtnlotus.com/uv/pco/ValueSet/goal-attainment-scaling-score",
      "version" : "0.2.0",
      "name" : "GoalAttainmentScalingScore",
      "title" : "Goal Attainment Scaling (GAS) Score",
      "status" : "draft",
      "experimental" : false,
      "date" : "2024-10-23T18:44:18+00:00",
      "jurisdiction" : [{
        "coding" : [{
          "system" : "http://unstats.un.org/unsd/methods/m49/m49.htm",
          "code" : "001",
          "display" : "World"
        }]
      }],
      "expansion" : {
        "identifier" : "urn:uuid:bfce42bb-4683-406a-b252-46805438ecff",
        "timestamp" : "2024-10-23T18:45:27+00:00",
        "total" : 0,
        "offset" : 0,
        "parameter" : [{
          "name" : "count",
          "valueInteger" : 1000
        },
        {
          "name" : "offset",
          "valueInteger" : 0
        },
        {
          "name" : "excludeNested",
          "valueBoolean" : false
        },
        {
          "name" : "used-valueset",
          "valueUri" : "null"
        },
        {
          "name" : "used-codesystem",
          "valueUri" : "http://loinc.org|2.78"
        },
        {
          "name" : "version",
          "valueUri" : "http://loinc.org|2.78"
        }]
      }
    }
  },
  {
    "fullUrl" : "http://mtnlotus.com/uv/pco/ValueSet/pco-category-valueset",
    "resource" : {
      "resourceType" : "ValueSet",
      "text" : {
        "status" : "generated",
        "div" : "<div xmlns=\"http://www.w3.org/1999/xhtml\"><p class=\"res-header-id\"><b>Generated Narrative: ValueSet </b></p><div style=\"border: black 1px dotted; background-color: #EEEEEE; padding: 8px; margin-bottom: 8px\"><p>Expansion based on:</p><ul><li><a href=\"CodeSystem-ncqa-goal-domains.html\">codesystem NCQA Goal Domains v0.2.0 (CodeSystem)</a></li><li><a href=\"CodeSystem-va-whole-health.html\">codesystem VA Whole Health Concepts v0.2.0 (CodeSystem)</a></li></ul></div><p>This value set contains 21 concepts</p><table class=\"codes\"><tr><td style=\"white-space:nowrap\"><b>Code</b></td><td><b>System</b></td><td><b>Display</b></td><td><b>Definition</b></td></tr><tr><td style=\"white-space:nowrap\"><a name=\"x-http://mtnlotus.com/uv/pco/CodeSystem/ncqa-goal-domains-housing\"> </a>\u00a0\u00a0<a href=\"CodeSystem-ncqa-goal-domains.html#ncqa-goal-domains-housing\">housing</a></td><td>http://mtnlotus.com/uv/pco/CodeSystem/ncqa-goal-domains</td><td>Housing</td><td><div><p>Having acceptable housing that is appropriate for a person's needs.</p>\n</div></td></tr><tr><td style=\"white-space:nowrap\"><a name=\"x-http://mtnlotus.com/uv/pco/CodeSystem/ncqa-goal-domains-access-to-services\"> </a>\u00a0\u00a0<a href=\"CodeSystem-ncqa-goal-domains.html#ncqa-goal-domains-access-to-services\">access-to-services</a></td><td>http://mtnlotus.com/uv/pco/CodeSystem/ncqa-goal-domains</td><td>Access To Services</td><td><div><p>Ability to access, afford, and utilize appropriate health and community resources. Includes access to transportation, stable food resources, and assistance with financial concerns.</p>\n</div></td></tr><tr><td style=\"white-space:nowrap\"><a name=\"x-http://mtnlotus.com/uv/pco/CodeSystem/ncqa-goal-domains-caregiver-needs\"> </a>\u00a0\u00a0<a href=\"CodeSystem-ncqa-goal-domains.html#ncqa-goal-domains-caregiver-needs\">caregiver-needs</a></td><td>http://mtnlotus.com/uv/pco/CodeSystem/ncqa-goal-domains</td><td>Caregiver Needs</td><td><div/></td></tr><tr><td style=\"white-space:nowrap\"><a name=\"x-http://mtnlotus.com/uv/pco/CodeSystem/ncqa-goal-domains-end-of-life\"> </a>\u00a0\u00a0<a href=\"CodeSystem-ncqa-goal-domains.html#ncqa-goal-domains-end-of-life\">end-of-life</a></td><td>http://mtnlotus.com/uv/pco/CodeSystem/ncqa-goal-domains</td><td>End Of Life</td><td><div><p>Planning for end-of-life care and desires to reduce burden on family or others.</p>\n</div></td></tr><tr><td style=\"white-space:nowrap\"><a name=\"x-http://mtnlotus.com/uv/pco/CodeSystem/ncqa-goal-domains-independence\"> </a>\u00a0\u00a0<a href=\"CodeSystem-ncqa-goal-domains.html#ncqa-goal-domains-independence\">independence</a></td><td>http://mtnlotus.com/uv/pco/CodeSystem/ncqa-goal-domains</td><td>Independence</td><td><div><p>Ability to live independently without help or assistance from others.</p>\n</div></td></tr><tr><td style=\"white-space:nowrap\"><a name=\"x-http://mtnlotus.com/uv/pco/CodeSystem/ncqa-goal-domains-legal\"> </a>\u00a0\u00a0<a href=\"CodeSystem-ncqa-goal-domains.html#ncqa-goal-domains-legal\">legal</a></td><td>http://mtnlotus.com/uv/pco/CodeSystem/ncqa-goal-domains</td><td>Legal</td><td><div><p>Having adequate support for legal issues such as child custody, medical power of attorney, etc.</p>\n</div></td></tr><tr><td style=\"white-space:nowrap\"><a name=\"x-http://mtnlotus.com/uv/pco/CodeSystem/ncqa-goal-domains-managing-conditions\"> </a>\u00a0\u00a0<a href=\"CodeSystem-ncqa-goal-domains.html#ncqa-goal-domains-managing-conditions\">managing-conditions</a></td><td>http://mtnlotus.com/uv/pco/CodeSystem/ncqa-goal-domains</td><td>Managing Conditions</td><td><div><p>Satisfaction with health care received or desired, and experiences with providers and the health care system.</p>\n</div></td></tr><tr><td style=\"white-space:nowrap\"><a name=\"x-http://mtnlotus.com/uv/pco/CodeSystem/ncqa-goal-domains-medication-management\"> </a>\u00a0\u00a0<a href=\"CodeSystem-ncqa-goal-domains.html#ncqa-goal-domains-medication-management\">medication-management</a></td><td>http://mtnlotus.com/uv/pco/CodeSystem/ncqa-goal-domains</td><td>Medication Management</td><td><div><p>Satisfaction with ability to manage medications.</p>\n</div></td></tr><tr><td style=\"white-space:nowrap\"><a name=\"x-http://mtnlotus.com/uv/pco/CodeSystem/ncqa-goal-domains-improving-health-and-wellness\"> </a>\u00a0\u00a0<a href=\"CodeSystem-ncqa-goal-domains.html#ncqa-goal-domains-improving-health-and-wellness\">improving-health-and-wellness</a></td><td>http://mtnlotus.com/uv/pco/CodeSystem/ncqa-goal-domains</td><td>Improving Health And Wellness</td><td><div><p>Ability to develop, improve and maintain positive health and wellness habits.</p>\n</div></td></tr><tr><td style=\"white-space:nowrap\"><a name=\"x-http://mtnlotus.com/uv/pco/CodeSystem/ncqa-goal-domains-physical-function\"> </a>\u00a0\u00a0<a href=\"CodeSystem-ncqa-goal-domains.html#ncqa-goal-domains-physical-function\">physical-function</a></td><td>http://mtnlotus.com/uv/pco/CodeSystem/ncqa-goal-domains</td><td>Physical Function</td><td><div><p>Ability to manage physical functioning, physical symptoms or conditions, and improve or maintain ability to participate in physical activities.</p>\n</div></td></tr><tr><td style=\"white-space:nowrap\"><a name=\"x-http://mtnlotus.com/uv/pco/CodeSystem/ncqa-goal-domains-social-functioning\"> </a>\u00a0\u00a0<a href=\"CodeSystem-ncqa-goal-domains.html#ncqa-goal-domains-social-functioning\">social-functioning</a></td><td>http://mtnlotus.com/uv/pco/CodeSystem/ncqa-goal-domains</td><td>Social Functioning</td><td><div/></td></tr><tr><td style=\"white-space:nowrap\"><a name=\"x-http://mtnlotus.com/uv/pco/CodeSystem/ncqa-goal-domains-emotional-and-mental-health\"> </a>\u00a0\u00a0<a href=\"CodeSystem-ncqa-goal-domains.html#ncqa-goal-domains-emotional-and-mental-health\">emotional-and-mental-health</a></td><td>http://mtnlotus.com/uv/pco/CodeSystem/ncqa-goal-domains</td><td>Emotional And Mental Health</td><td><div/></td></tr><tr><td style=\"white-space:nowrap\"><a name=\"x-http://mtnlotus.com/uv/pco/CodeSystem/va-whole-health-body\"> </a>\u00a0\u00a0<a href=\"CodeSystem-va-whole-health.html#va-whole-health-body\">body</a></td><td>http://mtnlotus.com/uv/pco/CodeSystem/va-whole-health</td><td>Moving the Body</td><td><div><p>Our physical, mental, and emotional health are impacted by the amount and kind of movement we do. Moving the body can take many forms such as dancing, walking, gardening, yoga, and exercise.</p>\n</div></td></tr><tr><td style=\"white-space:nowrap\"><a name=\"x-http://mtnlotus.com/uv/pco/CodeSystem/va-whole-health-mind\"> </a>\u00a0\u00a0<a href=\"CodeSystem-va-whole-health.html#va-whole-health-mind\">mind</a></td><td>http://mtnlotus.com/uv/pco/CodeSystem/va-whole-health</td><td>Power of the Mind</td><td><div><p>Our thoughts are powerful and can affect our physical, mental, and emotional health. Changing our mindset can aid in healing and coping. Breathing techniques, guided imagery, Tai Chi, yoga, or gratitude can buffer the impact of stress and other emotions.</p>\n</div></td></tr><tr><td style=\"white-space:nowrap\"><a name=\"x-http://mtnlotus.com/uv/pco/CodeSystem/va-whole-health-nourishment\"> </a>\u00a0\u00a0<a href=\"CodeSystem-va-whole-health.html#va-whole-health-nourishment\">nourishment</a></td><td>http://mtnlotus.com/uv/pco/CodeSystem/va-whole-health</td><td>Food &amp; Drink</td><td><div><p>What we eat and drink can have a huge effect on how we experience life, both physically and mentally. Energy, mood, weight, how long we live, and overall health are all impacted by what and how we choose to eat and drink.</p>\n</div></td></tr><tr><td style=\"white-space:nowrap\"><a name=\"x-http://mtnlotus.com/uv/pco/CodeSystem/va-whole-health-recharge\"> </a>\u00a0\u00a0<a href=\"CodeSystem-va-whole-health.html#va-whole-health-recharge\">recharge</a></td><td>http://mtnlotus.com/uv/pco/CodeSystem/va-whole-health</td><td>Recharge</td><td><div><p>Our bodies and minds must rest and recharge in order to optimize our health. Getting a good night's rest, as well as recharging our mental and physical energy throughout the day, are vital to well-being. Taking short breaks or doing something you enjoy or feels good for moments throughout the day are examples of ways to refresh.</p>\n</div></td></tr><tr><td style=\"white-space:nowrap\"><a name=\"x-http://mtnlotus.com/uv/pco/CodeSystem/va-whole-health-surroundings\"> </a>\u00a0\u00a0<a href=\"CodeSystem-va-whole-health.html#va-whole-health-surroundings\">surroundings</a></td><td>http://mtnlotus.com/uv/pco/CodeSystem/va-whole-health</td><td>Surroundings</td><td><div><p>Our surroundings, both at work and where we live, indoors and out, can affect our health and outlook on life. Changes within our control such as organizing, decluttering, adding a plant or artwork can improve mood and health.</p>\n</div></td></tr><tr><td style=\"white-space:nowrap\"><a name=\"x-http://mtnlotus.com/uv/pco/CodeSystem/va-whole-health-personal-development\"> </a>\u00a0\u00a0<a href=\"CodeSystem-va-whole-health.html#va-whole-health-personal-development\">personal-development</a></td><td>http://mtnlotus.com/uv/pco/CodeSystem/va-whole-health</td><td>Personal Development</td><td><div><p>Our health is impacted by how we choose to spend our time. Aligning our work and personal activities with what really matters to us, or what brings us joy, can have a big effect on our health and outlook on life.</p>\n</div></td></tr><tr><td style=\"white-space:nowrap\"><a name=\"x-http://mtnlotus.com/uv/pco/CodeSystem/va-whole-health-spirit-and-soul\"> </a>\u00a0\u00a0<a href=\"CodeSystem-va-whole-health.html#va-whole-health-spirit-and-soul\">spirit-and-soul</a></td><td>http://mtnlotus.com/uv/pco/CodeSystem/va-whole-health</td><td>Spirit &amp; Soul</td><td><div><p>Connecting with something greater than ourselves may provide a sense of meaning and purpose, peace, or comfort. Connecting and aligning spiritually is very individual and may take the form of religious affiliation, connection to nature, or engaging in things like music or art.</p>\n</div></td></tr><tr><td style=\"white-space:nowrap\"><a name=\"x-http://mtnlotus.com/uv/pco/CodeSystem/va-whole-health-relationships\"> </a>\u00a0\u00a0<a href=\"CodeSystem-va-whole-health.html#va-whole-health-relationships\">relationships</a></td><td>http://mtnlotus.com/uv/pco/CodeSystem/va-whole-health</td><td>Family, Friends &amp; Co-Workers</td><td><div><p>Our relationships, including those with pets, have as significant an effect on our physical and emotional health as any other factor associated with well-being. Spending more time in relationships that &quot;fuel&quot; us and less in relationships that &quot;drain&quot; us is one potential option. Improving our relationship skills or creating new relationships through community activities are other options to consider.</p>\n</div></td></tr><tr><td style=\"white-space:nowrap\"><a name=\"x-http://mtnlotus.com/uv/pco/CodeSystem/va-whole-health-professional-care\"> </a>\u00a0\u00a0<a href=\"CodeSystem-va-whole-health.html#va-whole-health-professional-care\">professional-care</a></td><td>http://mtnlotus.com/uv/pco/CodeSystem/va-whole-health</td><td>Professional Care</td><td><div><p>Staying up to date on prevention and understanding your health concerns, care options, treatment plan, and their role in your health.</p>\n</div></td></tr></table></div>"
      },
      "url" : "http://mtnlotus.com/uv/pco/ValueSet/pco-category-valueset",
      "version" : "0.2.0",
      "name" : "PCOCategoryValueSet",
      "title" : "PCO Categories",
      "status" : "draft",
      "experimental" : false,
      "date" : "2024-10-23T18:44:18+00:00",
      "jurisdiction" : [{
        "coding" : [{
          "system" : "http://unstats.un.org/unsd/methods/m49/m49.htm",
          "code" : "001",
          "display" : "World"
        }]
      }],
      "expansion" : {
        "identifier" : "urn:uuid:9bfa1709-100e-4f98-97e9-e84e63107b8b",
        "timestamp" : "2024-10-23T18:45:28+00:00",
        "total" : 21,
        "offset" : 0,
        "parameter" : [{
          "name" : "count",
          "valueInteger" : 1000
        },
        {
          "name" : "offset",
          "valueInteger" : 0
        },
        {
          "name" : "excludeNested",
          "valueBoolean" : false
        },
        {
          "name" : "used-codesystem",
          "valueUri" : "http://mtnlotus.com/uv/pco/CodeSystem/ncqa-goal-domains|0.2.0"
        },
        {
          "name" : "used-codesystem",
          "valueUri" : "http://mtnlotus.com/uv/pco/CodeSystem/va-whole-health|0.2.0"
        }],
        "contains" : [{
          "system" : "http://mtnlotus.com/uv/pco/CodeSystem/ncqa-goal-domains",
          "code" : "housing",
          "display" : "Housing"
        },
        {
          "system" : "http://mtnlotus.com/uv/pco/CodeSystem/ncqa-goal-domains",
          "code" : "access-to-services",
          "display" : "Access To Services"
        },
        {
          "system" : "http://mtnlotus.com/uv/pco/CodeSystem/ncqa-goal-domains",
          "code" : "caregiver-needs",
          "display" : "Caregiver Needs"
        },
        {
          "system" : "http://mtnlotus.com/uv/pco/CodeSystem/ncqa-goal-domains",
          "code" : "end-of-life",
          "display" : "End Of Life"
        },
        {
          "system" : "http://mtnlotus.com/uv/pco/CodeSystem/ncqa-goal-domains",
          "code" : "independence",
          "display" : "Independence"
        },
        {
          "system" : "http://mtnlotus.com/uv/pco/CodeSystem/ncqa-goal-domains",
          "code" : "legal",
          "display" : "Legal"
        },
        {
          "system" : "http://mtnlotus.com/uv/pco/CodeSystem/ncqa-goal-domains",
          "code" : "managing-conditions",
          "display" : "Managing Conditions"
        },
        {
          "system" : "http://mtnlotus.com/uv/pco/CodeSystem/ncqa-goal-domains",
          "code" : "medication-management",
          "display" : "Medication Management"
        },
        {
          "system" : "http://mtnlotus.com/uv/pco/CodeSystem/ncqa-goal-domains",
          "code" : "improving-health-and-wellness",
          "display" : "Improving Health And Wellness"
        },
        {
          "system" : "http://mtnlotus.com/uv/pco/CodeSystem/ncqa-goal-domains",
          "code" : "physical-function",
          "display" : "Physical Function"
        },
        {
          "system" : "http://mtnlotus.com/uv/pco/CodeSystem/ncqa-goal-domains",
          "code" : "social-functioning",
          "display" : "Social Functioning"
        },
        {
          "system" : "http://mtnlotus.com/uv/pco/CodeSystem/ncqa-goal-domains",
          "code" : "emotional-and-mental-health",
          "display" : "Emotional And Mental Health"
        },
        {
          "system" : "http://mtnlotus.com/uv/pco/CodeSystem/va-whole-health",
          "code" : "body",
          "display" : "Moving the Body"
        },
        {
          "system" : "http://mtnlotus.com/uv/pco/CodeSystem/va-whole-health",
          "code" : "mind",
          "display" : "Power of the Mind"
        },
        {
          "system" : "http://mtnlotus.com/uv/pco/CodeSystem/va-whole-health",
          "code" : "nourishment",
          "display" : "Food & Drink"
        },
        {
          "system" : "http://mtnlotus.com/uv/pco/CodeSystem/va-whole-health",
          "code" : "recharge",
          "display" : "Recharge"
        },
        {
          "system" : "http://mtnlotus.com/uv/pco/CodeSystem/va-whole-health",
          "code" : "surroundings",
          "display" : "Surroundings"
        },
        {
          "system" : "http://mtnlotus.com/uv/pco/CodeSystem/va-whole-health",
          "code" : "personal-development",
          "display" : "Personal Development"
        },
        {
          "system" : "http://mtnlotus.com/uv/pco/CodeSystem/va-whole-health",
          "code" : "spirit-and-soul",
          "display" : "Spirit & Soul"
        },
        {
          "system" : "http://mtnlotus.com/uv/pco/CodeSystem/va-whole-health",
          "code" : "relationships",
          "display" : "Family, Friends & Co-Workers"
        },
        {
          "system" : "http://mtnlotus.com/uv/pco/CodeSystem/va-whole-health",
          "code" : "professional-care",
          "display" : "Professional Care"
        }]
      }
    }
  },
  {
    "fullUrl" : "http://mtnlotus.com/uv/pco/ValueSet/prom-target-measures",
    "resource" : {
      "resourceType" : "ValueSet",
      "text" : {
        "status" : "generated",
        "div" : "<div xmlns=\"http://www.w3.org/1999/xhtml\"><p class=\"res-header-id\"><b>Generated Narrative: ValueSet </b></p><p style=\"border: black 1px dotted; background-color: #EEEEEE; padding: 8px; margin-bottom: 8px\">Expansion based on Loinc v2.78</p><p>This value set contains 34 concepts</p><table class=\"codes\"><tr><td style=\"white-space:nowrap\"><b>Code</b></td><td><b>System</b></td><td><b>Display</b></td></tr><tr><td style=\"white-space:nowrap\"><a name=\"x-http://loinc.org-70274-6\"> </a>\u00a0\u00a0<a href=\"https://loinc.org/70274-6/\">70274-6</a></td><td>http://loinc.org</td><td>Generalized anxiety disorder 7 item (GAD-7) total score [Reported.PHQ]</td></tr><tr><td style=\"white-space:nowrap\"><a name=\"x-http://loinc.org-44261-6\"> </a>\u00a0\u00a0<a href=\"https://loinc.org/44261-6/\">44261-6</a></td><td>http://loinc.org</td><td>Patient Health Questionnaire 9 item (PHQ-9) total score [Reported]</td></tr><tr><td style=\"white-space:nowrap\"><a name=\"x-http://loinc.org-77854-8\"> </a>\u00a0\u00a0<a href=\"https://loinc.org/77854-8/\">77854-8</a></td><td>http://loinc.org</td><td>PROMIS ability to participate in social roles and activities - version 2.0 Tscore</td></tr><tr><td style=\"white-space:nowrap\"><a name=\"x-http://loinc.org-77848-0\"> </a>\u00a0\u00a0<a href=\"https://loinc.org/77848-0/\">77848-0</a></td><td>http://loinc.org</td><td>PROMIS alcohol - alcohol use - version 1.0 Tscore</td></tr><tr><td style=\"white-space:nowrap\"><a name=\"x-http://loinc.org-89921-1\"> </a>\u00a0\u00a0<a href=\"https://loinc.org/89921-1/\">89921-1</a></td><td>http://loinc.org</td><td>PROMIS anger - version 1.1 T-score</td></tr><tr><td style=\"white-space:nowrap\"><a name=\"x-http://loinc.org-77862-1\"> </a>\u00a0\u00a0<a href=\"https://loinc.org/77862-1/\">77862-1</a></td><td>http://loinc.org</td><td>PROMIS emotional distress - anxiety - version 1.0 Tscore</td></tr><tr><td style=\"white-space:nowrap\"><a name=\"x-http://loinc.org-81531-6\"> </a>\u00a0\u00a0<a href=\"https://loinc.org/81531-6/\">81531-6</a></td><td>http://loinc.org</td><td>PROMIS short form - cognitive function 8a - version 2.0 raw score</td></tr><tr><td style=\"white-space:nowrap\"><a name=\"x-http://loinc.org-71965-8\"> </a>\u00a0\u00a0<a href=\"https://loinc.org/71965-8/\">71965-8</a></td><td>http://loinc.org</td><td>PROMIS-29 Depression score T-score</td></tr><tr><td style=\"white-space:nowrap\"><a name=\"x-http://loinc.org-92149-4\"> </a>\u00a0\u00a0<a href=\"https://loinc.org/92149-4/\">92149-4</a></td><td>http://loinc.org</td><td>PROMIS dyspnea severity - version 1.0 T-score</td></tr><tr><td style=\"white-space:nowrap\"><a name=\"x-http://loinc.org-77864-7\"> </a>\u00a0\u00a0<a href=\"https://loinc.org/77864-7/\">77864-7</a></td><td>http://loinc.org</td><td>PROMIS fatigue - version 1.0 Tscore</td></tr><tr><td style=\"white-space:nowrap\"><a name=\"x-http://loinc.org-77851-4\"> </a>\u00a0\u00a0<a href=\"https://loinc.org/77851-4/\">77851-4</a></td><td>http://loinc.org</td><td>PROMIS informational support - version 2.0 Tscore</td></tr><tr><td style=\"white-space:nowrap\"><a name=\"x-http://loinc.org-77850-6\"> </a>\u00a0\u00a0<a href=\"https://loinc.org/77850-6/\">77850-6</a></td><td>http://loinc.org</td><td>PROMIS instrumental support - version 2.0 Tscore</td></tr><tr><td style=\"white-space:nowrap\"><a name=\"x-http://loinc.org-91614-8\"> </a>\u00a0\u00a0<a href=\"https://loinc.org/91614-8/\">91614-8</a></td><td>http://loinc.org</td><td>PROMIS mobility - version 2.0 T-score</td></tr><tr><td style=\"white-space:nowrap\"><a name=\"x-http://loinc.org-77856-3\"> </a>\u00a0\u00a0<a href=\"https://loinc.org/77856-3/\">77856-3</a></td><td>http://loinc.org</td><td>PROMIS pain behavior - version 1.0 Tscore</td></tr><tr><td style=\"white-space:nowrap\"><a name=\"x-http://loinc.org-77865-4\"> </a>\u00a0\u00a0<a href=\"https://loinc.org/77865-4/\">77865-4</a></td><td>http://loinc.org</td><td>PROMIS pain interference - version 1.0 Tscore</td></tr><tr><td style=\"white-space:nowrap\"><a name=\"x-http://loinc.org-91721-1\"> </a>\u00a0\u00a0<a href=\"https://loinc.org/91721-1/\">91721-1</a></td><td>http://loinc.org</td><td>PROMIS physical function - version 2.0 T-score</td></tr><tr><td style=\"white-space:nowrap\"><a name=\"x-http://loinc.org-77855-5\"> </a>\u00a0\u00a0<a href=\"https://loinc.org/77855-5/\">77855-5</a></td><td>http://loinc.org</td><td>PROMIS satisfaction with social roles and activities - version 2.0 Tscore</td></tr><tr><td style=\"white-space:nowrap\"><a name=\"x-http://loinc.org-92391-2\"> </a>\u00a0\u00a0<a href=\"https://loinc.org/92391-2/\">92391-2</a></td><td>http://loinc.org</td><td>PROMIS self-efficacy for managing daliy activities - version 1.0 T-score</td></tr><tr><td style=\"white-space:nowrap\"><a name=\"x-http://loinc.org-92329-2\"> </a>\u00a0\u00a0<a href=\"https://loinc.org/92329-2/\">92329-2</a></td><td>http://loinc.org</td><td>PROMIS self-efficacy for managing emotions - version 1.0 T-score</td></tr><tr><td style=\"white-space:nowrap\"><a name=\"x-http://loinc.org-92418-3\"> </a>\u00a0\u00a0<a href=\"https://loinc.org/92418-3/\">92418-3</a></td><td>http://loinc.org</td><td>PROMIS self-efficacy for managing medications and treatments - version 1.0 T-score</td></tr><tr><td style=\"white-space:nowrap\"><a name=\"x-http://loinc.org-92448-0\"> </a>\u00a0\u00a0<a href=\"https://loinc.org/92448-0/\">92448-0</a></td><td>http://loinc.org</td><td>PROMIS self-efficacy for managing symptoms - version 1.0 T-score</td></tr><tr><td style=\"white-space:nowrap\"><a name=\"x-http://loinc.org-77859-7\"> </a>\u00a0\u00a0<a href=\"https://loinc.org/77859-7/\">77859-7</a></td><td>http://loinc.org</td><td>PROMIS sleep related impairment - version 1.0 Tscore</td></tr><tr><td style=\"white-space:nowrap\"><a name=\"x-http://loinc.org-92266-6\"> </a>\u00a0\u00a0<a href=\"https://loinc.org/92266-6/\">92266-6</a></td><td>http://loinc.org</td><td>PROMIS smoking - negative health expectancies for all smokers - version 1.0 T-score</td></tr><tr><td style=\"white-space:nowrap\"><a name=\"x-http://loinc.org-92305-2\"> </a>\u00a0\u00a0<a href=\"https://loinc.org/92305-2/\">92305-2</a></td><td>http://loinc.org</td><td>PROMIS smoking - nicotine dependence for all smokers - version 1.0 T-score</td></tr><tr><td style=\"white-space:nowrap\"><a name=\"x-http://loinc.org-77849-8\"> </a>\u00a0\u00a0<a href=\"https://loinc.org/77849-8/\">77849-8</a></td><td>http://loinc.org</td><td>PROMIS social isolation - version 2.0 Tscore</td></tr><tr><td style=\"white-space:nowrap\"><a name=\"x-http://loinc.org-92213-8\"> </a>\u00a0\u00a0<a href=\"https://loinc.org/92213-8/\">92213-8</a></td><td>http://loinc.org</td><td>PROMIS smoking - coping expectancies for all smokers - version 1.0 T-score</td></tr><tr><td style=\"white-space:nowrap\"><a name=\"x-http://loinc.org-89676-1\"> </a>\u00a0\u00a0<a href=\"https://loinc.org/89676-1/\">89676-1</a></td><td>http://loinc.org</td><td>PROMIS cancer fatigue - version 1.0 T-score</td></tr><tr><td style=\"white-space:nowrap\"><a name=\"x-http://loinc.org-71969-0\"> </a>\u00a0\u00a0<a href=\"https://loinc.org/71969-0/\">71969-0</a></td><td>http://loinc.org</td><td>PROMIS-10 Global Mental Health (GMH) score T-score</td></tr><tr><td style=\"white-space:nowrap\"><a name=\"x-http://loinc.org-71971-6\"> </a>\u00a0\u00a0<a href=\"https://loinc.org/71971-6/\">71971-6</a></td><td>http://loinc.org</td><td>PROMIS-10 Global Physical Health (GPH) score T-score</td></tr><tr><td style=\"white-space:nowrap\"><a name=\"x-http://loinc.org-71955-9\"> </a>\u00a0\u00a0<a href=\"https://loinc.org/71955-9/\">71955-9</a></td><td>http://loinc.org</td><td>PROMIS-29 Sleep disturbance score T-score</td></tr><tr><td style=\"white-space:nowrap\"><a name=\"x-http://loinc.org-71957-5\"> </a>\u00a0\u00a0<a href=\"https://loinc.org/71957-5/\">71957-5</a></td><td>http://loinc.org</td><td>PROMIS-29 Satisfaction with participation in social roles score T-score</td></tr><tr><td style=\"white-space:nowrap\"><a name=\"x-http://loinc.org-71959-1\"> </a>\u00a0\u00a0<a href=\"https://loinc.org/71959-1/\">71959-1</a></td><td>http://loinc.org</td><td>PROMIS-29 Physical function score T-score</td></tr><tr><td style=\"white-space:nowrap\"><a name=\"x-http://loinc.org-71961-7\"> </a>\u00a0\u00a0<a href=\"https://loinc.org/71961-7/\">71961-7</a></td><td>http://loinc.org</td><td>PROMIS-29 Pain interference score T-score</td></tr><tr><td style=\"white-space:nowrap\"><a name=\"x-http://loinc.org-71963-3\"> </a>\u00a0\u00a0<a href=\"https://loinc.org/71963-3/\">71963-3</a></td><td>http://loinc.org</td><td>PROMIS-29 Fatigue score T-score</td></tr></table></div>"
      },
      "url" : "http://mtnlotus.com/uv/pco/ValueSet/prom-target-measures",
      "version" : "0.2.0",
      "name" : "PROMTargetMeasures",
      "title" : "PROM Target Measures",
      "status" : "draft",
      "experimental" : false,
      "date" : "2024-10-23T18:44:18+00:00",
      "jurisdiction" : [{
        "coding" : [{
          "system" : "http://unstats.un.org/unsd/methods/m49/m49.htm",
          "code" : "001",
          "display" : "World"
        }]
      }],
      "expansion" : {
        "identifier" : "urn:uuid:29e776be-b203-4ad2-942a-a11b7dd2e637",
        "timestamp" : "2024-10-23T18:45:28+00:00",
        "total" : 34,
        "offset" : 0,
        "parameter" : [{
          "name" : "count",
          "valueInteger" : 1000
        },
        {
          "name" : "offset",
          "valueInteger" : 0
        },
        {
          "name" : "excludeNested",
          "valueBoolean" : false
        },
        {
          "name" : "used-valueset",
          "valueUri" : "null"
        },
        {
          "name" : "used-codesystem",
          "valueUri" : "http://loinc.org|2.78"
        },
        {
          "name" : "version",
          "valueUri" : "http://loinc.org|2.78"
        }],
        "contains" : [{
          "system" : "http://loinc.org",
          "code" : "70274-6",
          "display" : "Generalized anxiety disorder 7 item (GAD-7) total score [Reported.PHQ]"
        },
        {
          "system" : "http://loinc.org",
          "code" : "44261-6",
          "display" : "Patient Health Questionnaire 9 item (PHQ-9) total score [Reported]"
        },
        {
          "system" : "http://loinc.org",
          "code" : "77854-8",
          "display" : "PROMIS ability to participate in social roles and activities - version 2.0 Tscore"
        },
        {
          "system" : "http://loinc.org",
          "code" : "77848-0",
          "display" : "PROMIS alcohol - alcohol use - version 1.0 Tscore"
        },
        {
          "system" : "http://loinc.org",
          "code" : "89921-1",
          "display" : "PROMIS anger - version 1.1 T-score"
        },
        {
          "system" : "http://loinc.org",
          "code" : "77862-1",
          "display" : "PROMIS emotional distress - anxiety - version 1.0 Tscore"
        },
        {
          "system" : "http://loinc.org",
          "code" : "81531-6",
          "display" : "PROMIS short form - cognitive function 8a - version 2.0 raw score"
        },
        {
          "system" : "http://loinc.org",
          "code" : "71965-8",
          "display" : "PROMIS-29 Depression score T-score"
        },
        {
          "system" : "http://loinc.org",
          "code" : "92149-4",
          "display" : "PROMIS dyspnea severity - version 1.0 T-score"
        },
        {
          "system" : "http://loinc.org",
          "code" : "77864-7",
          "display" : "PROMIS fatigue - version 1.0 Tscore"
        },
        {
          "system" : "http://loinc.org",
          "code" : "77851-4",
          "display" : "PROMIS informational support - version 2.0 Tscore"
        },
        {
          "system" : "http://loinc.org",
          "code" : "77850-6",
          "display" : "PROMIS instrumental support - version 2.0 Tscore"
        },
        {
          "system" : "http://loinc.org",
          "code" : "91614-8",
          "display" : "PROMIS mobility - version 2.0 T-score"
        },
        {
          "system" : "http://loinc.org",
          "code" : "77856-3",
          "display" : "PROMIS pain behavior - version 1.0 Tscore"
        },
        {
          "system" : "http://loinc.org",
          "code" : "77865-4",
          "display" : "PROMIS pain interference - version 1.0 Tscore"
        },
        {
          "system" : "http://loinc.org",
          "code" : "91721-1",
          "display" : "PROMIS physical function - version 2.0 T-score"
        },
        {
          "system" : "http://loinc.org",
          "code" : "77855-5",
          "display" : "PROMIS satisfaction with social roles and activities - version 2.0 Tscore"
        },
        {
          "system" : "http://loinc.org",
          "code" : "92391-2",
          "display" : "PROMIS self-efficacy for managing daliy activities - version 1.0 T-score"
        },
        {
          "system" : "http://loinc.org",
          "code" : "92329-2",
          "display" : "PROMIS self-efficacy for managing emotions - version 1.0 T-score"
        },
        {
          "system" : "http://loinc.org",
          "code" : "92418-3",
          "display" : "PROMIS self-efficacy for managing medications and treatments - version 1.0 T-score"
        },
        {
          "system" : "http://loinc.org",
          "code" : "92448-0",
          "display" : "PROMIS self-efficacy for managing symptoms - version 1.0 T-score"
        },
        {
          "system" : "http://loinc.org",
          "code" : "77859-7",
          "display" : "PROMIS sleep related impairment - version 1.0 Tscore"
        },
        {
          "system" : "http://loinc.org",
          "code" : "92266-6",
          "display" : "PROMIS smoking - negative health expectancies for all smokers - version 1.0 T-score"
        },
        {
          "system" : "http://loinc.org",
          "code" : "92305-2",
          "display" : "PROMIS smoking - nicotine dependence for all smokers - version 1.0 T-score"
        },
        {
          "system" : "http://loinc.org",
          "code" : "77849-8",
          "display" : "PROMIS social isolation - version 2.0 Tscore"
        },
        {
          "system" : "http://loinc.org",
          "code" : "92213-8",
          "display" : "PROMIS smoking - coping expectancies for all smokers - version 1.0 T-score"
        },
        {
          "system" : "http://loinc.org",
          "code" : "89676-1",
          "display" : "PROMIS cancer fatigue - version 1.0 T-score"
        },
        {
          "system" : "http://loinc.org",
          "code" : "71969-0",
          "display" : "PROMIS-10 Global Mental Health (GMH) score T-score"
        },
        {
          "system" : "http://loinc.org",
          "code" : "71971-6",
          "display" : "PROMIS-10 Global Physical Health (GPH) score T-score"
        },
        {
          "system" : "http://loinc.org",
          "code" : "71955-9",
          "display" : "PROMIS-29 Sleep disturbance score T-score"
        },
        {
          "system" : "http://loinc.org",
          "code" : "71957-5",
          "display" : "PROMIS-29 Satisfaction with participation in social roles score T-score"
        },
        {
          "system" : "http://loinc.org",
          "code" : "71959-1",
          "display" : "PROMIS-29 Physical function score T-score"
        },
        {
          "system" : "http://loinc.org",
          "code" : "71961-7",
          "display" : "PROMIS-29 Pain interference score T-score"
        },
        {
          "system" : "http://loinc.org",
          "code" : "71963-3",
          "display" : "PROMIS-29 Fatigue score T-score"
        }]
      }
    }
  },
  {
    "fullUrl" : "http://mtnlotus.com/uv/pco/ValueSet/what-matters-focus-areas",
    "resource" : {
      "resourceType" : "ValueSet",
      "text" : {
        "status" : "generated",
        "div" : "<div xmlns=\"http://www.w3.org/1999/xhtml\"><p class=\"res-header-id\"><b>Generated Narrative: ValueSet </b></p><p style=\"border: black 1px dotted; background-color: #EEEEEE; padding: 8px; margin-bottom: 8px\">Expansion based on <a href=\"CodeSystem-va-whole-health.html\">codesystem VA Whole Health Concepts v0.2.0 (CodeSystem)</a></p><p>This value set contains 9 concepts</p><table class=\"codes\"><tr><td style=\"white-space:nowrap\"><b>Code</b></td><td><b>System</b></td><td><b>Display</b></td><td><b>Definition</b></td></tr><tr><td style=\"white-space:nowrap\"><a name=\"x-http://mtnlotus.com/uv/pco/CodeSystem/va-whole-health-body\"> </a>\u00a0\u00a0<a href=\"CodeSystem-va-whole-health.html#va-whole-health-body\">body</a></td><td>http://mtnlotus.com/uv/pco/CodeSystem/va-whole-health</td><td>Moving the Body</td><td><div><p>Our physical, mental, and emotional health are impacted by the amount and kind of movement we do. Moving the body can take many forms such as dancing, walking, gardening, yoga, and exercise.</p>\n</div></td></tr><tr><td style=\"white-space:nowrap\"><a name=\"x-http://mtnlotus.com/uv/pco/CodeSystem/va-whole-health-mind\"> </a>\u00a0\u00a0<a href=\"CodeSystem-va-whole-health.html#va-whole-health-mind\">mind</a></td><td>http://mtnlotus.com/uv/pco/CodeSystem/va-whole-health</td><td>Power of the Mind</td><td><div><p>Our thoughts are powerful and can affect our physical, mental, and emotional health. Changing our mindset can aid in healing and coping. Breathing techniques, guided imagery, Tai Chi, yoga, or gratitude can buffer the impact of stress and other emotions.</p>\n</div></td></tr><tr><td style=\"white-space:nowrap\"><a name=\"x-http://mtnlotus.com/uv/pco/CodeSystem/va-whole-health-nourishment\"> </a>\u00a0\u00a0<a href=\"CodeSystem-va-whole-health.html#va-whole-health-nourishment\">nourishment</a></td><td>http://mtnlotus.com/uv/pco/CodeSystem/va-whole-health</td><td>Food &amp; Drink</td><td><div><p>What we eat and drink can have a huge effect on how we experience life, both physically and mentally. Energy, mood, weight, how long we live, and overall health are all impacted by what and how we choose to eat and drink.</p>\n</div></td></tr><tr><td style=\"white-space:nowrap\"><a name=\"x-http://mtnlotus.com/uv/pco/CodeSystem/va-whole-health-recharge\"> </a>\u00a0\u00a0<a href=\"CodeSystem-va-whole-health.html#va-whole-health-recharge\">recharge</a></td><td>http://mtnlotus.com/uv/pco/CodeSystem/va-whole-health</td><td>Recharge</td><td><div><p>Our bodies and minds must rest and recharge in order to optimize our health. Getting a good night's rest, as well as recharging our mental and physical energy throughout the day, are vital to well-being. Taking short breaks or doing something you enjoy or feels good for moments throughout the day are examples of ways to refresh.</p>\n</div></td></tr><tr><td style=\"white-space:nowrap\"><a name=\"x-http://mtnlotus.com/uv/pco/CodeSystem/va-whole-health-surroundings\"> </a>\u00a0\u00a0<a href=\"CodeSystem-va-whole-health.html#va-whole-health-surroundings\">surroundings</a></td><td>http://mtnlotus.com/uv/pco/CodeSystem/va-whole-health</td><td>Surroundings</td><td><div><p>Our surroundings, both at work and where we live, indoors and out, can affect our health and outlook on life. Changes within our control such as organizing, decluttering, adding a plant or artwork can improve mood and health.</p>\n</div></td></tr><tr><td style=\"white-space:nowrap\"><a name=\"x-http://mtnlotus.com/uv/pco/CodeSystem/va-whole-health-personal-development\"> </a>\u00a0\u00a0<a href=\"CodeSystem-va-whole-health.html#va-whole-health-personal-development\">personal-development</a></td><td>http://mtnlotus.com/uv/pco/CodeSystem/va-whole-health</td><td>Personal Development</td><td><div><p>Our health is impacted by how we choose to spend our time. Aligning our work and personal activities with what really matters to us, or what brings us joy, can have a big effect on our health and outlook on life.</p>\n</div></td></tr><tr><td style=\"white-space:nowrap\"><a name=\"x-http://mtnlotus.com/uv/pco/CodeSystem/va-whole-health-spirit-and-soul\"> </a>\u00a0\u00a0<a href=\"CodeSystem-va-whole-health.html#va-whole-health-spirit-and-soul\">spirit-and-soul</a></td><td>http://mtnlotus.com/uv/pco/CodeSystem/va-whole-health</td><td>Spirit &amp; Soul</td><td><div><p>Connecting with something greater than ourselves may provide a sense of meaning and purpose, peace, or comfort. Connecting and aligning spiritually is very individual and may take the form of religious affiliation, connection to nature, or engaging in things like music or art.</p>\n</div></td></tr><tr><td style=\"white-space:nowrap\"><a name=\"x-http://mtnlotus.com/uv/pco/CodeSystem/va-whole-health-relationships\"> </a>\u00a0\u00a0<a href=\"CodeSystem-va-whole-health.html#va-whole-health-relationships\">relationships</a></td><td>http://mtnlotus.com/uv/pco/CodeSystem/va-whole-health</td><td>Family, Friends &amp; Co-Workers</td><td><div><p>Our relationships, including those with pets, have as significant an effect on our physical and emotional health as any other factor associated with well-being. Spending more time in relationships that &quot;fuel&quot; us and less in relationships that &quot;drain&quot; us is one potential option. Improving our relationship skills or creating new relationships through community activities are other options to consider.</p>\n</div></td></tr><tr><td style=\"white-space:nowrap\"><a name=\"x-http://mtnlotus.com/uv/pco/CodeSystem/va-whole-health-professional-care\"> </a>\u00a0\u00a0<a href=\"CodeSystem-va-whole-health.html#va-whole-health-professional-care\">professional-care</a></td><td>http://mtnlotus.com/uv/pco/CodeSystem/va-whole-health</td><td>Professional Care</td><td><div><p>Staying up to date on prevention and understanding your health concerns, care options, treatment plan, and their role in your health.</p>\n</div></td></tr></table></div>"
      },
      "url" : "http://mtnlotus.com/uv/pco/ValueSet/what-matters-focus-areas",
      "version" : "0.2.0",
      "name" : "WhatMattersFocusAreas",
      "title" : "What Matters Focus Areas",
      "status" : "draft",
      "experimental" : false,
      "date" : "2024-10-23T18:44:18+00:00",
      "jurisdiction" : [{
        "coding" : [{
          "system" : "http://unstats.un.org/unsd/methods/m49/m49.htm",
          "code" : "001",
          "display" : "World"
        }]
      }],
      "expansion" : {
        "identifier" : "urn:uuid:1ba4e668-903d-48f9-a998-d8708e2e01e9",
        "timestamp" : "2024-10-23T18:45:29+00:00",
        "total" : 9,
        "offset" : 0,
        "parameter" : [{
          "name" : "count",
          "valueInteger" : 1000
        },
        {
          "name" : "offset",
          "valueInteger" : 0
        },
        {
          "name" : "excludeNested",
          "valueBoolean" : false
        },
        {
          "name" : "used-codesystem",
          "valueUri" : "http://mtnlotus.com/uv/pco/CodeSystem/va-whole-health|0.2.0"
        }],
        "contains" : [{
          "system" : "http://mtnlotus.com/uv/pco/CodeSystem/va-whole-health",
          "code" : "body",
          "display" : "Moving the Body"
        },
        {
          "system" : "http://mtnlotus.com/uv/pco/CodeSystem/va-whole-health",
          "code" : "mind",
          "display" : "Power of the Mind"
        },
        {
          "system" : "http://mtnlotus.com/uv/pco/CodeSystem/va-whole-health",
          "code" : "nourishment",
          "display" : "Food & Drink"
        },
        {
          "system" : "http://mtnlotus.com/uv/pco/CodeSystem/va-whole-health",
          "code" : "recharge",
          "display" : "Recharge"
        },
        {
          "system" : "http://mtnlotus.com/uv/pco/CodeSystem/va-whole-health",
          "code" : "surroundings",
          "display" : "Surroundings"
        },
        {
          "system" : "http://mtnlotus.com/uv/pco/CodeSystem/va-whole-health",
          "code" : "personal-development",
          "display" : "Personal Development"
        },
        {
          "system" : "http://mtnlotus.com/uv/pco/CodeSystem/va-whole-health",
          "code" : "spirit-and-soul",
          "display" : "Spirit & Soul"
        },
        {
          "system" : "http://mtnlotus.com/uv/pco/CodeSystem/va-whole-health",
          "code" : "relationships",
          "display" : "Family, Friends & Co-Workers"
        },
        {
          "system" : "http://mtnlotus.com/uv/pco/CodeSystem/va-whole-health",
          "code" : "professional-care",
          "display" : "Professional Care"
        }]
      }
    }
  }]
}