<?xml version="1.0" encoding="UTF-8"?>

<Bundle xmlns="http://hl7.org/fhir">
  <id value="549fa84c-2555-4fde-ac71-6a5e8f6736a2"/>
  <meta>
    <lastUpdated value="2024-12-23T14:45:33.705+00:00"/>
  </meta>
  <type value="collection"/>
  <entry>
    <fullUrl value="http://hl7.org/fhir/us/pco/ValueSet/gas-score-answers"/>
    <resource>
      <ValueSet>
        <text>
          <status value="generated"/>
          <div xmlns="http://www.w3.org/1999/xhtml">
            <p class="res-header-id">
              <b>Generated Narrative: ValueSet </b>
            </p>
            <p style="border: black 1px dotted; background-color: #EEEEEE; padding: 8px; margin-bottom: 8px">Expansion based on Loinc v2.78</p>
            <p>This value set contains 3 concepts</p>
            <table class="codes">
              <tr>
                <td style="white-space:nowrap">
                  <b>Code</b>
                </td>
                <td>
                  <b>System</b>
                </td>
                <td>
                  <b>Display</b>
                </td>
              </tr>
              <tr>
                <td style="white-space:nowrap">
                  <a name="x-http://loinc.org-LA6113-0"> </a>  
                  <a href="https://loinc.org/LA6113-0/">LA6113-0</a>
                </td>
                <td>http://loinc.org</td>
                <td>2 or more</td>
              </tr>
              <tr>
                <td style="white-space:nowrap">
                  <a name="x-http://loinc.org-LA6112-2"> </a>  
                  <a href="https://loinc.org/LA6112-2/">LA6112-2</a>
                </td>
                <td>http://loinc.org</td>
                <td>1</td>
              </tr>
              <tr>
                <td style="white-space:nowrap">
                  <a name="x-http://loinc.org-LA6111-4"> </a>  
                  <a href="https://loinc.org/LA6111-4/">LA6111-4</a>
                </td>
                <td>http://loinc.org</td>
                <td>0</td>
              </tr>
            </table>
          </div>
        </text>
        <url value="http://hl7.org/fhir/us/pco/ValueSet/gas-score-answers"/>
        <version value="0.2.0"/>
        <name value="GASScoreAnswers"/>
        <title value="Follow-Up GAS Score Answers"/>
        <status value="draft"/>
        <experimental value="false"/>
        <date value="2024-12-23T14:45:33+00:00"/>
        <jurisdiction>
          <coding>
            <system value="urn:iso:std:iso:3166"/>
            <code value="US"/>
          </coding>
        </jurisdiction>
        <expansion>
          <identifier value="urn:uuid:cdb02c7f-da81-4d5b-98b1-f03e3b659658"/>
          <timestamp value="2024-12-23T14:46:52+00:00"/>
          <total value="3"/>
          <offset value="0"/>
          <parameter>
            <name value="count"/>
            <valueInteger value="1000"/>
          </parameter>
          <parameter>
            <name value="offset"/>
            <valueInteger value="0"/>
          </parameter>
          <parameter>
            <name value="excludeNested"/>
            <valueBoolean value="false"/>
          </parameter>
          <parameter>
            <name value="used-valueset"/>
            <valueUri value="null"/>
          </parameter>
          <parameter>
            <name value="used-codesystem"/>
            <valueUri value="http://loinc.org|2.78"/>
          </parameter>
          <parameter>
            <name value="version"/>
            <valueUri value="http://loinc.org|2.78"/>
          </parameter>
          <contains>
            <system value="http://loinc.org"/>
            <code value="LA6113-0"/>
            <display value="2 or more"/>
          </contains>
          <contains>
            <system value="http://loinc.org"/>
            <code value="LA6112-2"/>
            <display value="1"/>
          </contains>
          <contains>
            <system value="http://loinc.org"/>
            <code value="LA6111-4"/>
            <display value="0"/>
          </contains>
        </expansion>
      </ValueSet>
    </resource>
  </entry>
  <entry>
    <fullUrl value="http://hl7.org/fhir/us/pco/ValueSet/goal-attainment-scaling-score"/>
    <resource>
      <ValueSet>
        <text>
          <status value="generated"/>
          <div xmlns="http://www.w3.org/1999/xhtml">
            <p class="res-header-id">
              <b>Generated Narrative: ValueSet </b>
            </p>
            <p style="border: black 1px dotted; background-color: #EEEEEE; padding: 8px; margin-bottom: 8px">Expansion based on Loinc v2.78</p>
            <p>This value set contains 0 concepts</p>
            <table class="codes">
              <tr>
                <td style="white-space:nowrap">
                  <b>Code</b>
                </td>
                <td>
                  <b>System</b>
                </td>
                <td>
                  <b>Display</b>
                </td>
              </tr>
            </table>
          </div>
        </text>
        <url value="http://hl7.org/fhir/us/pco/ValueSet/goal-attainment-scaling-score"/>
        <version value="0.2.0"/>
        <name value="GoalAttainmentScalingScore"/>
        <title value="Goal Attainment Scaling (GAS) Score"/>
        <status value="draft"/>
        <experimental value="false"/>
        <date value="2024-12-23T14:45:33+00:00"/>
        <jurisdiction>
          <coding>
            <system value="urn:iso:std:iso:3166"/>
            <code value="US"/>
          </coding>
        </jurisdiction>
        <expansion>
          <identifier value="urn:uuid:a113abd8-8d88-412b-935d-32b8a7f7926e"/>
          <timestamp value="2024-12-23T14:46:53+00:00"/>
          <total value="0"/>
          <offset value="0"/>
          <parameter>
            <name value="count"/>
            <valueInteger value="1000"/>
          </parameter>
          <parameter>
            <name value="offset"/>
            <valueInteger value="0"/>
          </parameter>
          <parameter>
            <name value="excludeNested"/>
            <valueBoolean value="false"/>
          </parameter>
          <parameter>
            <name value="used-valueset"/>
            <valueUri value="null"/>
          </parameter>
          <parameter>
            <name value="used-codesystem"/>
            <valueUri value="http://loinc.org|2.78"/>
          </parameter>
          <parameter>
            <name value="version"/>
            <valueUri value="http://loinc.org|2.78"/>
          </parameter>
        </expansion>
      </ValueSet>
    </resource>
  </entry>
  <entry>
    <fullUrl value="http://hl7.org/fhir/us/pco/ValueSet/pco-bothersome-health-concern-valueset"/>
    <resource>
      <ValueSet>
        <text>
          <status value="generated"/>
          <div xmlns="http://www.w3.org/1999/xhtml">
            <p class="res-header-id">
              <b>Generated Narrative: ValueSet </b>
            </p>
            <p style="border: black 1px dotted; background-color: #EEEEEE; padding: 8px; margin-bottom: 8px">Expansion based on 
              <a href="CodeSystem-pco-bothersome-health-concern-concepts.html">codesystem Bothersome Health Concern Concepts v0.2.0 (CodeSystem)</a>
            </p>
            <p>This value set contains 23 concepts</p>
            <table class="codes">
              <tr>
                <td style="white-space:nowrap">
                  <b>Code</b>
                </td>
                <td>
                  <b>System</b>
                </td>
                <td>
                  <b>Display</b>
                </td>
              </tr>
              <tr>
                <td style="white-space:nowrap">
                  <a name="x-http://hl7.org/fhir/us/pco/CodeSystem/pco-bothersome-health-concern-concepts-other"> </a>  
                  <a href="CodeSystem-pco-bothersome-health-concern-concepts.html#pco-bothersome-health-concern-concepts-other">other</a>
                </td>
                <td>http://hl7.org/fhir/us/pco/CodeSystem/pco-bothersome-health-concern-concepts</td>
                <td>Other</td>
              </tr>
              <tr>
                <td style="white-space:nowrap">
                  <a name="x-http://hl7.org/fhir/us/pco/CodeSystem/pco-bothersome-health-concern-concepts-muscle-weakness"> </a>  
                  <a href="CodeSystem-pco-bothersome-health-concern-concepts.html#pco-bothersome-health-concern-concepts-muscle-weakness">muscle-weakness</a>
                </td>
                <td>http://hl7.org/fhir/us/pco/CodeSystem/pco-bothersome-health-concern-concepts</td>
                <td>Feeling muscle weakness</td>
              </tr>
              <tr>
                <td style="white-space:nowrap">
                  <a name="x-http://hl7.org/fhir/us/pco/CodeSystem/pco-bothersome-health-concern-concepts-pain"> </a>  
                  <a href="CodeSystem-pco-bothersome-health-concern-concepts.html#pco-bothersome-health-concern-concepts-pain">pain</a>
                </td>
                <td>http://hl7.org/fhir/us/pco/CodeSystem/pco-bothersome-health-concern-concepts</td>
                <td>Feeling pain</td>
              </tr>
              <tr>
                <td style="white-space:nowrap">
                  <a name="x-http://hl7.org/fhir/us/pco/CodeSystem/pco-bothersome-health-concern-concepts-medications"> </a>  
                  <a href="CodeSystem-pco-bothersome-health-concern-concepts.html#pco-bothersome-health-concern-concepts-medications">medications</a>
                </td>
                <td>http://hl7.org/fhir/us/pco/CodeSystem/pco-bothersome-health-concern-concepts</td>
                <td>Feeling unsteady; trouble balancing/walking</td>
              </tr>
              <tr>
                <td style="white-space:nowrap">
                  <a name="x-http://hl7.org/fhir/us/pco/CodeSystem/pco-bothersome-health-concern-concepts-worried-nervous-anxious"> </a>  
                  <a href="CodeSystem-pco-bothersome-health-concern-concepts.html#pco-bothersome-health-concern-concepts-worried-nervous-anxious">worried-nervous-anxious</a>
                </td>
                <td>http://hl7.org/fhir/us/pco/CodeSystem/pco-bothersome-health-concern-concepts</td>
                <td>Feeling worried, nervous, anxious</td>
              </tr>
              <tr>
                <td style="white-space:nowrap">
                  <a name="x-http://hl7.org/fhir/us/pco/CodeSystem/pco-bothersome-health-concern-concepts-sad"> </a>  
                  <a href="CodeSystem-pco-bothersome-health-concern-concepts.html#pco-bothersome-health-concern-concepts-sad">sad</a>
                </td>
                <td>http://hl7.org/fhir/us/pco/CodeSystem/pco-bothersome-health-concern-concepts</td>
                <td>Feeling sad</td>
              </tr>
              <tr>
                <td style="white-space:nowrap">
                  <a name="x-http://hl7.org/fhir/us/pco/CodeSystem/pco-bothersome-health-concern-concepts-irritable"> </a>  
                  <a href="CodeSystem-pco-bothersome-health-concern-concepts.html#pco-bothersome-health-concern-concepts-irritable">irritable</a>
                </td>
                <td>http://hl7.org/fhir/us/pco/CodeSystem/pco-bothersome-health-concern-concepts</td>
                <td>Feeling irritable</td>
              </tr>
              <tr>
                <td style="white-space:nowrap">
                  <a name="x-http://hl7.org/fhir/us/pco/CodeSystem/pco-bothersome-health-concern-concepts-adverse-effects"> </a>  
                  <a href="CodeSystem-pco-bothersome-health-concern-concepts.html#pco-bothersome-health-concern-concepts-adverse-effects">adverse-effects</a>
                </td>
                <td>http://hl7.org/fhir/us/pco/CodeSystem/pco-bothersome-health-concern-concepts</td>
                <td>Feeling adverse effects from treatment(s)</td>
              </tr>
              <tr>
                <td style="white-space:nowrap">
                  <a name="x-http://hl7.org/fhir/us/pco/CodeSystem/pco-bothersome-health-concern-concepts-dizzy"> </a>  
                  <a href="CodeSystem-pco-bothersome-health-concern-concepts.html#pco-bothersome-health-concern-concepts-dizzy">dizzy</a>
                </td>
                <td>http://hl7.org/fhir/us/pco/CodeSystem/pco-bothersome-health-concern-concepts</td>
                <td>Feeling dizzy</td>
              </tr>
              <tr>
                <td style="white-space:nowrap">
                  <a name="x-http://hl7.org/fhir/us/pco/CodeSystem/pco-bothersome-health-concern-concepts-tired-lacking-energy"> </a>  
                  <a href="CodeSystem-pco-bothersome-health-concern-concepts.html#pco-bothersome-health-concern-concepts-tired-lacking-energy">tired-lacking-energy</a>
                </td>
                <td>http://hl7.org/fhir/us/pco/CodeSystem/pco-bothersome-health-concern-concepts</td>
                <td>Feeling tired/lacking energy</td>
              </tr>
              <tr>
                <td style="white-space:nowrap">
                  <a name="x-http://hl7.org/fhir/us/pco/CodeSystem/pco-bothersome-health-concern-concepts-touble-sleeping"> </a>  
                  <a href="CodeSystem-pco-bothersome-health-concern-concepts.html#pco-bothersome-health-concern-concepts-touble-sleeping">touble-sleeping</a>
                </td>
                <td>http://hl7.org/fhir/us/pco/CodeSystem/pco-bothersome-health-concern-concepts</td>
                <td>Having trouble sleeping</td>
              </tr>
              <tr>
                <td style="white-space:nowrap">
                  <a name="x-http://hl7.org/fhir/us/pco/CodeSystem/pco-bothersome-health-concern-concepts-poor-eyesight"> </a>  
                  <a href="CodeSystem-pco-bothersome-health-concern-concepts.html#pco-bothersome-health-concern-concepts-poor-eyesight">poor-eyesight</a>
                </td>
                <td>http://hl7.org/fhir/us/pco/CodeSystem/pco-bothersome-health-concern-concepts</td>
                <td>Having poor eyesight</td>
              </tr>
              <tr>
                <td style="white-space:nowrap">
                  <a name="x-http://hl7.org/fhir/us/pco/CodeSystem/pco-bothersome-health-concern-concepts-poor-hearing"> </a>  
                  <a href="CodeSystem-pco-bothersome-health-concern-concepts.html#pco-bothersome-health-concern-concepts-poor-hearing">poor-hearing</a>
                </td>
                <td>http://hl7.org/fhir/us/pco/CodeSystem/pco-bothersome-health-concern-concepts</td>
                <td>Having poor hearing</td>
              </tr>
              <tr>
                <td style="white-space:nowrap">
                  <a name="x-http://hl7.org/fhir/us/pco/CodeSystem/pco-bothersome-health-concern-concepts-leg-swelling"> </a>  
                  <a href="CodeSystem-pco-bothersome-health-concern-concepts.html#pco-bothersome-health-concern-concepts-leg-swelling">leg-swelling</a>
                </td>
                <td>http://hl7.org/fhir/us/pco/CodeSystem/pco-bothersome-health-concern-concepts</td>
                <td>Having leg swelling</td>
              </tr>
              <tr>
                <td style="white-space:nowrap">
                  <a name="x-http://hl7.org/fhir/us/pco/CodeSystem/pco-bothersome-health-concern-concepts-trouble-breathing"> </a>  
                  <a href="CodeSystem-pco-bothersome-health-concern-concepts.html#pco-bothersome-health-concern-concepts-trouble-breathing">trouble-breathing</a>
                </td>
                <td>http://hl7.org/fhir/us/pco/CodeSystem/pco-bothersome-health-concern-concepts</td>
                <td>Having trouble breathing (short of breath)</td>
              </tr>
              <tr>
                <td style="white-space:nowrap">
                  <a name="x-http://hl7.org/fhir/us/pco/CodeSystem/pco-bothersome-health-concern-concepts-healthcare-tasks-take-too-much-time"> </a>  
                  <a href="CodeSystem-pco-bothersome-health-concern-concepts.html#pco-bothersome-health-concern-concepts-healthcare-tasks-take-too-much-time">healthcare-tasks-take-too-much-time</a>
                </td>
                <td>http://hl7.org/fhir/us/pco/CodeSystem/pco-bothersome-health-concern-concepts</td>
                <td>Having health care tasks take too much time</td>
              </tr>
              <tr>
                <td style="white-space:nowrap">
                  <a name="x-http://hl7.org/fhir/us/pco/CodeSystem/pco-bothersome-health-concern-concepts-urinary-incontinence"> </a>  
                  <a href="CodeSystem-pco-bothersome-health-concern-concepts.html#pco-bothersome-health-concern-concepts-urinary-incontinence">urinary-incontinence</a>
                </td>
                <td>http://hl7.org/fhir/us/pco/CodeSystem/pco-bothersome-health-concern-concepts</td>
                <td>Having urinary incontinence</td>
              </tr>
              <tr>
                <td style="white-space:nowrap">
                  <a name="x-http://hl7.org/fhir/us/pco/CodeSystem/pco-bothersome-health-concern-concepts-bathroom-often"> </a>  
                  <a href="CodeSystem-pco-bothersome-health-concern-concepts.html#pco-bothersome-health-concern-concepts-bathroom-often">bathroom-often</a>
                </td>
                <td>http://hl7.org/fhir/us/pco/CodeSystem/pco-bothersome-health-concern-concepts</td>
                <td>Having to go to the bathroom often</td>
              </tr>
              <tr>
                <td style="white-space:nowrap">
                  <a name="x-http://hl7.org/fhir/us/pco/CodeSystem/pco-bothersome-health-concern-concepts-diarrhea"> </a>  
                  <a href="CodeSystem-pco-bothersome-health-concern-concepts.html#pco-bothersome-health-concern-concepts-diarrhea">diarrhea</a>
                </td>
                <td>http://hl7.org/fhir/us/pco/CodeSystem/pco-bothersome-health-concern-concepts</td>
                <td>Having diarrhea</td>
              </tr>
              <tr>
                <td style="white-space:nowrap">
                  <a name="x-http://hl7.org/fhir/us/pco/CodeSystem/pco-bothersome-health-concern-concepts-constipation"> </a>  
                  <a href="CodeSystem-pco-bothersome-health-concern-concepts.html#pco-bothersome-health-concern-concepts-constipation">constipation</a>
                </td>
                <td>http://hl7.org/fhir/us/pco/CodeSystem/pco-bothersome-health-concern-concepts</td>
                <td>Having constipation</td>
              </tr>
              <tr>
                <td style="white-space:nowrap">
                  <a name="x-http://hl7.org/fhir/us/pco/CodeSystem/pco-bothersome-health-concern-concepts-upset-stomach-nausea"> </a>  
                  <a href="CodeSystem-pco-bothersome-health-concern-concepts.html#pco-bothersome-health-concern-concepts-upset-stomach-nausea">upset-stomach-nausea</a>
                </td>
                <td>http://hl7.org/fhir/us/pco/CodeSystem/pco-bothersome-health-concern-concepts</td>
                <td>Having upset stomach, nausea</td>
              </tr>
              <tr>
                <td style="white-space:nowrap">
                  <a name="x-http://hl7.org/fhir/us/pco/CodeSystem/pco-bothersome-health-concern-concepts-memory-problems"> </a>  
                  <a href="CodeSystem-pco-bothersome-health-concern-concepts.html#pco-bothersome-health-concern-concepts-memory-problems">memory-problems</a>
                </td>
                <td>http://hl7.org/fhir/us/pco/CodeSystem/pco-bothersome-health-concern-concepts</td>
                <td>Having confusing or memory problems</td>
              </tr>
              <tr>
                <td style="white-space:nowrap">
                  <a name="x-http://hl7.org/fhir/us/pco/CodeSystem/pco-bothersome-health-concern-concepts-problem-list-item"> </a>  
                  <a href="CodeSystem-pco-bothersome-health-concern-concepts.html#pco-bothersome-health-concern-concepts-problem-list-item">problem-list-item</a>
                </td>
                <td>http://hl7.org/fhir/us/pco/CodeSystem/pco-bothersome-health-concern-concepts</td>
                <td>Problem List Item</td>
              </tr>
            </table>
          </div>
        </text>
        <url value="http://hl7.org/fhir/us/pco/ValueSet/pco-bothersome-health-concern-valueset"/>
        <version value="0.2.0"/>
        <name value="BothersomeHealthConcernValueSet"/>
        <title value="Bothersome Health Concern Example ValueSet"/>
        <status value="draft"/>
        <experimental value="false"/>
        <date value="2024-12-23T14:45:33+00:00"/>
        <jurisdiction>
          <coding>
            <system value="urn:iso:std:iso:3166"/>
            <code value="US"/>
          </coding>
        </jurisdiction>
        <expansion>
          <identifier value="urn:uuid:b898533c-351c-4c94-a4fb-95b61faf2f6b"/>
          <timestamp value="2024-12-23T14:46:53+00:00"/>
          <total value="23"/>
          <offset value="0"/>
          <parameter>
            <name value="count"/>
            <valueInteger value="1000"/>
          </parameter>
          <parameter>
            <name value="offset"/>
            <valueInteger value="0"/>
          </parameter>
          <parameter>
            <name value="excludeNested"/>
            <valueBoolean value="false"/>
          </parameter>
          <parameter>
            <name value="used-codesystem"/>
            <valueUri value="http://hl7.org/fhir/us/pco/CodeSystem/pco-bothersome-health-concern-concepts|0.2.0"/>
          </parameter>
          <contains>
            <system value="http://hl7.org/fhir/us/pco/CodeSystem/pco-bothersome-health-concern-concepts"/>
            <code value="other"/>
            <display value="Other"/>
          </contains>
          <contains>
            <system value="http://hl7.org/fhir/us/pco/CodeSystem/pco-bothersome-health-concern-concepts"/>
            <code value="muscle-weakness"/>
            <display value="Feeling muscle weakness"/>
          </contains>
          <contains>
            <system value="http://hl7.org/fhir/us/pco/CodeSystem/pco-bothersome-health-concern-concepts"/>
            <code value="pain"/>
            <display value="Feeling pain"/>
          </contains>
          <contains>
            <system value="http://hl7.org/fhir/us/pco/CodeSystem/pco-bothersome-health-concern-concepts"/>
            <code value="medications"/>
            <display value="Feeling unsteady; trouble balancing/walking"/>
          </contains>
          <contains>
            <system value="http://hl7.org/fhir/us/pco/CodeSystem/pco-bothersome-health-concern-concepts"/>
            <code value="worried-nervous-anxious"/>
            <display value="Feeling worried, nervous, anxious"/>
          </contains>
          <contains>
            <system value="http://hl7.org/fhir/us/pco/CodeSystem/pco-bothersome-health-concern-concepts"/>
            <code value="sad"/>
            <display value="Feeling sad"/>
          </contains>
          <contains>
            <system value="http://hl7.org/fhir/us/pco/CodeSystem/pco-bothersome-health-concern-concepts"/>
            <code value="irritable"/>
            <display value="Feeling irritable"/>
          </contains>
          <contains>
            <system value="http://hl7.org/fhir/us/pco/CodeSystem/pco-bothersome-health-concern-concepts"/>
            <code value="adverse-effects"/>
            <display value="Feeling adverse effects from treatment(s)"/>
          </contains>
          <contains>
            <system value="http://hl7.org/fhir/us/pco/CodeSystem/pco-bothersome-health-concern-concepts"/>
            <code value="dizzy"/>
            <display value="Feeling dizzy"/>
          </contains>
          <contains>
            <system value="http://hl7.org/fhir/us/pco/CodeSystem/pco-bothersome-health-concern-concepts"/>
            <code value="tired-lacking-energy"/>
            <display value="Feeling tired/lacking energy"/>
          </contains>
          <contains>
            <system value="http://hl7.org/fhir/us/pco/CodeSystem/pco-bothersome-health-concern-concepts"/>
            <code value="touble-sleeping"/>
            <display value="Having trouble sleeping"/>
          </contains>
          <contains>
            <system value="http://hl7.org/fhir/us/pco/CodeSystem/pco-bothersome-health-concern-concepts"/>
            <code value="poor-eyesight"/>
            <display value="Having poor eyesight"/>
          </contains>
          <contains>
            <system value="http://hl7.org/fhir/us/pco/CodeSystem/pco-bothersome-health-concern-concepts"/>
            <code value="poor-hearing"/>
            <display value="Having poor hearing"/>
          </contains>
          <contains>
            <system value="http://hl7.org/fhir/us/pco/CodeSystem/pco-bothersome-health-concern-concepts"/>
            <code value="leg-swelling"/>
            <display value="Having leg swelling"/>
          </contains>
          <contains>
            <system value="http://hl7.org/fhir/us/pco/CodeSystem/pco-bothersome-health-concern-concepts"/>
            <code value="trouble-breathing"/>
            <display value="Having trouble breathing (short of breath)"/>
          </contains>
          <contains>
            <system value="http://hl7.org/fhir/us/pco/CodeSystem/pco-bothersome-health-concern-concepts"/>
            <code value="healthcare-tasks-take-too-much-time"/>
            <display value="Having health care tasks take too much time"/>
          </contains>
          <contains>
            <system value="http://hl7.org/fhir/us/pco/CodeSystem/pco-bothersome-health-concern-concepts"/>
            <code value="urinary-incontinence"/>
            <display value="Having urinary incontinence"/>
          </contains>
          <contains>
            <system value="http://hl7.org/fhir/us/pco/CodeSystem/pco-bothersome-health-concern-concepts"/>
            <code value="bathroom-often"/>
            <display value="Having to go to the bathroom often"/>
          </contains>
          <contains>
            <system value="http://hl7.org/fhir/us/pco/CodeSystem/pco-bothersome-health-concern-concepts"/>
            <code value="diarrhea"/>
            <display value="Having diarrhea"/>
          </contains>
          <contains>
            <system value="http://hl7.org/fhir/us/pco/CodeSystem/pco-bothersome-health-concern-concepts"/>
            <code value="constipation"/>
            <display value="Having constipation"/>
          </contains>
          <contains>
            <system value="http://hl7.org/fhir/us/pco/CodeSystem/pco-bothersome-health-concern-concepts"/>
            <code value="upset-stomach-nausea"/>
            <display value="Having upset stomach, nausea"/>
          </contains>
          <contains>
            <system value="http://hl7.org/fhir/us/pco/CodeSystem/pco-bothersome-health-concern-concepts"/>
            <code value="memory-problems"/>
            <display value="Having confusing or memory problems"/>
          </contains>
          <contains>
            <system value="http://hl7.org/fhir/us/pco/CodeSystem/pco-bothersome-health-concern-concepts"/>
            <code value="problem-list-item"/>
            <display value="Problem List Item"/>
          </contains>
        </expansion>
      </ValueSet>
    </resource>
  </entry>
  <entry>
    <fullUrl value="http://hl7.org/fhir/us/pco/ValueSet/pco-care-tradeoff-choices-valueset"/>
    <resource>
      <ValueSet>
        <text>
          <status value="generated"/>
          <div xmlns="http://www.w3.org/1999/xhtml">
            <p class="res-header-id">
              <b>Generated Narrative: ValueSet </b>
            </p>
            <p style="border: black 1px dotted; background-color: #EEEEEE; padding: 8px; margin-bottom: 8px">Expansion based on 
              <a href="CodeSystem-pco-care-tradeoff-choices.html">codesystem Care Trade-off Choices v0.2.0 (CodeSystem)</a>
            </p>
            <p>This value set contains 2 concepts</p>
            <table class="codes">
              <tr>
                <td style="white-space:nowrap">
                  <b>Code</b>
                </td>
                <td>
                  <b>System</b>
                </td>
                <td>
                  <b>Display</b>
                </td>
              </tr>
              <tr>
                <td style="white-space:nowrap">
                  <a name="x-http://hl7.org/fhir/us/pco/CodeSystem/pco-care-tradeoff-choices-helpful"> </a>  
                  <a href="CodeSystem-pco-care-tradeoff-choices.html#pco-care-tradeoff-choices-helpful">helpful</a>
                </td>
                <td>http://hl7.org/fhir/us/pco/CodeSystem/pco-care-tradeoff-choices</td>
                <td>Helpful</td>
              </tr>
              <tr>
                <td style="white-space:nowrap">
                  <a name="x-http://hl7.org/fhir/us/pco/CodeSystem/pco-care-tradeoff-choices-bothersome"> </a>  
                  <a href="CodeSystem-pco-care-tradeoff-choices.html#pco-care-tradeoff-choices-bothersome">bothersome</a>
                </td>
                <td>http://hl7.org/fhir/us/pco/CodeSystem/pco-care-tradeoff-choices</td>
                <td>Bothersome</td>
              </tr>
            </table>
          </div>
        </text>
        <url value="http://hl7.org/fhir/us/pco/ValueSet/pco-care-tradeoff-choices-valueset"/>
        <version value="0.2.0"/>
        <name value="CareTradeOffChoicesValueSet"/>
        <title value="Care Trade-off Choices ValueSet"/>
        <status value="draft"/>
        <experimental value="false"/>
        <date value="2024-12-23T14:45:33+00:00"/>
        <jurisdiction>
          <coding>
            <system value="urn:iso:std:iso:3166"/>
            <code value="US"/>
          </coding>
        </jurisdiction>
        <expansion>
          <identifier value="urn:uuid:179833ff-30b2-4209-8c4e-def4ab51bb50"/>
          <timestamp value="2024-12-23T14:46:54+00:00"/>
          <total value="2"/>
          <offset value="0"/>
          <parameter>
            <name value="count"/>
            <valueInteger value="1000"/>
          </parameter>
          <parameter>
            <name value="offset"/>
            <valueInteger value="0"/>
          </parameter>
          <parameter>
            <name value="excludeNested"/>
            <valueBoolean value="false"/>
          </parameter>
          <parameter>
            <name value="used-codesystem"/>
            <valueUri value="http://hl7.org/fhir/us/pco/CodeSystem/pco-care-tradeoff-choices|0.2.0"/>
          </parameter>
          <contains>
            <system value="http://hl7.org/fhir/us/pco/CodeSystem/pco-care-tradeoff-choices"/>
            <code value="helpful"/>
            <display value="Helpful"/>
          </contains>
          <contains>
            <system value="http://hl7.org/fhir/us/pco/CodeSystem/pco-care-tradeoff-choices"/>
            <code value="bothersome"/>
            <display value="Bothersome"/>
          </contains>
        </expansion>
      </ValueSet>
    </resource>
  </entry>
  <entry>
    <fullUrl value="http://hl7.org/fhir/us/pco/ValueSet/pco-care-tradeoff-valueset"/>
    <resource>
      <ValueSet>
        <text>
          <status value="generated"/>
          <div xmlns="http://www.w3.org/1999/xhtml">
            <p class="res-header-id">
              <b>Generated Narrative: ValueSet </b>
            </p>
            <p style="border: black 1px dotted; background-color: #EEEEEE; padding: 8px; margin-bottom: 8px">Expansion based on 
              <a href="CodeSystem-pco-care-tradeoff-concepts.html">codesystem Care Trade-off Concepts v0.2.0 (CodeSystem)</a>
            </p>
            <p>This value set contains 13 concepts</p>
            <table class="codes">
              <tr>
                <td>
                  <b>Level</b>
                </td>
                <td style="white-space:nowrap">
                  <b>Code</b>
                </td>
                <td>
                  <b>System</b>
                </td>
                <td>
                  <b>Display</b>
                </td>
              </tr>
              <tr>
                <td>
                  <a name="x-http://hl7.org/fhir/us/pco/CodeSystem/pco-care-tradeoff-concepts-medications"> </a>1
                </td>
                <td style="white-space:nowrap">  
                  <a href="CodeSystem-pco-care-tradeoff-concepts.html#pco-care-tradeoff-concepts-medications">medications</a>
                </td>
                <td>http://hl7.org/fhir/us/pco/CodeSystem/pco-care-tradeoff-concepts</td>
                <td>Medications</td>
              </tr>
              <tr>
                <td>
                  <a name="x-http://hl7.org/fhir/us/pco/CodeSystem/pco-care-tradeoff-concepts-self-care-tasks"> </a>1
                </td>
                <td style="white-space:nowrap">  
                  <a href="CodeSystem-pco-care-tradeoff-concepts.html#pco-care-tradeoff-concepts-self-care-tasks">self-care-tasks</a>
                </td>
                <td>http://hl7.org/fhir/us/pco/CodeSystem/pco-care-tradeoff-concepts</td>
                <td>Self-care tasks</td>
              </tr>
              <tr>
                <td>
                  <a name="x-http://hl7.org/fhir/us/pco/CodeSystem/pco-care-tradeoff-concepts-diet"> </a>2
                </td>
                <td style="white-space:nowrap">    
                  <a href="CodeSystem-pco-care-tradeoff-concepts.html#pco-care-tradeoff-concepts-diet">diet</a>
                </td>
                <td>http://hl7.org/fhir/us/pco/CodeSystem/pco-care-tradeoff-concepts</td>
                <td>Following a special diet</td>
              </tr>
              <tr>
                <td>
                  <a name="x-http://hl7.org/fhir/us/pco/CodeSystem/pco-care-tradeoff-concepts-exercise"> </a>2
                </td>
                <td style="white-space:nowrap">    
                  <a href="CodeSystem-pco-care-tradeoff-concepts.html#pco-care-tradeoff-concepts-exercise">exercise</a>
                </td>
                <td>http://hl7.org/fhir/us/pco/CodeSystem/pco-care-tradeoff-concepts</td>
                <td>Exercising</td>
              </tr>
              <tr>
                <td>
                  <a name="x-http://hl7.org/fhir/us/pco/CodeSystem/pco-care-tradeoff-concepts-checking-vitals"> </a>2
                </td>
                <td style="white-space:nowrap">    
                  <a href="CodeSystem-pco-care-tradeoff-concepts.html#pco-care-tradeoff-concepts-checking-vitals">checking-vitals</a>
                </td>
                <td>http://hl7.org/fhir/us/pco/CodeSystem/pco-care-tradeoff-concepts</td>
                <td>Checking health signs (e.g., weight, blood pressure)</td>
              </tr>
              <tr>
                <td>
                  <a name="x-http://hl7.org/fhir/us/pco/CodeSystem/pco-care-tradeoff-concepts-checking-blood-sugar"> </a>2
                </td>
                <td style="white-space:nowrap">    
                  <a href="CodeSystem-pco-care-tradeoff-concepts.html#pco-care-tradeoff-concepts-checking-blood-sugar">checking-blood-sugar</a>
                </td>
                <td>http://hl7.org/fhir/us/pco/CodeSystem/pco-care-tradeoff-concepts</td>
                <td>Checking blood sugar</td>
              </tr>
              <tr>
                <td>
                  <a name="x-http://hl7.org/fhir/us/pco/CodeSystem/pco-care-tradeoff-concepts-wearing-cpap-mask"> </a>2
                </td>
                <td style="white-space:nowrap">    
                  <a href="CodeSystem-pco-care-tradeoff-concepts.html#pco-care-tradeoff-concepts-wearing-cpap-mask">wearing-cpap-mask</a>
                </td>
                <td>http://hl7.org/fhir/us/pco/CodeSystem/pco-care-tradeoff-concepts</td>
                <td>Wearing CPAP mask</td>
              </tr>
              <tr>
                <td>
                  <a name="x-http://hl7.org/fhir/us/pco/CodeSystem/pco-care-tradeoff-concepts-wearing-oxygen"> </a>2
                </td>
                <td style="white-space:nowrap">    
                  <a href="CodeSystem-pco-care-tradeoff-concepts.html#pco-care-tradeoff-concepts-wearing-oxygen">wearing-oxygen</a>
                </td>
                <td>http://hl7.org/fhir/us/pco/CodeSystem/pco-care-tradeoff-concepts</td>
                <td>Wearing oxygen</td>
              </tr>
              <tr>
                <td>
                  <a name="x-http://hl7.org/fhir/us/pco/CodeSystem/pco-care-tradeoff-concepts-using-cane-or-walker"> </a>2
                </td>
                <td style="white-space:nowrap">    
                  <a href="CodeSystem-pco-care-tradeoff-concepts.html#pco-care-tradeoff-concepts-using-cane-or-walker">using-cane-or-walker</a>
                </td>
                <td>http://hl7.org/fhir/us/pco/CodeSystem/pco-care-tradeoff-concepts</td>
                <td>Using a cane or walker</td>
              </tr>
              <tr>
                <td>
                  <a name="x-http://hl7.org/fhir/us/pco/CodeSystem/pco-care-tradeoff-concepts-other"> </a>2
                </td>
                <td style="white-space:nowrap">    
                  <a href="CodeSystem-pco-care-tradeoff-concepts.html#pco-care-tradeoff-concepts-other">other</a>
                </td>
                <td>http://hl7.org/fhir/us/pco/CodeSystem/pco-care-tradeoff-concepts</td>
                <td>Other</td>
              </tr>
              <tr>
                <td>
                  <a name="x-http://hl7.org/fhir/us/pco/CodeSystem/pco-care-tradeoff-concepts-tests-and-procedures"> </a>1
                </td>
                <td style="white-space:nowrap">  
                  <a href="CodeSystem-pco-care-tradeoff-concepts.html#pco-care-tradeoff-concepts-tests-and-procedures">tests-and-procedures</a>
                </td>
                <td>http://hl7.org/fhir/us/pco/CodeSystem/pco-care-tradeoff-concepts</td>
                <td>Tests, treatments, and procedures</td>
              </tr>
              <tr>
                <td>
                  <a name="x-http://hl7.org/fhir/us/pco/CodeSystem/pco-care-tradeoff-concepts-health-care-visits"> </a>1
                </td>
                <td style="white-space:nowrap">  
                  <a href="CodeSystem-pco-care-tradeoff-concepts.html#pco-care-tradeoff-concepts-health-care-visits">health-care-visits</a>
                </td>
                <td>http://hl7.org/fhir/us/pco/CodeSystem/pco-care-tradeoff-concepts</td>
                <td>Health Care visits</td>
              </tr>
              <tr>
                <td>
                  <a name="x-http://hl7.org/fhir/us/pco/CodeSystem/pco-care-tradeoff-concepts-community-services"> </a>1
                </td>
                <td style="white-space:nowrap">  
                  <a href="CodeSystem-pco-care-tradeoff-concepts.html#pco-care-tradeoff-concepts-community-services">community-services</a>
                </td>
                <td>http://hl7.org/fhir/us/pco/CodeSystem/pco-care-tradeoff-concepts</td>
                <td>Community programs, services and supports</td>
              </tr>
            </table>
          </div>
        </text>
        <url value="http://hl7.org/fhir/us/pco/ValueSet/pco-care-tradeoff-valueset"/>
        <version value="0.2.0"/>
        <name value="CareTradeOffValueSet"/>
        <title value="Care Trade-off Example ValueSet"/>
        <status value="draft"/>
        <experimental value="false"/>
        <date value="2024-12-23T14:45:33+00:00"/>
        <jurisdiction>
          <coding>
            <system value="urn:iso:std:iso:3166"/>
            <code value="US"/>
          </coding>
        </jurisdiction>
        <expansion>
          <identifier value="urn:uuid:c2c8ead2-3b1f-445b-9860-1dcfc115286d"/>
          <timestamp value="2024-12-23T14:46:54+00:00"/>
          <total value="13"/>
          <offset value="0"/>
          <parameter>
            <name value="count"/>
            <valueInteger value="1000"/>
          </parameter>
          <parameter>
            <name value="offset"/>
            <valueInteger value="0"/>
          </parameter>
          <parameter>
            <name value="excludeNested"/>
            <valueBoolean value="false"/>
          </parameter>
          <parameter>
            <name value="used-codesystem"/>
            <valueUri value="http://hl7.org/fhir/us/pco/CodeSystem/pco-care-tradeoff-concepts|0.2.0"/>
          </parameter>
          <contains>
            <system value="http://hl7.org/fhir/us/pco/CodeSystem/pco-care-tradeoff-concepts"/>
            <code value="medications"/>
            <display value="Medications"/>
          </contains>
          <contains>
            <system value="http://hl7.org/fhir/us/pco/CodeSystem/pco-care-tradeoff-concepts"/>
            <code value="self-care-tasks"/>
            <display value="Self-care tasks"/>
            <contains>
              <system value="http://hl7.org/fhir/us/pco/CodeSystem/pco-care-tradeoff-concepts"/>
              <code value="diet"/>
              <display value="Following a special diet"/>
            </contains>
            <contains>
              <system value="http://hl7.org/fhir/us/pco/CodeSystem/pco-care-tradeoff-concepts"/>
              <code value="exercise"/>
              <display value="Exercising"/>
            </contains>
            <contains>
              <system value="http://hl7.org/fhir/us/pco/CodeSystem/pco-care-tradeoff-concepts"/>
              <code value="checking-vitals"/>
              <display value="Checking health signs (e.g., weight, blood pressure)"/>
            </contains>
            <contains>
              <system value="http://hl7.org/fhir/us/pco/CodeSystem/pco-care-tradeoff-concepts"/>
              <code value="checking-blood-sugar"/>
              <display value="Checking blood sugar"/>
            </contains>
            <contains>
              <system value="http://hl7.org/fhir/us/pco/CodeSystem/pco-care-tradeoff-concepts"/>
              <code value="wearing-cpap-mask"/>
              <display value="Wearing CPAP mask"/>
            </contains>
            <contains>
              <system value="http://hl7.org/fhir/us/pco/CodeSystem/pco-care-tradeoff-concepts"/>
              <code value="wearing-oxygen"/>
              <display value="Wearing oxygen"/>
            </contains>
            <contains>
              <system value="http://hl7.org/fhir/us/pco/CodeSystem/pco-care-tradeoff-concepts"/>
              <code value="using-cane-or-walker"/>
              <display value="Using a cane or walker"/>
            </contains>
            <contains>
              <system value="http://hl7.org/fhir/us/pco/CodeSystem/pco-care-tradeoff-concepts"/>
              <code value="other"/>
              <display value="Other"/>
            </contains>
          </contains>
          <contains>
            <system value="http://hl7.org/fhir/us/pco/CodeSystem/pco-care-tradeoff-concepts"/>
            <code value="tests-and-procedures"/>
            <display value="Tests, treatments, and procedures"/>
          </contains>
          <contains>
            <system value="http://hl7.org/fhir/us/pco/CodeSystem/pco-care-tradeoff-concepts"/>
            <code value="health-care-visits"/>
            <display value="Health Care visits"/>
          </contains>
          <contains>
            <system value="http://hl7.org/fhir/us/pco/CodeSystem/pco-care-tradeoff-concepts"/>
            <code value="community-services"/>
            <display value="Community programs, services and supports"/>
          </contains>
        </expansion>
      </ValueSet>
    </resource>
  </entry>
  <entry>
    <fullUrl value="http://hl7.org/fhir/us/pco/ValueSet/pco-domain-category-valueset"/>
    <resource>
      <ValueSet>
        <text>
          <status value="generated"/>
          <div xmlns="http://www.w3.org/1999/xhtml">
            <p class="res-header-id">
              <b>Generated Narrative: ValueSet </b>
            </p>
            <p style="border: black 1px dotted; background-color: #EEEEEE; padding: 8px; margin-bottom: 8px">Expansion based on 
              <a href="CodeSystem-pco-goal-domains.html">codesystem PCO Goal Domains v0.2.0 (CodeSystem)</a>
            </p>
            <p>This value set contains 12 concepts</p>
            <table class="codes">
              <tr>
                <td style="white-space:nowrap">
                  <b>Code</b>
                </td>
                <td>
                  <b>System</b>
                </td>
                <td>
                  <b>Display</b>
                </td>
                <td>
                  <b>Definition</b>
                </td>
              </tr>
              <tr>
                <td style="white-space:nowrap">
                  <a name="x-http://hl7.org/fhir/us/pco/CodeSystem/pco-goal-domains-housing"> </a>  
                  <a href="CodeSystem-pco-goal-domains.html#pco-goal-domains-housing">housing</a>
                </td>
                <td>http://hl7.org/fhir/us/pco/CodeSystem/pco-goal-domains</td>
                <td>Housing</td>
                <td>
                  <div>
                    <p>Having acceptable housing that is appropriate for a person's needs.</p>

                  </div>
                </td>
              </tr>
              <tr>
                <td style="white-space:nowrap">
                  <a name="x-http://hl7.org/fhir/us/pco/CodeSystem/pco-goal-domains-access-to-services"> </a>  
                  <a href="CodeSystem-pco-goal-domains.html#pco-goal-domains-access-to-services">access-to-services</a>
                </td>
                <td>http://hl7.org/fhir/us/pco/CodeSystem/pco-goal-domains</td>
                <td>Access To Services</td>
                <td>
                  <div>
                    <p>Ability to access, afford, and utilize appropriate health and community resources. Includes access to transportation, stable food resources, and assistance with financial concerns.</p>

                  </div>
                </td>
              </tr>
              <tr>
                <td style="white-space:nowrap">
                  <a name="x-http://hl7.org/fhir/us/pco/CodeSystem/pco-goal-domains-caregiver-needs"> </a>  
                  <a href="CodeSystem-pco-goal-domains.html#pco-goal-domains-caregiver-needs">caregiver-needs</a>
                </td>
                <td>http://hl7.org/fhir/us/pco/CodeSystem/pco-goal-domains</td>
                <td>Caregiver Needs</td>
                <td>
                  <div/>
                </td>
              </tr>
              <tr>
                <td style="white-space:nowrap">
                  <a name="x-http://hl7.org/fhir/us/pco/CodeSystem/pco-goal-domains-end-of-life"> </a>  
                  <a href="CodeSystem-pco-goal-domains.html#pco-goal-domains-end-of-life">end-of-life</a>
                </td>
                <td>http://hl7.org/fhir/us/pco/CodeSystem/pco-goal-domains</td>
                <td>End Of Life</td>
                <td>
                  <div>
                    <p>Planning for end-of-life care and desires to reduce burden on family or others.</p>

                  </div>
                </td>
              </tr>
              <tr>
                <td style="white-space:nowrap">
                  <a name="x-http://hl7.org/fhir/us/pco/CodeSystem/pco-goal-domains-independence"> </a>  
                  <a href="CodeSystem-pco-goal-domains.html#pco-goal-domains-independence">independence</a>
                </td>
                <td>http://hl7.org/fhir/us/pco/CodeSystem/pco-goal-domains</td>
                <td>Independence</td>
                <td>
                  <div>
                    <p>Ability to live independently without help or assistance from others.</p>

                  </div>
                </td>
              </tr>
              <tr>
                <td style="white-space:nowrap">
                  <a name="x-http://hl7.org/fhir/us/pco/CodeSystem/pco-goal-domains-legal"> </a>  
                  <a href="CodeSystem-pco-goal-domains.html#pco-goal-domains-legal">legal</a>
                </td>
                <td>http://hl7.org/fhir/us/pco/CodeSystem/pco-goal-domains</td>
                <td>Legal</td>
                <td>
                  <div>
                    <p>Having adequate support for legal issues such as child custody, medical power of attorney, etc.</p>

                  </div>
                </td>
              </tr>
              <tr>
                <td style="white-space:nowrap">
                  <a name="x-http://hl7.org/fhir/us/pco/CodeSystem/pco-goal-domains-managing-conditions"> </a>  
                  <a href="CodeSystem-pco-goal-domains.html#pco-goal-domains-managing-conditions">managing-conditions</a>
                </td>
                <td>http://hl7.org/fhir/us/pco/CodeSystem/pco-goal-domains</td>
                <td>Managing Conditions</td>
                <td>
                  <div>
                    <p>Satisfaction with health care received or desired, and experiences with providers and the health care system.</p>

                  </div>
                </td>
              </tr>
              <tr>
                <td style="white-space:nowrap">
                  <a name="x-http://hl7.org/fhir/us/pco/CodeSystem/pco-goal-domains-medication-management"> </a>  
                  <a href="CodeSystem-pco-goal-domains.html#pco-goal-domains-medication-management">medication-management</a>
                </td>
                <td>http://hl7.org/fhir/us/pco/CodeSystem/pco-goal-domains</td>
                <td>Medication Management</td>
                <td>
                  <div>
                    <p>Satisfaction with ability to manage medications.</p>

                  </div>
                </td>
              </tr>
              <tr>
                <td style="white-space:nowrap">
                  <a name="x-http://hl7.org/fhir/us/pco/CodeSystem/pco-goal-domains-improving-health-and-wellness"> </a>  
                  <a href="CodeSystem-pco-goal-domains.html#pco-goal-domains-improving-health-and-wellness">improving-health-and-wellness</a>
                </td>
                <td>http://hl7.org/fhir/us/pco/CodeSystem/pco-goal-domains</td>
                <td>Improving Health And Wellness</td>
                <td>
                  <div>
                    <p>Ability to develop, improve and maintain positive health and wellness habits.</p>

                  </div>
                </td>
              </tr>
              <tr>
                <td style="white-space:nowrap">
                  <a name="x-http://hl7.org/fhir/us/pco/CodeSystem/pco-goal-domains-physical-function"> </a>  
                  <a href="CodeSystem-pco-goal-domains.html#pco-goal-domains-physical-function">physical-function</a>
                </td>
                <td>http://hl7.org/fhir/us/pco/CodeSystem/pco-goal-domains</td>
                <td>Physical Function</td>
                <td>
                  <div>
                    <p>Ability to manage physical functioning, physical symptoms or conditions, and improve or maintain ability to participate in physical activities.</p>

                  </div>
                </td>
              </tr>
              <tr>
                <td style="white-space:nowrap">
                  <a name="x-http://hl7.org/fhir/us/pco/CodeSystem/pco-goal-domains-social-functioning"> </a>  
                  <a href="CodeSystem-pco-goal-domains.html#pco-goal-domains-social-functioning">social-functioning</a>
                </td>
                <td>http://hl7.org/fhir/us/pco/CodeSystem/pco-goal-domains</td>
                <td>Social Functioning</td>
                <td>
                  <div/>
                </td>
              </tr>
              <tr>
                <td style="white-space:nowrap">
                  <a name="x-http://hl7.org/fhir/us/pco/CodeSystem/pco-goal-domains-emotional-and-mental-health"> </a>  
                  <a href="CodeSystem-pco-goal-domains.html#pco-goal-domains-emotional-and-mental-health">emotional-and-mental-health</a>
                </td>
                <td>http://hl7.org/fhir/us/pco/CodeSystem/pco-goal-domains</td>
                <td>Emotional And Mental Health</td>
                <td>
                  <div/>
                </td>
              </tr>
            </table>
          </div>
        </text>
        <url value="http://hl7.org/fhir/us/pco/ValueSet/pco-domain-category-valueset"/>
        <version value="0.2.0"/>
        <name value="PCODomainCategoryValueSet"/>
        <title value="PCO Domain Categories"/>
        <status value="draft"/>
        <experimental value="false"/>
        <date value="2024-12-23T14:45:33+00:00"/>
        <jurisdiction>
          <coding>
            <system value="urn:iso:std:iso:3166"/>
            <code value="US"/>
          </coding>
        </jurisdiction>
        <expansion>
          <identifier value="urn:uuid:18b4233f-a5d5-4d59-8faa-aadf6a758103"/>
          <timestamp value="2024-12-23T14:46:55+00:00"/>
          <total value="12"/>
          <offset value="0"/>
          <parameter>
            <name value="count"/>
            <valueInteger value="1000"/>
          </parameter>
          <parameter>
            <name value="offset"/>
            <valueInteger value="0"/>
          </parameter>
          <parameter>
            <name value="excludeNested"/>
            <valueBoolean value="false"/>
          </parameter>
          <parameter>
            <name value="used-codesystem"/>
            <valueUri value="http://hl7.org/fhir/us/pco/CodeSystem/pco-goal-domains|0.2.0"/>
          </parameter>
          <contains>
            <system value="http://hl7.org/fhir/us/pco/CodeSystem/pco-goal-domains"/>
            <code value="housing"/>
            <display value="Housing"/>
          </contains>
          <contains>
            <system value="http://hl7.org/fhir/us/pco/CodeSystem/pco-goal-domains"/>
            <code value="access-to-services"/>
            <display value="Access To Services"/>
          </contains>
          <contains>
            <system value="http://hl7.org/fhir/us/pco/CodeSystem/pco-goal-domains"/>
            <code value="caregiver-needs"/>
            <display value="Caregiver Needs"/>
          </contains>
          <contains>
            <system value="http://hl7.org/fhir/us/pco/CodeSystem/pco-goal-domains"/>
            <code value="end-of-life"/>
            <display value="End Of Life"/>
          </contains>
          <contains>
            <system value="http://hl7.org/fhir/us/pco/CodeSystem/pco-goal-domains"/>
            <code value="independence"/>
            <display value="Independence"/>
          </contains>
          <contains>
            <system value="http://hl7.org/fhir/us/pco/CodeSystem/pco-goal-domains"/>
            <code value="legal"/>
            <display value="Legal"/>
          </contains>
          <contains>
            <system value="http://hl7.org/fhir/us/pco/CodeSystem/pco-goal-domains"/>
            <code value="managing-conditions"/>
            <display value="Managing Conditions"/>
          </contains>
          <contains>
            <system value="http://hl7.org/fhir/us/pco/CodeSystem/pco-goal-domains"/>
            <code value="medication-management"/>
            <display value="Medication Management"/>
          </contains>
          <contains>
            <system value="http://hl7.org/fhir/us/pco/CodeSystem/pco-goal-domains"/>
            <code value="improving-health-and-wellness"/>
            <display value="Improving Health And Wellness"/>
          </contains>
          <contains>
            <system value="http://hl7.org/fhir/us/pco/CodeSystem/pco-goal-domains"/>
            <code value="physical-function"/>
            <display value="Physical Function"/>
          </contains>
          <contains>
            <system value="http://hl7.org/fhir/us/pco/CodeSystem/pco-goal-domains"/>
            <code value="social-functioning"/>
            <display value="Social Functioning"/>
          </contains>
          <contains>
            <system value="http://hl7.org/fhir/us/pco/CodeSystem/pco-goal-domains"/>
            <code value="emotional-and-mental-health"/>
            <display value="Emotional And Mental Health"/>
          </contains>
        </expansion>
      </ValueSet>
    </resource>
  </entry>
  <entry>
    <fullUrl value="http://hl7.org/fhir/us/pco/ValueSet/prom-target-measures"/>
    <resource>
      <ValueSet>
        <text>
          <status value="generated"/>
          <div xmlns="http://www.w3.org/1999/xhtml">
            <p class="res-header-id">
              <b>Generated Narrative: ValueSet </b>
            </p>
            <p style="border: black 1px dotted; background-color: #EEEEEE; padding: 8px; margin-bottom: 8px">Expansion based on Loinc v2.78</p>
            <p>This value set contains 34 concepts</p>
            <table class="codes">
              <tr>
                <td style="white-space:nowrap">
                  <b>Code</b>
                </td>
                <td>
                  <b>System</b>
                </td>
                <td>
                  <b>Display</b>
                </td>
              </tr>
              <tr>
                <td style="white-space:nowrap">
                  <a name="x-http://loinc.org-70274-6"> </a>  
                  <a href="https://loinc.org/70274-6/">70274-6</a>
                </td>
                <td>http://loinc.org</td>
                <td>Generalized anxiety disorder 7 item (GAD-7) total score [Reported.PHQ]</td>
              </tr>
              <tr>
                <td style="white-space:nowrap">
                  <a name="x-http://loinc.org-44261-6"> </a>  
                  <a href="https://loinc.org/44261-6/">44261-6</a>
                </td>
                <td>http://loinc.org</td>
                <td>Patient Health Questionnaire 9 item (PHQ-9) total score [Reported]</td>
              </tr>
              <tr>
                <td style="white-space:nowrap">
                  <a name="x-http://loinc.org-77854-8"> </a>  
                  <a href="https://loinc.org/77854-8/">77854-8</a>
                </td>
                <td>http://loinc.org</td>
                <td>PROMIS ability to participate in social roles and activities - version 2.0 Tscore</td>
              </tr>
              <tr>
                <td style="white-space:nowrap">
                  <a name="x-http://loinc.org-77848-0"> </a>  
                  <a href="https://loinc.org/77848-0/">77848-0</a>
                </td>
                <td>http://loinc.org</td>
                <td>PROMIS alcohol - alcohol use - version 1.0 Tscore</td>
              </tr>
              <tr>
                <td style="white-space:nowrap">
                  <a name="x-http://loinc.org-89921-1"> </a>  
                  <a href="https://loinc.org/89921-1/">89921-1</a>
                </td>
                <td>http://loinc.org</td>
                <td>PROMIS anger - version 1.1 T-score</td>
              </tr>
              <tr>
                <td style="white-space:nowrap">
                  <a name="x-http://loinc.org-77862-1"> </a>  
                  <a href="https://loinc.org/77862-1/">77862-1</a>
                </td>
                <td>http://loinc.org</td>
                <td>PROMIS emotional distress - anxiety - version 1.0 Tscore</td>
              </tr>
              <tr>
                <td style="white-space:nowrap">
                  <a name="x-http://loinc.org-81531-6"> </a>  
                  <a href="https://loinc.org/81531-6/">81531-6</a>
                </td>
                <td>http://loinc.org</td>
                <td>PROMIS short form - cognitive function 8a - version 2.0 raw score</td>
              </tr>
              <tr>
                <td style="white-space:nowrap">
                  <a name="x-http://loinc.org-71965-8"> </a>  
                  <a href="https://loinc.org/71965-8/">71965-8</a>
                </td>
                <td>http://loinc.org</td>
                <td>PROMIS-29 Depression score T-score</td>
              </tr>
              <tr>
                <td style="white-space:nowrap">
                  <a name="x-http://loinc.org-92149-4"> </a>  
                  <a href="https://loinc.org/92149-4/">92149-4</a>
                </td>
                <td>http://loinc.org</td>
                <td>PROMIS dyspnea severity - version 1.0 T-score</td>
              </tr>
              <tr>
                <td style="white-space:nowrap">
                  <a name="x-http://loinc.org-77864-7"> </a>  
                  <a href="https://loinc.org/77864-7/">77864-7</a>
                </td>
                <td>http://loinc.org</td>
                <td>PROMIS fatigue - version 1.0 Tscore</td>
              </tr>
              <tr>
                <td style="white-space:nowrap">
                  <a name="x-http://loinc.org-77851-4"> </a>  
                  <a href="https://loinc.org/77851-4/">77851-4</a>
                </td>
                <td>http://loinc.org</td>
                <td>PROMIS informational support - version 2.0 Tscore</td>
              </tr>
              <tr>
                <td style="white-space:nowrap">
                  <a name="x-http://loinc.org-77850-6"> </a>  
                  <a href="https://loinc.org/77850-6/">77850-6</a>
                </td>
                <td>http://loinc.org</td>
                <td>PROMIS instrumental support - version 2.0 Tscore</td>
              </tr>
              <tr>
                <td style="white-space:nowrap">
                  <a name="x-http://loinc.org-91614-8"> </a>  
                  <a href="https://loinc.org/91614-8/">91614-8</a>
                </td>
                <td>http://loinc.org</td>
                <td>PROMIS mobility - version 2.0 T-score</td>
              </tr>
              <tr>
                <td style="white-space:nowrap">
                  <a name="x-http://loinc.org-77856-3"> </a>  
                  <a href="https://loinc.org/77856-3/">77856-3</a>
                </td>
                <td>http://loinc.org</td>
                <td>PROMIS pain behavior - version 1.0 Tscore</td>
              </tr>
              <tr>
                <td style="white-space:nowrap">
                  <a name="x-http://loinc.org-77865-4"> </a>  
                  <a href="https://loinc.org/77865-4/">77865-4</a>
                </td>
                <td>http://loinc.org</td>
                <td>PROMIS pain interference - version 1.0 Tscore</td>
              </tr>
              <tr>
                <td style="white-space:nowrap">
                  <a name="x-http://loinc.org-91721-1"> </a>  
                  <a href="https://loinc.org/91721-1/">91721-1</a>
                </td>
                <td>http://loinc.org</td>
                <td>PROMIS physical function - version 2.0 T-score</td>
              </tr>
              <tr>
                <td style="white-space:nowrap">
                  <a name="x-http://loinc.org-77855-5"> </a>  
                  <a href="https://loinc.org/77855-5/">77855-5</a>
                </td>
                <td>http://loinc.org</td>
                <td>PROMIS satisfaction with social roles and activities - version 2.0 Tscore</td>
              </tr>
              <tr>
                <td style="white-space:nowrap">
                  <a name="x-http://loinc.org-92391-2"> </a>  
                  <a href="https://loinc.org/92391-2/">92391-2</a>
                </td>
                <td>http://loinc.org</td>
                <td>PROMIS self-efficacy for managing daliy activities - version 1.0 T-score</td>
              </tr>
              <tr>
                <td style="white-space:nowrap">
                  <a name="x-http://loinc.org-92329-2"> </a>  
                  <a href="https://loinc.org/92329-2/">92329-2</a>
                </td>
                <td>http://loinc.org</td>
                <td>PROMIS self-efficacy for managing emotions - version 1.0 T-score</td>
              </tr>
              <tr>
                <td style="white-space:nowrap">
                  <a name="x-http://loinc.org-92418-3"> </a>  
                  <a href="https://loinc.org/92418-3/">92418-3</a>
                </td>
                <td>http://loinc.org</td>
                <td>PROMIS self-efficacy for managing medications and treatments - version 1.0 T-score</td>
              </tr>
              <tr>
                <td style="white-space:nowrap">
                  <a name="x-http://loinc.org-92448-0"> </a>  
                  <a href="https://loinc.org/92448-0/">92448-0</a>
                </td>
                <td>http://loinc.org</td>
                <td>PROMIS self-efficacy for managing symptoms - version 1.0 T-score</td>
              </tr>
              <tr>
                <td style="white-space:nowrap">
                  <a name="x-http://loinc.org-77859-7"> </a>  
                  <a href="https://loinc.org/77859-7/">77859-7</a>
                </td>
                <td>http://loinc.org</td>
                <td>PROMIS sleep related impairment - version 1.0 Tscore</td>
              </tr>
              <tr>
                <td style="white-space:nowrap">
                  <a name="x-http://loinc.org-92266-6"> </a>  
                  <a href="https://loinc.org/92266-6/">92266-6</a>
                </td>
                <td>http://loinc.org</td>
                <td>PROMIS smoking - negative health expectancies for all smokers - version 1.0 T-score</td>
              </tr>
              <tr>
                <td style="white-space:nowrap">
                  <a name="x-http://loinc.org-92305-2"> </a>  
                  <a href="https://loinc.org/92305-2/">92305-2</a>
                </td>
                <td>http://loinc.org</td>
                <td>PROMIS smoking - nicotine dependence for all smokers - version 1.0 T-score</td>
              </tr>
              <tr>
                <td style="white-space:nowrap">
                  <a name="x-http://loinc.org-77849-8"> </a>  
                  <a href="https://loinc.org/77849-8/">77849-8</a>
                </td>
                <td>http://loinc.org</td>
                <td>PROMIS social isolation - version 2.0 Tscore</td>
              </tr>
              <tr>
                <td style="white-space:nowrap">
                  <a name="x-http://loinc.org-92213-8"> </a>  
                  <a href="https://loinc.org/92213-8/">92213-8</a>
                </td>
                <td>http://loinc.org</td>
                <td>PROMIS smoking - coping expectancies for all smokers - version 1.0 T-score</td>
              </tr>
              <tr>
                <td style="white-space:nowrap">
                  <a name="x-http://loinc.org-89676-1"> </a>  
                  <a href="https://loinc.org/89676-1/">89676-1</a>
                </td>
                <td>http://loinc.org</td>
                <td>PROMIS cancer fatigue - version 1.0 T-score</td>
              </tr>
              <tr>
                <td style="white-space:nowrap">
                  <a name="x-http://loinc.org-71969-0"> </a>  
                  <a href="https://loinc.org/71969-0/">71969-0</a>
                </td>
                <td>http://loinc.org</td>
                <td>PROMIS-10 Global Mental Health (GMH) score T-score</td>
              </tr>
              <tr>
                <td style="white-space:nowrap">
                  <a name="x-http://loinc.org-71971-6"> </a>  
                  <a href="https://loinc.org/71971-6/">71971-6</a>
                </td>
                <td>http://loinc.org</td>
                <td>PROMIS-10 Global Physical Health (GPH) score T-score</td>
              </tr>
              <tr>
                <td style="white-space:nowrap">
                  <a name="x-http://loinc.org-71955-9"> </a>  
                  <a href="https://loinc.org/71955-9/">71955-9</a>
                </td>
                <td>http://loinc.org</td>
                <td>PROMIS-29 Sleep disturbance score T-score</td>
              </tr>
              <tr>
                <td style="white-space:nowrap">
                  <a name="x-http://loinc.org-71957-5"> </a>  
                  <a href="https://loinc.org/71957-5/">71957-5</a>
                </td>
                <td>http://loinc.org</td>
                <td>PROMIS-29 Satisfaction with participation in social roles score T-score</td>
              </tr>
              <tr>
                <td style="white-space:nowrap">
                  <a name="x-http://loinc.org-71959-1"> </a>  
                  <a href="https://loinc.org/71959-1/">71959-1</a>
                </td>
                <td>http://loinc.org</td>
                <td>PROMIS-29 Physical function score T-score</td>
              </tr>
              <tr>
                <td style="white-space:nowrap">
                  <a name="x-http://loinc.org-71961-7"> </a>  
                  <a href="https://loinc.org/71961-7/">71961-7</a>
                </td>
                <td>http://loinc.org</td>
                <td>PROMIS-29 Pain interference score T-score</td>
              </tr>
              <tr>
                <td style="white-space:nowrap">
                  <a name="x-http://loinc.org-71963-3"> </a>  
                  <a href="https://loinc.org/71963-3/">71963-3</a>
                </td>
                <td>http://loinc.org</td>
                <td>PROMIS-29 Fatigue score T-score</td>
              </tr>
            </table>
          </div>
        </text>
        <url value="http://hl7.org/fhir/us/pco/ValueSet/prom-target-measures"/>
        <version value="0.2.0"/>
        <name value="PROMTargetMeasures"/>
        <title value="PROM Target Measures"/>
        <status value="draft"/>
        <experimental value="false"/>
        <date value="2024-12-23T14:45:33+00:00"/>
        <jurisdiction>
          <coding>
            <system value="urn:iso:std:iso:3166"/>
            <code value="US"/>
          </coding>
        </jurisdiction>
        <expansion>
          <identifier value="urn:uuid:5f2a3d06-b043-46cd-822d-d4de9cf8af02"/>
          <timestamp value="2024-12-23T14:46:55+00:00"/>
          <total value="34"/>
          <offset value="0"/>
          <parameter>
            <name value="count"/>
            <valueInteger value="1000"/>
          </parameter>
          <parameter>
            <name value="offset"/>
            <valueInteger value="0"/>
          </parameter>
          <parameter>
            <name value="excludeNested"/>
            <valueBoolean value="false"/>
          </parameter>
          <parameter>
            <name value="used-valueset"/>
            <valueUri value="null"/>
          </parameter>
          <parameter>
            <name value="used-codesystem"/>
            <valueUri value="http://loinc.org|2.78"/>
          </parameter>
          <parameter>
            <name value="version"/>
            <valueUri value="http://loinc.org|2.78"/>
          </parameter>
          <contains>
            <system value="http://loinc.org"/>
            <code value="70274-6"/>
            <display value="Generalized anxiety disorder 7 item (GAD-7) total score [Reported.PHQ]"/>
          </contains>
          <contains>
            <system value="http://loinc.org"/>
            <code value="44261-6"/>
            <display value="Patient Health Questionnaire 9 item (PHQ-9) total score [Reported]"/>
          </contains>
          <contains>
            <system value="http://loinc.org"/>
            <code value="77854-8"/>
            <display value="PROMIS ability to participate in social roles and activities - version 2.0 Tscore"/>
          </contains>
          <contains>
            <system value="http://loinc.org"/>
            <code value="77848-0"/>
            <display value="PROMIS alcohol - alcohol use - version 1.0 Tscore"/>
          </contains>
          <contains>
            <system value="http://loinc.org"/>
            <code value="89921-1"/>
            <display value="PROMIS anger - version 1.1 T-score"/>
          </contains>
          <contains>
            <system value="http://loinc.org"/>
            <code value="77862-1"/>
            <display value="PROMIS emotional distress - anxiety - version 1.0 Tscore"/>
          </contains>
          <contains>
            <system value="http://loinc.org"/>
            <code value="81531-6"/>
            <display value="PROMIS short form - cognitive function 8a - version 2.0 raw score"/>
          </contains>
          <contains>
            <system value="http://loinc.org"/>
            <code value="71965-8"/>
            <display value="PROMIS-29 Depression score T-score"/>
          </contains>
          <contains>
            <system value="http://loinc.org"/>
            <code value="92149-4"/>
            <display value="PROMIS dyspnea severity - version 1.0 T-score"/>
          </contains>
          <contains>
            <system value="http://loinc.org"/>
            <code value="77864-7"/>
            <display value="PROMIS fatigue - version 1.0 Tscore"/>
          </contains>
          <contains>
            <system value="http://loinc.org"/>
            <code value="77851-4"/>
            <display value="PROMIS informational support - version 2.0 Tscore"/>
          </contains>
          <contains>
            <system value="http://loinc.org"/>
            <code value="77850-6"/>
            <display value="PROMIS instrumental support - version 2.0 Tscore"/>
          </contains>
          <contains>
            <system value="http://loinc.org"/>
            <code value="91614-8"/>
            <display value="PROMIS mobility - version 2.0 T-score"/>
          </contains>
          <contains>
            <system value="http://loinc.org"/>
            <code value="77856-3"/>
            <display value="PROMIS pain behavior - version 1.0 Tscore"/>
          </contains>
          <contains>
            <system value="http://loinc.org"/>
            <code value="77865-4"/>
            <display value="PROMIS pain interference - version 1.0 Tscore"/>
          </contains>
          <contains>
            <system value="http://loinc.org"/>
            <code value="91721-1"/>
            <display value="PROMIS physical function - version 2.0 T-score"/>
          </contains>
          <contains>
            <system value="http://loinc.org"/>
            <code value="77855-5"/>
            <display value="PROMIS satisfaction with social roles and activities - version 2.0 Tscore"/>
          </contains>
          <contains>
            <system value="http://loinc.org"/>
            <code value="92391-2"/>
            <display value="PROMIS self-efficacy for managing daliy activities - version 1.0 T-score"/>
          </contains>
          <contains>
            <system value="http://loinc.org"/>
            <code value="92329-2"/>
            <display value="PROMIS self-efficacy for managing emotions - version 1.0 T-score"/>
          </contains>
          <contains>
            <system value="http://loinc.org"/>
            <code value="92418-3"/>
            <display value="PROMIS self-efficacy for managing medications and treatments - version 1.0 T-score"/>
          </contains>
          <contains>
            <system value="http://loinc.org"/>
            <code value="92448-0"/>
            <display value="PROMIS self-efficacy for managing symptoms - version 1.0 T-score"/>
          </contains>
          <contains>
            <system value="http://loinc.org"/>
            <code value="77859-7"/>
            <display value="PROMIS sleep related impairment - version 1.0 Tscore"/>
          </contains>
          <contains>
            <system value="http://loinc.org"/>
            <code value="92266-6"/>
            <display value="PROMIS smoking - negative health expectancies for all smokers - version 1.0 T-score"/>
          </contains>
          <contains>
            <system value="http://loinc.org"/>
            <code value="92305-2"/>
            <display value="PROMIS smoking - nicotine dependence for all smokers - version 1.0 T-score"/>
          </contains>
          <contains>
            <system value="http://loinc.org"/>
            <code value="77849-8"/>
            <display value="PROMIS social isolation - version 2.0 Tscore"/>
          </contains>
          <contains>
            <system value="http://loinc.org"/>
            <code value="92213-8"/>
            <display value="PROMIS smoking - coping expectancies for all smokers - version 1.0 T-score"/>
          </contains>
          <contains>
            <system value="http://loinc.org"/>
            <code value="89676-1"/>
            <display value="PROMIS cancer fatigue - version 1.0 T-score"/>
          </contains>
          <contains>
            <system value="http://loinc.org"/>
            <code value="71969-0"/>
            <display value="PROMIS-10 Global Mental Health (GMH) score T-score"/>
          </contains>
          <contains>
            <system value="http://loinc.org"/>
            <code value="71971-6"/>
            <display value="PROMIS-10 Global Physical Health (GPH) score T-score"/>
          </contains>
          <contains>
            <system value="http://loinc.org"/>
            <code value="71955-9"/>
            <display value="PROMIS-29 Sleep disturbance score T-score"/>
          </contains>
          <contains>
            <system value="http://loinc.org"/>
            <code value="71957-5"/>
            <display value="PROMIS-29 Satisfaction with participation in social roles score T-score"/>
          </contains>
          <contains>
            <system value="http://loinc.org"/>
            <code value="71959-1"/>
            <display value="PROMIS-29 Physical function score T-score"/>
          </contains>
          <contains>
            <system value="http://loinc.org"/>
            <code value="71961-7"/>
            <display value="PROMIS-29 Pain interference score T-score"/>
          </contains>
          <contains>
            <system value="http://loinc.org"/>
            <code value="71963-3"/>
            <display value="PROMIS-29 Fatigue score T-score"/>
          </contains>
        </expansion>
      </ValueSet>
    </resource>
  </entry>
  <entry>
    <fullUrl value="http://hl7.org/fhir/us/pco/ValueSet/wellbeing-domains-example-vs"/>
    <resource>
      <ValueSet>
        <text>
          <status value="generated"/>
          <div xmlns="http://www.w3.org/1999/xhtml">
            <p class="res-header-id">
              <b>Generated Narrative: ValueSet </b>
            </p>
            <p style="border: black 1px dotted; background-color: #EEEEEE; padding: 8px; margin-bottom: 8px">Expansion based on 
              <a href="CodeSystem-va-whole-health.html">codesystem VA Whole Health Concepts v0.2.0 (CodeSystem)</a>
            </p>
            <p>This value set contains 9 concepts</p>
            <table class="codes">
              <tr>
                <td style="white-space:nowrap">
                  <b>Code</b>
                </td>
                <td>
                  <b>System</b>
                </td>
                <td>
                  <b>Display</b>
                </td>
                <td>
                  <b>Definition</b>
                </td>
              </tr>
              <tr>
                <td style="white-space:nowrap">
                  <a name="x-http://hl7.org/fhir/us/pco/CodeSystem/va-whole-health-body"> </a>  
                  <a href="CodeSystem-va-whole-health.html#va-whole-health-body">body</a>
                </td>
                <td>http://hl7.org/fhir/us/pco/CodeSystem/va-whole-health</td>
                <td>Moving the Body</td>
                <td>
                  <div>
                    <p>Our physical, mental, and emotional health are impacted by the amount and kind of movement we do. Moving the body can take many forms such as dancing, walking, gardening, yoga, and exercise.</p>

                  </div>
                </td>
              </tr>
              <tr>
                <td style="white-space:nowrap">
                  <a name="x-http://hl7.org/fhir/us/pco/CodeSystem/va-whole-health-mind"> </a>  
                  <a href="CodeSystem-va-whole-health.html#va-whole-health-mind">mind</a>
                </td>
                <td>http://hl7.org/fhir/us/pco/CodeSystem/va-whole-health</td>
                <td>Power of the Mind</td>
                <td>
                  <div>
                    <p>Our thoughts are powerful and can affect our physical, mental, and emotional health. Changing our mindset can aid in healing and coping. Breathing techniques, guided imagery, Tai Chi, yoga, or gratitude can buffer the impact of stress and other emotions.</p>

                  </div>
                </td>
              </tr>
              <tr>
                <td style="white-space:nowrap">
                  <a name="x-http://hl7.org/fhir/us/pco/CodeSystem/va-whole-health-nourishment"> </a>  
                  <a href="CodeSystem-va-whole-health.html#va-whole-health-nourishment">nourishment</a>
                </td>
                <td>http://hl7.org/fhir/us/pco/CodeSystem/va-whole-health</td>
                <td>Food &amp; Drink</td>
                <td>
                  <div>
                    <p>What we eat and drink can have a huge effect on how we experience life, both physically and mentally. Energy, mood, weight, how long we live, and overall health are all impacted by what and how we choose to eat and drink.</p>

                  </div>
                </td>
              </tr>
              <tr>
                <td style="white-space:nowrap">
                  <a name="x-http://hl7.org/fhir/us/pco/CodeSystem/va-whole-health-recharge"> </a>  
                  <a href="CodeSystem-va-whole-health.html#va-whole-health-recharge">recharge</a>
                </td>
                <td>http://hl7.org/fhir/us/pco/CodeSystem/va-whole-health</td>
                <td>Recharge</td>
                <td>
                  <div>
                    <p>Our bodies and minds must rest and recharge in order to optimize our health. Getting a good night's rest, as well as recharging our mental and physical energy throughout the day, are vital to well-being. Taking short breaks or doing something you enjoy or feels good for moments throughout the day are examples of ways to refresh.</p>

                  </div>
                </td>
              </tr>
              <tr>
                <td style="white-space:nowrap">
                  <a name="x-http://hl7.org/fhir/us/pco/CodeSystem/va-whole-health-surroundings"> </a>  
                  <a href="CodeSystem-va-whole-health.html#va-whole-health-surroundings">surroundings</a>
                </td>
                <td>http://hl7.org/fhir/us/pco/CodeSystem/va-whole-health</td>
                <td>Surroundings</td>
                <td>
                  <div>
                    <p>Our surroundings, both at work and where we live, indoors and out, can affect our health and outlook on life. Changes within our control such as organizing, decluttering, adding a plant or artwork can improve mood and health.</p>

                  </div>
                </td>
              </tr>
              <tr>
                <td style="white-space:nowrap">
                  <a name="x-http://hl7.org/fhir/us/pco/CodeSystem/va-whole-health-personal-development"> </a>  
                  <a href="CodeSystem-va-whole-health.html#va-whole-health-personal-development">personal-development</a>
                </td>
                <td>http://hl7.org/fhir/us/pco/CodeSystem/va-whole-health</td>
                <td>Personal Development</td>
                <td>
                  <div>
                    <p>Our health is impacted by how we choose to spend our time. Aligning our work and personal activities with what really matters to us, or what brings us joy, can have a big effect on our health and outlook on life.</p>

                  </div>
                </td>
              </tr>
              <tr>
                <td style="white-space:nowrap">
                  <a name="x-http://hl7.org/fhir/us/pco/CodeSystem/va-whole-health-spirit-and-soul"> </a>  
                  <a href="CodeSystem-va-whole-health.html#va-whole-health-spirit-and-soul">spirit-and-soul</a>
                </td>
                <td>http://hl7.org/fhir/us/pco/CodeSystem/va-whole-health</td>
                <td>Spirit &amp; Soul</td>
                <td>
                  <div>
                    <p>Connecting with something greater than ourselves may provide a sense of meaning and purpose, peace, or comfort. Connecting and aligning spiritually is very individual and may take the form of religious affiliation, connection to nature, or engaging in things like music or art.</p>

                  </div>
                </td>
              </tr>
              <tr>
                <td style="white-space:nowrap">
                  <a name="x-http://hl7.org/fhir/us/pco/CodeSystem/va-whole-health-relationships"> </a>  
                  <a href="CodeSystem-va-whole-health.html#va-whole-health-relationships">relationships</a>
                </td>
                <td>http://hl7.org/fhir/us/pco/CodeSystem/va-whole-health</td>
                <td>Family, Friends &amp; Co-Workers</td>
                <td>
                  <div>
                    <p>Our relationships, including those with pets, have as significant an effect on our physical and emotional health as any other factor associated with well-being. Spending more time in relationships that &quot;fuel&quot; us and less in relationships that &quot;drain&quot; us is one potential option. Improving our relationship skills or creating new relationships through community activities are other options to consider.</p>

                  </div>
                </td>
              </tr>
              <tr>
                <td style="white-space:nowrap">
                  <a name="x-http://hl7.org/fhir/us/pco/CodeSystem/va-whole-health-professional-care"> </a>  
                  <a href="CodeSystem-va-whole-health.html#va-whole-health-professional-care">professional-care</a>
                </td>
                <td>http://hl7.org/fhir/us/pco/CodeSystem/va-whole-health</td>
                <td>Professional Care</td>
                <td>
                  <div>
                    <p>Staying up to date on prevention and understanding your health concerns, care options, treatment plan, and their role in your health.</p>

                  </div>
                </td>
              </tr>
            </table>
          </div>
        </text>
        <url value="http://hl7.org/fhir/us/pco/ValueSet/wellbeing-domains-example-vs"/>
        <version value="0.2.0"/>
        <name value="WellBeingDomainValueSet"/>
        <title value="Well-Being Domains Example"/>
        <status value="draft"/>
        <experimental value="false"/>
        <date value="2024-12-23T14:45:33+00:00"/>
        <jurisdiction>
          <coding>
            <system value="urn:iso:std:iso:3166"/>
            <code value="US"/>
          </coding>
        </jurisdiction>
        <expansion>
          <identifier value="urn:uuid:23601d6f-2ed8-4e7a-981d-e6976cfcde30"/>
          <timestamp value="2024-12-23T14:46:56+00:00"/>
          <total value="9"/>
          <offset value="0"/>
          <parameter>
            <name value="count"/>
            <valueInteger value="1000"/>
          </parameter>
          <parameter>
            <name value="offset"/>
            <valueInteger value="0"/>
          </parameter>
          <parameter>
            <name value="excludeNested"/>
            <valueBoolean value="false"/>
          </parameter>
          <parameter>
            <name value="used-codesystem"/>
            <valueUri value="http://hl7.org/fhir/us/pco/CodeSystem/va-whole-health|0.2.0"/>
          </parameter>
          <contains>
            <system value="http://hl7.org/fhir/us/pco/CodeSystem/va-whole-health"/>
            <code value="body"/>
            <display value="Moving the Body"/>
          </contains>
          <contains>
            <system value="http://hl7.org/fhir/us/pco/CodeSystem/va-whole-health"/>
            <code value="mind"/>
            <display value="Power of the Mind"/>
          </contains>
          <contains>
            <system value="http://hl7.org/fhir/us/pco/CodeSystem/va-whole-health"/>
            <code value="nourishment"/>
            <display value="Food &amp; Drink"/>
          </contains>
          <contains>
            <system value="http://hl7.org/fhir/us/pco/CodeSystem/va-whole-health"/>
            <code value="recharge"/>
            <display value="Recharge"/>
          </contains>
          <contains>
            <system value="http://hl7.org/fhir/us/pco/CodeSystem/va-whole-health"/>
            <code value="surroundings"/>
            <display value="Surroundings"/>
          </contains>
          <contains>
            <system value="http://hl7.org/fhir/us/pco/CodeSystem/va-whole-health"/>
            <code value="personal-development"/>
            <display value="Personal Development"/>
          </contains>
          <contains>
            <system value="http://hl7.org/fhir/us/pco/CodeSystem/va-whole-health"/>
            <code value="spirit-and-soul"/>
            <display value="Spirit &amp; Soul"/>
          </contains>
          <contains>
            <system value="http://hl7.org/fhir/us/pco/CodeSystem/va-whole-health"/>
            <code value="relationships"/>
            <display value="Family, Friends &amp; Co-Workers"/>
          </contains>
          <contains>
            <system value="http://hl7.org/fhir/us/pco/CodeSystem/va-whole-health"/>
            <code value="professional-care"/>
            <display value="Professional Care"/>
          </contains>
        </expansion>
      </ValueSet>
    </resource>
  </entry>
  <entry>
    <fullUrl value="http://hl7.org/fhir/us/pco/ValueSet/wellbeing-priority-focus-vs"/>
    <resource>
      <ValueSet>
        <text>
          <status value="generated"/>
          <div xmlns="http://www.w3.org/1999/xhtml">
            <p class="res-header-id">
              <b>Generated Narrative: ValueSet </b>
            </p>
            <p style="border: black 1px dotted; background-color: #EEEEEE; padding: 8px; margin-bottom: 8px">Expansion based on 
              <a href="CodeSystem-wellbeing-concepts.html">codesystem Well-Being Concepts v0.2.0 (CodeSystem)</a>
            </p>
            <p>This value set contains 2 concepts</p>
            <table class="codes">
              <tr>
                <td style="white-space:nowrap">
                  <b>Code</b>
                </td>
                <td>
                  <b>System</b>
                </td>
                <td>
                  <b>Display</b>
                </td>
                <td>
                  <b>Definition</b>
                </td>
              </tr>
              <tr>
                <td style="white-space:nowrap">
                  <a name="x-http://hl7.org/fhir/us/pco/CodeSystem/wellbeing-concepts-wellbeing-priority"> </a>  
                  <a href="CodeSystem-wellbeing-concepts.html#wellbeing-concepts-wellbeing-priority">wellbeing-priority</a>
                </td>
                <td>http://hl7.org/fhir/us/pco/CodeSystem/wellbeing-concepts</td>
                <td>Well-Being Priority</td>
                <td>
                  <div>
                    <p>Priority for one area of well-being</p>

                  </div>
                </td>
              </tr>
              <tr>
                <td style="white-space:nowrap">
                  <a name="x-http://hl7.org/fhir/us/pco/CodeSystem/wellbeing-concepts-wellbeing-focus-area"> </a>  
                  <a href="CodeSystem-wellbeing-concepts.html#wellbeing-concepts-wellbeing-focus-area">wellbeing-focus-area</a>
                </td>
                <td>http://hl7.org/fhir/us/pco/CodeSystem/wellbeing-concepts</td>
                <td>Well-Being Focus Area</td>
                <td>
                  <div>
                    <p>Priority for one area of well-being</p>

                  </div>
                </td>
              </tr>
            </table>
          </div>
        </text>
        <url value="http://hl7.org/fhir/us/pco/ValueSet/wellbeing-priority-focus-vs"/>
        <version value="0.2.0"/>
        <name value="WellBeingPriorityOrFocusValueSet"/>
        <title value="Well-Being Priority Or Focus"/>
        <status value="draft"/>
        <experimental value="false"/>
        <date value="2024-12-23T14:45:33+00:00"/>
        <jurisdiction>
          <coding>
            <system value="urn:iso:std:iso:3166"/>
            <code value="US"/>
          </coding>
        </jurisdiction>
        <expansion>
          <identifier value="urn:uuid:6ec6001c-7b91-4a6d-b21d-1eccc68a530e"/>
          <timestamp value="2024-12-23T14:46:56+00:00"/>
          <total value="2"/>
          <offset value="0"/>
          <parameter>
            <name value="count"/>
            <valueInteger value="1000"/>
          </parameter>
          <parameter>
            <name value="offset"/>
            <valueInteger value="0"/>
          </parameter>
          <parameter>
            <name value="excludeNested"/>
            <valueBoolean value="false"/>
          </parameter>
          <parameter>
            <name value="used-codesystem"/>
            <valueUri value="http://hl7.org/fhir/us/pco/CodeSystem/wellbeing-concepts|0.2.0"/>
          </parameter>
          <contains>
            <system value="http://hl7.org/fhir/us/pco/CodeSystem/wellbeing-concepts"/>
            <code value="wellbeing-priority"/>
            <display value="Well-Being Priority"/>
          </contains>
          <contains>
            <system value="http://hl7.org/fhir/us/pco/CodeSystem/wellbeing-concepts"/>
            <code value="wellbeing-focus-area"/>
            <display value="Well-Being Focus Area"/>
          </contains>
        </expansion>
      </ValueSet>
    </resource>
  </entry>
</Bundle>