<?xml version="1.0" encoding="UTF-8"?>

<Bundle xmlns="http://hl7.org/fhir">
  <id value="8c04c16a-c392-4d22-874d-989d2ac8f042"/>
  <meta>
    <lastUpdated value="2025-01-19T16:32:23.089+00:00"/>
  </meta>
  <type value="collection"/>
  <entry>
    <fullUrl value="http://hl7.org/fhir/us/pco/ValueSet/gas-score-answers"/>
    <resource>
      <ValueSet>
        <text>
          <status value="generated"/>
          <div xmlns="http://www.w3.org/1999/xhtml">
            <p class="res-header-id">
              <b>Generated Narrative: ValueSet </b>
            </p>
            <p style="border: black 1px dotted; background-color: #EEEEEE; padding: 8px; margin-bottom: 8px">Expansion from tx.fhir.org based on Loinc v2.78</p>
            <p>This value set contains 3 concepts</p>
            <table class="codes">
              <tr>
                <td style="white-space:nowrap">
                  <b>Code</b>
                </td>
                <td>
                  <b>System</b>
                </td>
                <td>
                  <b>Display</b>
                </td>
              </tr>
              <tr>
                <td style="white-space:nowrap">
                  <a name="x-http://loinc.org-LA6113-0"> </a>  
                  <a href="https://loinc.org/LA6113-0/">LA6113-0</a>
                </td>
                <td>http://loinc.org</td>
                <td>2 or more</td>
              </tr>
              <tr>
                <td style="white-space:nowrap">
                  <a name="x-http://loinc.org-LA6112-2"> </a>  
                  <a href="https://loinc.org/LA6112-2/">LA6112-2</a>
                </td>
                <td>http://loinc.org</td>
                <td>1</td>
              </tr>
              <tr>
                <td style="white-space:nowrap">
                  <a name="x-http://loinc.org-LA6111-4"> </a>  
                  <a href="https://loinc.org/LA6111-4/">LA6111-4</a>
                </td>
                <td>http://loinc.org</td>
                <td>0</td>
              </tr>
            </table>
          </div>
        </text>
        <url value="http://hl7.org/fhir/us/pco/ValueSet/gas-score-answers"/>
        <version value="0.2.0"/>
        <name value="GASScoreAnswers"/>
        <title value="Follow-Up GAS Score Answers"/>
        <status value="draft"/>
        <experimental value="false"/>
        <date value="2025-01-19T16:32:23+00:00"/>
        <jurisdiction>
          <coding>
            <system value="urn:iso:std:iso:3166"/>
            <code value="US"/>
          </coding>
        </jurisdiction>
        <expansion>
          <identifier value="urn:uuid:863e5191-467e-4363-9f1a-67387b503be6"/>
          <timestamp value="2025-01-19T16:33:45+00:00"/>
          <total value="3"/>
          <offset value="0"/>
          <parameter>
            <name value="count"/>
            <valueInteger value="1000"/>
          </parameter>
          <parameter>
            <name value="offset"/>
            <valueInteger value="0"/>
          </parameter>
          <parameter>
            <name value="excludeNested"/>
            <valueBoolean value="false"/>
          </parameter>
          <parameter>
            <name value="used-valueset"/>
            <valueUri value="null"/>
          </parameter>
          <parameter>
            <name value="used-codesystem"/>
            <valueUri value="http://loinc.org|2.78"/>
          </parameter>
          <parameter>
            <name value="version"/>
            <valueUri value="http://loinc.org|2.78"/>
          </parameter>
          <contains>
            <system value="http://loinc.org"/>
            <code value="LA6113-0"/>
            <display value="2 or more"/>
          </contains>
          <contains>
            <system value="http://loinc.org"/>
            <code value="LA6112-2"/>
            <display value="1"/>
          </contains>
          <contains>
            <system value="http://loinc.org"/>
            <code value="LA6111-4"/>
            <display value="0"/>
          </contains>
        </expansion>
      </ValueSet>
    </resource>
  </entry>
  <entry>
    <fullUrl value="http://hl7.org/fhir/us/pco/ValueSet/goal-attainment-scaling-score"/>
    <resource>
      <ValueSet>
        <text>
          <status value="generated"/>
          <div xmlns="http://www.w3.org/1999/xhtml">
            <p class="res-header-id">
              <b>Generated Narrative: ValueSet </b>
            </p>
            <p style="border: black 1px dotted; background-color: #EEEEEE; padding: 8px; margin-bottom: 8px">Expansion from tx.fhir.org based on Loinc v2.78</p>
            <p>This value set contains 0 concepts</p>
            <table class="codes">
              <tr>
                <td style="white-space:nowrap">
                  <b>Code</b>
                </td>
                <td>
                  <b>System</b>
                </td>
                <td>
                  <b>Display</b>
                </td>
              </tr>
            </table>
          </div>
        </text>
        <url value="http://hl7.org/fhir/us/pco/ValueSet/goal-attainment-scaling-score"/>
        <version value="0.2.0"/>
        <name value="GoalAttainmentScalingScore"/>
        <title value="Goal Attainment Scaling (GAS) Score"/>
        <status value="draft"/>
        <experimental value="false"/>
        <date value="2025-01-19T16:32:23+00:00"/>
        <jurisdiction>
          <coding>
            <system value="urn:iso:std:iso:3166"/>
            <code value="US"/>
          </coding>
        </jurisdiction>
        <expansion>
          <identifier value="urn:uuid:e15de334-4a28-4189-8f21-7c1b9fa06a01"/>
          <timestamp value="2025-01-19T16:33:46+00:00"/>
          <total value="0"/>
          <offset value="0"/>
          <parameter>
            <name value="count"/>
            <valueInteger value="1000"/>
          </parameter>
          <parameter>
            <name value="offset"/>
            <valueInteger value="0"/>
          </parameter>
          <parameter>
            <name value="excludeNested"/>
            <valueBoolean value="false"/>
          </parameter>
          <parameter>
            <name value="used-valueset"/>
            <valueUri value="null"/>
          </parameter>
          <parameter>
            <name value="used-codesystem"/>
            <valueUri value="http://loinc.org|2.78"/>
          </parameter>
          <parameter>
            <name value="version"/>
            <valueUri value="http://loinc.org|2.78"/>
          </parameter>
        </expansion>
      </ValueSet>
    </resource>
  </entry>
  <entry>
    <fullUrl value="http://hl7.org/fhir/us/pco/ValueSet/goal-barrier-codes"/>
    <resource>
      <ValueSet>
        <text>
          <status value="generated"/>
          <div xmlns="http://www.w3.org/1999/xhtml">
            <p class="res-header-id">
              <b>Generated Narrative: ValueSet </b>
            </p>
            <p style="border: black 1px dotted; background-color: #EEEEEE; padding: 8px; margin-bottom: 8px">Expansion from tx.fhir.org based on SNOMED CT 731000124108 edition 01-Sep 2024</p>
            <p>This value set contains 1 concepts</p>
            <table class="codes">
              <tr>
                <td style="white-space:nowrap">
                  <b>Code</b>
                </td>
                <td>
                  <b>System</b>
                </td>
                <td>
                  <b>Display</b>
                </td>
              </tr>
              <tr>
                <td style="white-space:nowrap">
                  <a name="x-http://snomed.info/sct-452341000124107"> </a>  
                  <a href="http://snomed.info/id/452341000124107">452341000124107</a>
                </td>
                <td>http://snomed.info/sct</td>
                <td>Assessment of barriers to meet care plan goals performed (situation)</td>
              </tr>
            </table>
          </div>
        </text>
        <url value="http://hl7.org/fhir/us/pco/ValueSet/goal-barrier-codes"/>
        <version value="0.2.0"/>
        <name value="GoalBarrierCodes"/>
        <title value="Goal Barrier Assessment Codes"/>
        <status value="draft"/>
        <experimental value="false"/>
        <date value="2025-01-19T16:32:23+00:00"/>
        <jurisdiction>
          <coding>
            <system value="urn:iso:std:iso:3166"/>
            <code value="US"/>
          </coding>
        </jurisdiction>
        <expansion>
          <identifier value="urn:uuid:70355829-5093-4374-a61d-cbf07f204d85"/>
          <timestamp value="2025-01-19T16:33:47+00:00"/>
          <total value="1"/>
          <offset value="0"/>
          <parameter>
            <name value="count"/>
            <valueInteger value="1000"/>
          </parameter>
          <parameter>
            <name value="offset"/>
            <valueInteger value="0"/>
          </parameter>
          <parameter>
            <name value="excludeNested"/>
            <valueBoolean value="false"/>
          </parameter>
          <parameter>
            <name value="used-valueset"/>
            <valueUri value="null"/>
          </parameter>
          <parameter>
            <name value="used-codesystem"/>
            <valueUri value="http://snomed.info/sct|http://snomed.info/sct/731000124108/version/20240901"/>
          </parameter>
          <parameter>
            <name value="version"/>
            <valueUri value="http://snomed.info/sct|http://snomed.info/sct/731000124108/version/20240901"/>
          </parameter>
          <contains>
            <system value="http://snomed.info/sct"/>
            <code value="452341000124107"/>
            <display value="Assessment of barriers to meet care plan goals performed (situation)"/>
          </contains>
        </expansion>
      </ValueSet>
    </resource>
  </entry>
  <entry>
    <fullUrl value="http://hl7.org/fhir/us/pco/ValueSet/pco-care-tradeoff-choices-vs"/>
    <resource>
      <ValueSet>
        <text>
          <status value="generated"/>
          <div xmlns="http://www.w3.org/1999/xhtml">
            <p class="res-header-id">
              <b>Generated Narrative: ValueSet </b>
            </p>
            <p style="border: black 1px dotted; background-color: #EEEEEE; padding: 8px; margin-bottom: 8px">Expansion done internally based on 
              <a href="CodeSystem-pco-care-tradeoff-choice-codes.html">codesystem Care Trade-off Choice Codes v0.2.0 (CodeSystem)</a>
            </p>
            <p>This value set contains 4 concepts</p>
            <table class="codes">
              <tr>
                <td style="white-space:nowrap">
                  <b>Code</b>
                </td>
                <td>
                  <b>System</b>
                </td>
                <td>
                  <b>Display</b>
                </td>
              </tr>
              <tr>
                <td style="white-space:nowrap">
                  <a name="x-http://hl7.org/fhir/us/pco/CodeSystem/pco-care-tradeoff-choice-codes-helpful-care"> </a>  
                  <a href="CodeSystem-pco-care-tradeoff-choice-codes.html#pco-care-tradeoff-choice-codes-helpful-care">helpful-care</a>
                </td>
                <td>http://hl7.org/fhir/us/pco/CodeSystem/pco-care-tradeoff-choice-codes</td>
                <td>Helpful</td>
              </tr>
              <tr>
                <td style="white-space:nowrap">
                  <a name="x-http://hl7.org/fhir/us/pco/CodeSystem/pco-care-tradeoff-choice-codes-burdensome-care"> </a>  
                  <a href="CodeSystem-pco-care-tradeoff-choice-codes.html#pco-care-tradeoff-choice-codes-burdensome-care">burdensome-care</a>
                </td>
                <td>http://hl7.org/fhir/us/pco/CodeSystem/pco-care-tradeoff-choice-codes</td>
                <td>Burdensome</td>
              </tr>
              <tr>
                <td style="white-space:nowrap">
                  <a name="x-http://hl7.org/fhir/us/pco/CodeSystem/pco-care-tradeoff-choice-codes-willing-to-change"> </a>  
                  <a href="CodeSystem-pco-care-tradeoff-choice-codes.html#pco-care-tradeoff-choice-codes-willing-to-change">willing-to-change</a>
                </td>
                <td>http://hl7.org/fhir/us/pco/CodeSystem/pco-care-tradeoff-choice-codes</td>
                <td>Willing to change</td>
              </tr>
              <tr>
                <td style="white-space:nowrap">
                  <a name="x-http://hl7.org/fhir/us/pco/CodeSystem/pco-care-tradeoff-choice-codes-unwilling-to-change"> </a>  
                  <a href="CodeSystem-pco-care-tradeoff-choice-codes.html#pco-care-tradeoff-choice-codes-unwilling-to-change">unwilling-to-change</a>
                </td>
                <td>http://hl7.org/fhir/us/pco/CodeSystem/pco-care-tradeoff-choice-codes</td>
                <td>Unwilling to change</td>
              </tr>
            </table>
          </div>
        </text>
        <url value="http://hl7.org/fhir/us/pco/ValueSet/pco-care-tradeoff-choices-vs"/>
        <version value="0.2.0"/>
        <name value="CareTradeOffChoices"/>
        <title value="Care Trade-off Choices"/>
        <status value="draft"/>
        <experimental value="false"/>
        <date value="2025-01-19T16:32:23+00:00"/>
        <jurisdiction>
          <coding>
            <system value="urn:iso:std:iso:3166"/>
            <code value="US"/>
          </coding>
        </jurisdiction>
        <expansion>
          <identifier value="urn:uuid:18035ce7-e4f6-4f74-b181-696876d92ab0"/>
          <timestamp value="2025-01-19T16:33:47+00:00"/>
          <total value="4"/>
          <offset value="0"/>
          <parameter>
            <name value="count"/>
            <valueInteger value="1000"/>
          </parameter>
          <parameter>
            <name value="offset"/>
            <valueInteger value="0"/>
          </parameter>
          <parameter>
            <name value="excludeNested"/>
            <valueBoolean value="false"/>
          </parameter>
          <parameter>
            <name value="used-codesystem"/>
            <valueUri value="http://hl7.org/fhir/us/pco/CodeSystem/pco-care-tradeoff-choice-codes|0.2.0"/>
          </parameter>
          <contains>
            <system value="http://hl7.org/fhir/us/pco/CodeSystem/pco-care-tradeoff-choice-codes"/>
            <code value="helpful-care"/>
            <display value="Helpful"/>
          </contains>
          <contains>
            <system value="http://hl7.org/fhir/us/pco/CodeSystem/pco-care-tradeoff-choice-codes"/>
            <code value="burdensome-care"/>
            <display value="Burdensome"/>
          </contains>
          <contains>
            <system value="http://hl7.org/fhir/us/pco/CodeSystem/pco-care-tradeoff-choice-codes"/>
            <code value="willing-to-change"/>
            <display value="Willing to change"/>
          </contains>
          <contains>
            <system value="http://hl7.org/fhir/us/pco/CodeSystem/pco-care-tradeoff-choice-codes"/>
            <code value="unwilling-to-change"/>
            <display value="Unwilling to change"/>
          </contains>
        </expansion>
      </ValueSet>
    </resource>
  </entry>
  <entry>
    <fullUrl value="http://hl7.org/fhir/us/pco/ValueSet/pco-care-tradeoff-types-example-vs"/>
    <resource>
      <ValueSet>
        <text>
          <status value="generated"/>
          <div xmlns="http://www.w3.org/1999/xhtml">
            <p class="res-header-id">
              <b>Generated Narrative: ValueSet </b>
            </p>
            <p style="border: black 1px dotted; background-color: #EEEEEE; padding: 8px; margin-bottom: 8px">Expansion from tx.fhir.org based on SNOMED CT 731000124108 edition 01-Sep 2024</p>
            <p>This value set contains 6 concepts</p>
            <table class="codes">
              <tr>
                <td style="white-space:nowrap">
                  <b>Code</b>
                </td>
                <td>
                  <b>System</b>
                </td>
                <td>
                  <b>Display</b>
                </td>
              </tr>
              <tr>
                <td style="white-space:nowrap">
                  <a name="x-http://snomed.info/sct-422979000"> </a>  
                  <a href="http://snomed.info/id/422979000">422979000</a>
                </td>
                <td>http://snomed.info/sct</td>
                <td>Medication regimen behavior finding (finding)</td>
              </tr>
              <tr>
                <td style="white-space:nowrap">
                  <a name="x-http://snomed.info/sct-256235009"> </a>  
                  <a href="http://snomed.info/id/256235009">256235009</a>
                </td>
                <td>http://snomed.info/sct</td>
                <td>Exercise</td>
              </tr>
              <tr>
                <td style="white-space:nowrap">
                  <a name="x-http://snomed.info/sct-449360002"> </a>  
                  <a href="http://snomed.info/id/449360002">449360002</a>
                </td>
                <td>http://snomed.info/sct</td>
                <td>On special diet (finding)</td>
              </tr>
              <tr>
                <td style="white-space:nowrap">
                  <a name="x-http://snomed.info/sct-387713003"> </a>  
                  <a href="http://snomed.info/id/387713003">387713003</a>
                </td>
                <td>http://snomed.info/sct</td>
                <td>Surgical procedure (procedure)</td>
              </tr>
              <tr>
                <td style="white-space:nowrap">
                  <a name="x-http://snomed.info/sct-52052004"> </a>  
                  <a href="http://snomed.info/id/52052004">52052004</a>
                </td>
                <td>http://snomed.info/sct</td>
                <td>Rehabilitation therapy</td>
              </tr>
              <tr>
                <td style="white-space:nowrap">
                  <a name="x-http://snomed.info/sct-105389006"> </a>  
                  <a href="http://snomed.info/id/105389006">105389006</a>
                </td>
                <td>http://snomed.info/sct</td>
                <td>Personal care assistance at home</td>
              </tr>
            </table>
          </div>
        </text>
        <url value="http://hl7.org/fhir/us/pco/ValueSet/pco-care-tradeoff-types-example-vs"/>
        <version value="0.2.0"/>
        <name value="CareTradeOffTypesExample"/>
        <title value="Care Trade-off Types Example"/>
        <status value="draft"/>
        <experimental value="false"/>
        <date value="2025-01-19T16:32:23+00:00"/>
        <jurisdiction>
          <coding>
            <system value="urn:iso:std:iso:3166"/>
            <code value="US"/>
          </coding>
        </jurisdiction>
        <expansion>
          <identifier value="urn:uuid:4cad5023-588d-4f6a-9e57-20772cf26e4c"/>
          <timestamp value="2025-01-19T16:33:48+00:00"/>
          <total value="6"/>
          <offset value="0"/>
          <parameter>
            <name value="count"/>
            <valueInteger value="1000"/>
          </parameter>
          <parameter>
            <name value="offset"/>
            <valueInteger value="0"/>
          </parameter>
          <parameter>
            <name value="excludeNested"/>
            <valueBoolean value="false"/>
          </parameter>
          <parameter>
            <name value="used-valueset"/>
            <valueUri value="null"/>
          </parameter>
          <parameter>
            <name value="used-codesystem"/>
            <valueUri value="http://snomed.info/sct|http://snomed.info/sct/731000124108/version/20240901"/>
          </parameter>
          <parameter>
            <name value="version"/>
            <valueUri value="http://snomed.info/sct|http://snomed.info/sct/731000124108/version/20240901"/>
          </parameter>
          <contains>
            <system value="http://snomed.info/sct"/>
            <code value="422979000"/>
            <display value="Medication regimen behavior finding (finding)"/>
          </contains>
          <contains>
            <system value="http://snomed.info/sct"/>
            <code value="256235009"/>
            <display value="Exercise"/>
          </contains>
          <contains>
            <system value="http://snomed.info/sct"/>
            <code value="449360002"/>
            <display value="On special diet (finding)"/>
          </contains>
          <contains>
            <system value="http://snomed.info/sct"/>
            <code value="387713003"/>
            <display value="Surgical procedure (procedure)"/>
          </contains>
          <contains>
            <system value="http://snomed.info/sct"/>
            <code value="52052004"/>
            <display value="Rehabilitation therapy"/>
          </contains>
          <contains>
            <system value="http://snomed.info/sct"/>
            <code value="105389006"/>
            <display value="Personal care assistance at home"/>
          </contains>
        </expansion>
      </ValueSet>
    </resource>
  </entry>
  <entry>
    <fullUrl value="http://hl7.org/fhir/us/pco/ValueSet/pco-goal-barrier-types-example-vs"/>
    <resource>
      <ValueSet>
        <text>
          <status value="generated"/>
          <div xmlns="http://www.w3.org/1999/xhtml">
            <p class="res-header-id">
              <b>Generated Narrative: ValueSet </b>
            </p>
            <p style="border: black 1px dotted; background-color: #EEEEEE; padding: 8px; margin-bottom: 8px">Expansion from tx.fhir.org based on SNOMED CT 731000124108 edition 01-Sep 2024</p>
            <p>This value set contains 5 concepts</p>
            <table class="codes">
              <tr>
                <td style="white-space:nowrap">
                  <b>Code</b>
                </td>
                <td>
                  <b>System</b>
                </td>
                <td>
                  <b>Display</b>
                </td>
              </tr>
              <tr>
                <td style="white-space:nowrap">
                  <a name="x-http://snomed.info/sct-22253000"> </a>  
                  <a href="http://snomed.info/id/22253000">22253000</a>
                </td>
                <td>http://snomed.info/sct</td>
                <td>Pain</td>
              </tr>
              <tr>
                <td style="white-space:nowrap">
                  <a name="x-http://snomed.info/sct-48694002"> </a>  
                  <a href="http://snomed.info/id/48694002">48694002</a>
                </td>
                <td>http://snomed.info/sct</td>
                <td>Anxiety</td>
              </tr>
              <tr>
                <td style="white-space:nowrap">
                  <a name="x-http://snomed.info/sct-224960004"> </a>  
                  <a href="http://snomed.info/id/224960004">224960004</a>
                </td>
                <td>http://snomed.info/sct</td>
                <td>Tired</td>
              </tr>
              <tr>
                <td style="white-space:nowrap">
                  <a name="x-http://snomed.info/sct-15188001"> </a>  
                  <a href="http://snomed.info/id/15188001">15188001</a>
                </td>
                <td>http://snomed.info/sct</td>
                <td>Difficulty hearing</td>
              </tr>
              <tr>
                <td style="white-space:nowrap">
                  <a name="x-http://snomed.info/sct-165232002"> </a>  
                  <a href="http://snomed.info/id/165232002">165232002</a>
                </td>
                <td>http://snomed.info/sct</td>
                <td>Bladder: incontinent</td>
              </tr>
            </table>
          </div>
        </text>
        <url value="http://hl7.org/fhir/us/pco/ValueSet/pco-goal-barrier-types-example-vs"/>
        <version value="0.2.0"/>
        <name value="GoalBarrierTypesExample"/>
        <title value="Goal Barrier Types Example"/>
        <status value="draft"/>
        <experimental value="false"/>
        <date value="2025-01-19T16:32:23+00:00"/>
        <jurisdiction>
          <coding>
            <system value="urn:iso:std:iso:3166"/>
            <code value="US"/>
          </coding>
        </jurisdiction>
        <expansion>
          <identifier value="urn:uuid:0c059114-b32a-467b-aaa2-b1146b3b9efa"/>
          <timestamp value="2025-01-19T16:33:48+00:00"/>
          <total value="5"/>
          <offset value="0"/>
          <parameter>
            <name value="count"/>
            <valueInteger value="1000"/>
          </parameter>
          <parameter>
            <name value="offset"/>
            <valueInteger value="0"/>
          </parameter>
          <parameter>
            <name value="excludeNested"/>
            <valueBoolean value="false"/>
          </parameter>
          <parameter>
            <name value="used-valueset"/>
            <valueUri value="null"/>
          </parameter>
          <parameter>
            <name value="used-codesystem"/>
            <valueUri value="http://snomed.info/sct|http://snomed.info/sct/731000124108/version/20240901"/>
          </parameter>
          <parameter>
            <name value="version"/>
            <valueUri value="http://snomed.info/sct|http://snomed.info/sct/731000124108/version/20240901"/>
          </parameter>
          <contains>
            <system value="http://snomed.info/sct"/>
            <code value="22253000"/>
            <display value="Pain"/>
          </contains>
          <contains>
            <system value="http://snomed.info/sct"/>
            <code value="48694002"/>
            <display value="Anxiety"/>
          </contains>
          <contains>
            <system value="http://snomed.info/sct"/>
            <code value="224960004"/>
            <display value="Tired"/>
          </contains>
          <contains>
            <system value="http://snomed.info/sct"/>
            <code value="15188001"/>
            <display value="Difficulty hearing"/>
          </contains>
          <contains>
            <system value="http://snomed.info/sct"/>
            <code value="165232002"/>
            <display value="Bladder: incontinent"/>
          </contains>
        </expansion>
      </ValueSet>
    </resource>
  </entry>
  <entry>
    <fullUrl value="http://hl7.org/fhir/us/pco/ValueSet/pco-goal-domains-example-vs"/>
    <resource>
      <ValueSet>
        <text>
          <status value="generated"/>
          <div xmlns="http://www.w3.org/1999/xhtml">
            <p class="res-header-id">
              <b>Generated Narrative: ValueSet </b>
            </p>
            <p style="border: black 1px dotted; background-color: #EEEEEE; padding: 8px; margin-bottom: 8px">Expansion done internally based on 
              <a href="CodeSystem-pco-goal-domains.html">codesystem PCO Goal Domains v0.2.0 (CodeSystem)</a>
            </p>
            <p>This value set contains 12 concepts</p>
            <table class="codes">
              <tr>
                <td style="white-space:nowrap">
                  <b>Code</b>
                </td>
                <td>
                  <b>System</b>
                </td>
                <td>
                  <b>Display</b>
                </td>
                <td>
                  <b>Definition</b>
                </td>
              </tr>
              <tr>
                <td style="white-space:nowrap">
                  <a name="x-http://hl7.org/fhir/us/pco/CodeSystem/pco-goal-domains-housing"> </a>  
                  <a href="CodeSystem-pco-goal-domains.html#pco-goal-domains-housing">housing</a>
                </td>
                <td>http://hl7.org/fhir/us/pco/CodeSystem/pco-goal-domains</td>
                <td>Housing</td>
                <td>
                  <div>
                    <p>Having acceptable housing that is appropriate for a person's needs.</p>

                  </div>
                </td>
              </tr>
              <tr>
                <td style="white-space:nowrap">
                  <a name="x-http://hl7.org/fhir/us/pco/CodeSystem/pco-goal-domains-access-to-services"> </a>  
                  <a href="CodeSystem-pco-goal-domains.html#pco-goal-domains-access-to-services">access-to-services</a>
                </td>
                <td>http://hl7.org/fhir/us/pco/CodeSystem/pco-goal-domains</td>
                <td>Access To Services</td>
                <td>
                  <div>
                    <p>Ability to access, afford, and utilize appropriate health and community resources. Includes access to transportation, stable food resources, and assistance with financial concerns.</p>

                  </div>
                </td>
              </tr>
              <tr>
                <td style="white-space:nowrap">
                  <a name="x-http://hl7.org/fhir/us/pco/CodeSystem/pco-goal-domains-caregiver-needs"> </a>  
                  <a href="CodeSystem-pco-goal-domains.html#pco-goal-domains-caregiver-needs">caregiver-needs</a>
                </td>
                <td>http://hl7.org/fhir/us/pco/CodeSystem/pco-goal-domains</td>
                <td>Caregiver Needs</td>
                <td>
                  <div/>
                </td>
              </tr>
              <tr>
                <td style="white-space:nowrap">
                  <a name="x-http://hl7.org/fhir/us/pco/CodeSystem/pco-goal-domains-end-of-life"> </a>  
                  <a href="CodeSystem-pco-goal-domains.html#pco-goal-domains-end-of-life">end-of-life</a>
                </td>
                <td>http://hl7.org/fhir/us/pco/CodeSystem/pco-goal-domains</td>
                <td>End Of Life</td>
                <td>
                  <div>
                    <p>Planning for end-of-life care and desires to reduce burden on family or others.</p>

                  </div>
                </td>
              </tr>
              <tr>
                <td style="white-space:nowrap">
                  <a name="x-http://hl7.org/fhir/us/pco/CodeSystem/pco-goal-domains-independence"> </a>  
                  <a href="CodeSystem-pco-goal-domains.html#pco-goal-domains-independence">independence</a>
                </td>
                <td>http://hl7.org/fhir/us/pco/CodeSystem/pco-goal-domains</td>
                <td>Independence</td>
                <td>
                  <div>
                    <p>Ability to live independently without help or assistance from others.</p>

                  </div>
                </td>
              </tr>
              <tr>
                <td style="white-space:nowrap">
                  <a name="x-http://hl7.org/fhir/us/pco/CodeSystem/pco-goal-domains-legal"> </a>  
                  <a href="CodeSystem-pco-goal-domains.html#pco-goal-domains-legal">legal</a>
                </td>
                <td>http://hl7.org/fhir/us/pco/CodeSystem/pco-goal-domains</td>
                <td>Legal</td>
                <td>
                  <div>
                    <p>Having adequate support for legal issues such as child custody, medical power of attorney, etc.</p>

                  </div>
                </td>
              </tr>
              <tr>
                <td style="white-space:nowrap">
                  <a name="x-http://hl7.org/fhir/us/pco/CodeSystem/pco-goal-domains-managing-conditions"> </a>  
                  <a href="CodeSystem-pco-goal-domains.html#pco-goal-domains-managing-conditions">managing-conditions</a>
                </td>
                <td>http://hl7.org/fhir/us/pco/CodeSystem/pco-goal-domains</td>
                <td>Managing Conditions</td>
                <td>
                  <div>
                    <p>Satisfaction with health care received or desired, and experiences with providers and the health care system.</p>

                  </div>
                </td>
              </tr>
              <tr>
                <td style="white-space:nowrap">
                  <a name="x-http://hl7.org/fhir/us/pco/CodeSystem/pco-goal-domains-medication-management"> </a>  
                  <a href="CodeSystem-pco-goal-domains.html#pco-goal-domains-medication-management">medication-management</a>
                </td>
                <td>http://hl7.org/fhir/us/pco/CodeSystem/pco-goal-domains</td>
                <td>Medication Management</td>
                <td>
                  <div>
                    <p>Satisfaction with ability to manage medications.</p>

                  </div>
                </td>
              </tr>
              <tr>
                <td style="white-space:nowrap">
                  <a name="x-http://hl7.org/fhir/us/pco/CodeSystem/pco-goal-domains-improving-health-and-wellness"> </a>  
                  <a href="CodeSystem-pco-goal-domains.html#pco-goal-domains-improving-health-and-wellness">improving-health-and-wellness</a>
                </td>
                <td>http://hl7.org/fhir/us/pco/CodeSystem/pco-goal-domains</td>
                <td>Improving Health And Wellness</td>
                <td>
                  <div>
                    <p>Ability to develop, improve and maintain positive health and wellness habits.</p>

                  </div>
                </td>
              </tr>
              <tr>
                <td style="white-space:nowrap">
                  <a name="x-http://hl7.org/fhir/us/pco/CodeSystem/pco-goal-domains-physical-function"> </a>  
                  <a href="CodeSystem-pco-goal-domains.html#pco-goal-domains-physical-function">physical-function</a>
                </td>
                <td>http://hl7.org/fhir/us/pco/CodeSystem/pco-goal-domains</td>
                <td>Physical Function</td>
                <td>
                  <div>
                    <p>Ability to manage physical functioning, physical symptoms or conditions, and improve or maintain ability to participate in physical activities.</p>

                  </div>
                </td>
              </tr>
              <tr>
                <td style="white-space:nowrap">
                  <a name="x-http://hl7.org/fhir/us/pco/CodeSystem/pco-goal-domains-social-functioning"> </a>  
                  <a href="CodeSystem-pco-goal-domains.html#pco-goal-domains-social-functioning">social-functioning</a>
                </td>
                <td>http://hl7.org/fhir/us/pco/CodeSystem/pco-goal-domains</td>
                <td>Social Functioning</td>
                <td>
                  <div/>
                </td>
              </tr>
              <tr>
                <td style="white-space:nowrap">
                  <a name="x-http://hl7.org/fhir/us/pco/CodeSystem/pco-goal-domains-emotional-and-mental-health"> </a>  
                  <a href="CodeSystem-pco-goal-domains.html#pco-goal-domains-emotional-and-mental-health">emotional-and-mental-health</a>
                </td>
                <td>http://hl7.org/fhir/us/pco/CodeSystem/pco-goal-domains</td>
                <td>Emotional And Mental Health</td>
                <td>
                  <div/>
                </td>
              </tr>
            </table>
          </div>
        </text>
        <url value="http://hl7.org/fhir/us/pco/ValueSet/pco-goal-domains-example-vs"/>
        <version value="0.2.0"/>
        <name value="PCOGoalDomainsExample"/>
        <title value="PCO Goal Domain Categories Example"/>
        <status value="draft"/>
        <experimental value="false"/>
        <date value="2025-01-19T16:32:23+00:00"/>
        <jurisdiction>
          <coding>
            <system value="urn:iso:std:iso:3166"/>
            <code value="US"/>
          </coding>
        </jurisdiction>
        <expansion>
          <identifier value="urn:uuid:d69af59e-20e1-43ed-95f5-034da75dac0d"/>
          <timestamp value="2025-01-19T16:33:49+00:00"/>
          <total value="12"/>
          <offset value="0"/>
          <parameter>
            <name value="count"/>
            <valueInteger value="1000"/>
          </parameter>
          <parameter>
            <name value="offset"/>
            <valueInteger value="0"/>
          </parameter>
          <parameter>
            <name value="excludeNested"/>
            <valueBoolean value="false"/>
          </parameter>
          <parameter>
            <name value="used-codesystem"/>
            <valueUri value="http://hl7.org/fhir/us/pco/CodeSystem/pco-goal-domains|0.2.0"/>
          </parameter>
          <contains>
            <system value="http://hl7.org/fhir/us/pco/CodeSystem/pco-goal-domains"/>
            <code value="housing"/>
            <display value="Housing"/>
          </contains>
          <contains>
            <system value="http://hl7.org/fhir/us/pco/CodeSystem/pco-goal-domains"/>
            <code value="access-to-services"/>
            <display value="Access To Services"/>
          </contains>
          <contains>
            <system value="http://hl7.org/fhir/us/pco/CodeSystem/pco-goal-domains"/>
            <code value="caregiver-needs"/>
            <display value="Caregiver Needs"/>
          </contains>
          <contains>
            <system value="http://hl7.org/fhir/us/pco/CodeSystem/pco-goal-domains"/>
            <code value="end-of-life"/>
            <display value="End Of Life"/>
          </contains>
          <contains>
            <system value="http://hl7.org/fhir/us/pco/CodeSystem/pco-goal-domains"/>
            <code value="independence"/>
            <display value="Independence"/>
          </contains>
          <contains>
            <system value="http://hl7.org/fhir/us/pco/CodeSystem/pco-goal-domains"/>
            <code value="legal"/>
            <display value="Legal"/>
          </contains>
          <contains>
            <system value="http://hl7.org/fhir/us/pco/CodeSystem/pco-goal-domains"/>
            <code value="managing-conditions"/>
            <display value="Managing Conditions"/>
          </contains>
          <contains>
            <system value="http://hl7.org/fhir/us/pco/CodeSystem/pco-goal-domains"/>
            <code value="medication-management"/>
            <display value="Medication Management"/>
          </contains>
          <contains>
            <system value="http://hl7.org/fhir/us/pco/CodeSystem/pco-goal-domains"/>
            <code value="improving-health-and-wellness"/>
            <display value="Improving Health And Wellness"/>
          </contains>
          <contains>
            <system value="http://hl7.org/fhir/us/pco/CodeSystem/pco-goal-domains"/>
            <code value="physical-function"/>
            <display value="Physical Function"/>
          </contains>
          <contains>
            <system value="http://hl7.org/fhir/us/pco/CodeSystem/pco-goal-domains"/>
            <code value="social-functioning"/>
            <display value="Social Functioning"/>
          </contains>
          <contains>
            <system value="http://hl7.org/fhir/us/pco/CodeSystem/pco-goal-domains"/>
            <code value="emotional-and-mental-health"/>
            <display value="Emotional And Mental Health"/>
          </contains>
        </expansion>
      </ValueSet>
    </resource>
  </entry>
  <entry>
    <fullUrl value="http://hl7.org/fhir/us/pco/ValueSet/prom-target-measures"/>
    <resource>
      <ValueSet>
        <text>
          <status value="generated"/>
          <div xmlns="http://www.w3.org/1999/xhtml">
            <p class="res-header-id">
              <b>Generated Narrative: ValueSet </b>
            </p>
            <p style="border: black 1px dotted; background-color: #EEEEEE; padding: 8px; margin-bottom: 8px">Expansion from tx.fhir.org based on Loinc v2.78</p>
            <p>This value set contains 34 concepts</p>
            <table class="codes">
              <tr>
                <td style="white-space:nowrap">
                  <b>Code</b>
                </td>
                <td>
                  <b>System</b>
                </td>
                <td>
                  <b>Display</b>
                </td>
              </tr>
              <tr>
                <td style="white-space:nowrap">
                  <a name="x-http://loinc.org-70274-6"> </a>  
                  <a href="https://loinc.org/70274-6/">70274-6</a>
                </td>
                <td>http://loinc.org</td>
                <td>Generalized anxiety disorder 7 item (GAD-7) total score [Reported.PHQ]</td>
              </tr>
              <tr>
                <td style="white-space:nowrap">
                  <a name="x-http://loinc.org-44261-6"> </a>  
                  <a href="https://loinc.org/44261-6/">44261-6</a>
                </td>
                <td>http://loinc.org</td>
                <td>Patient Health Questionnaire 9 item (PHQ-9) total score [Reported]</td>
              </tr>
              <tr>
                <td style="white-space:nowrap">
                  <a name="x-http://loinc.org-77854-8"> </a>  
                  <a href="https://loinc.org/77854-8/">77854-8</a>
                </td>
                <td>http://loinc.org</td>
                <td>PROMIS ability to participate in social roles and activities - version 2.0 Tscore</td>
              </tr>
              <tr>
                <td style="white-space:nowrap">
                  <a name="x-http://loinc.org-77848-0"> </a>  
                  <a href="https://loinc.org/77848-0/">77848-0</a>
                </td>
                <td>http://loinc.org</td>
                <td>PROMIS alcohol - alcohol use - version 1.0 Tscore</td>
              </tr>
              <tr>
                <td style="white-space:nowrap">
                  <a name="x-http://loinc.org-89921-1"> </a>  
                  <a href="https://loinc.org/89921-1/">89921-1</a>
                </td>
                <td>http://loinc.org</td>
                <td>PROMIS anger - version 1.1 T-score</td>
              </tr>
              <tr>
                <td style="white-space:nowrap">
                  <a name="x-http://loinc.org-77862-1"> </a>  
                  <a href="https://loinc.org/77862-1/">77862-1</a>
                </td>
                <td>http://loinc.org</td>
                <td>PROMIS emotional distress - anxiety - version 1.0 Tscore</td>
              </tr>
              <tr>
                <td style="white-space:nowrap">
                  <a name="x-http://loinc.org-81531-6"> </a>  
                  <a href="https://loinc.org/81531-6/">81531-6</a>
                </td>
                <td>http://loinc.org</td>
                <td>PROMIS short form - cognitive function 8a - version 2.0 raw score</td>
              </tr>
              <tr>
                <td style="white-space:nowrap">
                  <a name="x-http://loinc.org-71965-8"> </a>  
                  <a href="https://loinc.org/71965-8/">71965-8</a>
                </td>
                <td>http://loinc.org</td>
                <td>PROMIS-29 Depression score T-score</td>
              </tr>
              <tr>
                <td style="white-space:nowrap">
                  <a name="x-http://loinc.org-92149-4"> </a>  
                  <a href="https://loinc.org/92149-4/">92149-4</a>
                </td>
                <td>http://loinc.org</td>
                <td>PROMIS dyspnea severity - version 1.0 T-score</td>
              </tr>
              <tr>
                <td style="white-space:nowrap">
                  <a name="x-http://loinc.org-77864-7"> </a>  
                  <a href="https://loinc.org/77864-7/">77864-7</a>
                </td>
                <td>http://loinc.org</td>
                <td>PROMIS fatigue - version 1.0 Tscore</td>
              </tr>
              <tr>
                <td style="white-space:nowrap">
                  <a name="x-http://loinc.org-77851-4"> </a>  
                  <a href="https://loinc.org/77851-4/">77851-4</a>
                </td>
                <td>http://loinc.org</td>
                <td>PROMIS informational support - version 2.0 Tscore</td>
              </tr>
              <tr>
                <td style="white-space:nowrap">
                  <a name="x-http://loinc.org-77850-6"> </a>  
                  <a href="https://loinc.org/77850-6/">77850-6</a>
                </td>
                <td>http://loinc.org</td>
                <td>PROMIS instrumental support - version 2.0 Tscore</td>
              </tr>
              <tr>
                <td style="white-space:nowrap">
                  <a name="x-http://loinc.org-91614-8"> </a>  
                  <a href="https://loinc.org/91614-8/">91614-8</a>
                </td>
                <td>http://loinc.org</td>
                <td>PROMIS mobility - version 2.0 T-score</td>
              </tr>
              <tr>
                <td style="white-space:nowrap">
                  <a name="x-http://loinc.org-77856-3"> </a>  
                  <a href="https://loinc.org/77856-3/">77856-3</a>
                </td>
                <td>http://loinc.org</td>
                <td>PROMIS pain behavior - version 1.0 Tscore</td>
              </tr>
              <tr>
                <td style="white-space:nowrap">
                  <a name="x-http://loinc.org-77865-4"> </a>  
                  <a href="https://loinc.org/77865-4/">77865-4</a>
                </td>
                <td>http://loinc.org</td>
                <td>PROMIS pain interference - version 1.0 Tscore</td>
              </tr>
              <tr>
                <td style="white-space:nowrap">
                  <a name="x-http://loinc.org-91721-1"> </a>  
                  <a href="https://loinc.org/91721-1/">91721-1</a>
                </td>
                <td>http://loinc.org</td>
                <td>PROMIS physical function - version 2.0 T-score</td>
              </tr>
              <tr>
                <td style="white-space:nowrap">
                  <a name="x-http://loinc.org-77855-5"> </a>  
                  <a href="https://loinc.org/77855-5/">77855-5</a>
                </td>
                <td>http://loinc.org</td>
                <td>PROMIS satisfaction with social roles and activities - version 2.0 Tscore</td>
              </tr>
              <tr>
                <td style="white-space:nowrap">
                  <a name="x-http://loinc.org-92391-2"> </a>  
                  <a href="https://loinc.org/92391-2/">92391-2</a>
                </td>
                <td>http://loinc.org</td>
                <td>PROMIS self-efficacy for managing daliy activities - version 1.0 T-score</td>
              </tr>
              <tr>
                <td style="white-space:nowrap">
                  <a name="x-http://loinc.org-92329-2"> </a>  
                  <a href="https://loinc.org/92329-2/">92329-2</a>
                </td>
                <td>http://loinc.org</td>
                <td>PROMIS self-efficacy for managing emotions - version 1.0 T-score</td>
              </tr>
              <tr>
                <td style="white-space:nowrap">
                  <a name="x-http://loinc.org-92418-3"> </a>  
                  <a href="https://loinc.org/92418-3/">92418-3</a>
                </td>
                <td>http://loinc.org</td>
                <td>PROMIS self-efficacy for managing medications and treatments - version 1.0 T-score</td>
              </tr>
              <tr>
                <td style="white-space:nowrap">
                  <a name="x-http://loinc.org-92448-0"> </a>  
                  <a href="https://loinc.org/92448-0/">92448-0</a>
                </td>
                <td>http://loinc.org</td>
                <td>PROMIS self-efficacy for managing symptoms - version 1.0 T-score</td>
              </tr>
              <tr>
                <td style="white-space:nowrap">
                  <a name="x-http://loinc.org-77859-7"> </a>  
                  <a href="https://loinc.org/77859-7/">77859-7</a>
                </td>
                <td>http://loinc.org</td>
                <td>PROMIS sleep related impairment - version 1.0 Tscore</td>
              </tr>
              <tr>
                <td style="white-space:nowrap">
                  <a name="x-http://loinc.org-92266-6"> </a>  
                  <a href="https://loinc.org/92266-6/">92266-6</a>
                </td>
                <td>http://loinc.org</td>
                <td>PROMIS smoking - negative health expectancies for all smokers - version 1.0 T-score</td>
              </tr>
              <tr>
                <td style="white-space:nowrap">
                  <a name="x-http://loinc.org-92305-2"> </a>  
                  <a href="https://loinc.org/92305-2/">92305-2</a>
                </td>
                <td>http://loinc.org</td>
                <td>PROMIS smoking - nicotine dependence for all smokers - version 1.0 T-score</td>
              </tr>
              <tr>
                <td style="white-space:nowrap">
                  <a name="x-http://loinc.org-77849-8"> </a>  
                  <a href="https://loinc.org/77849-8/">77849-8</a>
                </td>
                <td>http://loinc.org</td>
                <td>PROMIS social isolation - version 2.0 Tscore</td>
              </tr>
              <tr>
                <td style="white-space:nowrap">
                  <a name="x-http://loinc.org-92213-8"> </a>  
                  <a href="https://loinc.org/92213-8/">92213-8</a>
                </td>
                <td>http://loinc.org</td>
                <td>PROMIS smoking - coping expectancies for all smokers - version 1.0 T-score</td>
              </tr>
              <tr>
                <td style="white-space:nowrap">
                  <a name="x-http://loinc.org-89676-1"> </a>  
                  <a href="https://loinc.org/89676-1/">89676-1</a>
                </td>
                <td>http://loinc.org</td>
                <td>PROMIS cancer fatigue - version 1.0 T-score</td>
              </tr>
              <tr>
                <td style="white-space:nowrap">
                  <a name="x-http://loinc.org-71969-0"> </a>  
                  <a href="https://loinc.org/71969-0/">71969-0</a>
                </td>
                <td>http://loinc.org</td>
                <td>PROMIS-10 Global Mental Health (GMH) score T-score</td>
              </tr>
              <tr>
                <td style="white-space:nowrap">
                  <a name="x-http://loinc.org-71971-6"> </a>  
                  <a href="https://loinc.org/71971-6/">71971-6</a>
                </td>
                <td>http://loinc.org</td>
                <td>PROMIS-10 Global Physical Health (GPH) score T-score</td>
              </tr>
              <tr>
                <td style="white-space:nowrap">
                  <a name="x-http://loinc.org-71955-9"> </a>  
                  <a href="https://loinc.org/71955-9/">71955-9</a>
                </td>
                <td>http://loinc.org</td>
                <td>PROMIS-29 Sleep disturbance score T-score</td>
              </tr>
              <tr>
                <td style="white-space:nowrap">
                  <a name="x-http://loinc.org-71957-5"> </a>  
                  <a href="https://loinc.org/71957-5/">71957-5</a>
                </td>
                <td>http://loinc.org</td>
                <td>PROMIS-29 Satisfaction with participation in social roles score T-score</td>
              </tr>
              <tr>
                <td style="white-space:nowrap">
                  <a name="x-http://loinc.org-71959-1"> </a>  
                  <a href="https://loinc.org/71959-1/">71959-1</a>
                </td>
                <td>http://loinc.org</td>
                <td>PROMIS-29 Physical function score T-score</td>
              </tr>
              <tr>
                <td style="white-space:nowrap">
                  <a name="x-http://loinc.org-71961-7"> </a>  
                  <a href="https://loinc.org/71961-7/">71961-7</a>
                </td>
                <td>http://loinc.org</td>
                <td>PROMIS-29 Pain interference score T-score</td>
              </tr>
              <tr>
                <td style="white-space:nowrap">
                  <a name="x-http://loinc.org-71963-3"> </a>  
                  <a href="https://loinc.org/71963-3/">71963-3</a>
                </td>
                <td>http://loinc.org</td>
                <td>PROMIS-29 Fatigue score T-score</td>
              </tr>
            </table>
          </div>
        </text>
        <url value="http://hl7.org/fhir/us/pco/ValueSet/prom-target-measures"/>
        <version value="0.2.0"/>
        <name value="PROMTargetMeasures"/>
        <title value="PROM Target Measure Scores"/>
        <status value="draft"/>
        <experimental value="false"/>
        <date value="2025-01-19T16:32:23+00:00"/>
        <jurisdiction>
          <coding>
            <system value="urn:iso:std:iso:3166"/>
            <code value="US"/>
          </coding>
        </jurisdiction>
        <expansion>
          <identifier value="urn:uuid:362fc206-69f7-4aee-8181-2b95aa9435e7"/>
          <timestamp value="2025-01-19T16:33:49+00:00"/>
          <total value="34"/>
          <offset value="0"/>
          <parameter>
            <name value="count"/>
            <valueInteger value="1000"/>
          </parameter>
          <parameter>
            <name value="offset"/>
            <valueInteger value="0"/>
          </parameter>
          <parameter>
            <name value="excludeNested"/>
            <valueBoolean value="false"/>
          </parameter>
          <parameter>
            <name value="used-valueset"/>
            <valueUri value="null"/>
          </parameter>
          <parameter>
            <name value="used-codesystem"/>
            <valueUri value="http://loinc.org|2.78"/>
          </parameter>
          <parameter>
            <name value="version"/>
            <valueUri value="http://loinc.org|2.78"/>
          </parameter>
          <contains>
            <system value="http://loinc.org"/>
            <code value="70274-6"/>
            <display value="Generalized anxiety disorder 7 item (GAD-7) total score [Reported.PHQ]"/>
          </contains>
          <contains>
            <system value="http://loinc.org"/>
            <code value="44261-6"/>
            <display value="Patient Health Questionnaire 9 item (PHQ-9) total score [Reported]"/>
          </contains>
          <contains>
            <system value="http://loinc.org"/>
            <code value="77854-8"/>
            <display value="PROMIS ability to participate in social roles and activities - version 2.0 Tscore"/>
          </contains>
          <contains>
            <system value="http://loinc.org"/>
            <code value="77848-0"/>
            <display value="PROMIS alcohol - alcohol use - version 1.0 Tscore"/>
          </contains>
          <contains>
            <system value="http://loinc.org"/>
            <code value="89921-1"/>
            <display value="PROMIS anger - version 1.1 T-score"/>
          </contains>
          <contains>
            <system value="http://loinc.org"/>
            <code value="77862-1"/>
            <display value="PROMIS emotional distress - anxiety - version 1.0 Tscore"/>
          </contains>
          <contains>
            <system value="http://loinc.org"/>
            <code value="81531-6"/>
            <display value="PROMIS short form - cognitive function 8a - version 2.0 raw score"/>
          </contains>
          <contains>
            <system value="http://loinc.org"/>
            <code value="71965-8"/>
            <display value="PROMIS-29 Depression score T-score"/>
          </contains>
          <contains>
            <system value="http://loinc.org"/>
            <code value="92149-4"/>
            <display value="PROMIS dyspnea severity - version 1.0 T-score"/>
          </contains>
          <contains>
            <system value="http://loinc.org"/>
            <code value="77864-7"/>
            <display value="PROMIS fatigue - version 1.0 Tscore"/>
          </contains>
          <contains>
            <system value="http://loinc.org"/>
            <code value="77851-4"/>
            <display value="PROMIS informational support - version 2.0 Tscore"/>
          </contains>
          <contains>
            <system value="http://loinc.org"/>
            <code value="77850-6"/>
            <display value="PROMIS instrumental support - version 2.0 Tscore"/>
          </contains>
          <contains>
            <system value="http://loinc.org"/>
            <code value="91614-8"/>
            <display value="PROMIS mobility - version 2.0 T-score"/>
          </contains>
          <contains>
            <system value="http://loinc.org"/>
            <code value="77856-3"/>
            <display value="PROMIS pain behavior - version 1.0 Tscore"/>
          </contains>
          <contains>
            <system value="http://loinc.org"/>
            <code value="77865-4"/>
            <display value="PROMIS pain interference - version 1.0 Tscore"/>
          </contains>
          <contains>
            <system value="http://loinc.org"/>
            <code value="91721-1"/>
            <display value="PROMIS physical function - version 2.0 T-score"/>
          </contains>
          <contains>
            <system value="http://loinc.org"/>
            <code value="77855-5"/>
            <display value="PROMIS satisfaction with social roles and activities - version 2.0 Tscore"/>
          </contains>
          <contains>
            <system value="http://loinc.org"/>
            <code value="92391-2"/>
            <display value="PROMIS self-efficacy for managing daliy activities - version 1.0 T-score"/>
          </contains>
          <contains>
            <system value="http://loinc.org"/>
            <code value="92329-2"/>
            <display value="PROMIS self-efficacy for managing emotions - version 1.0 T-score"/>
          </contains>
          <contains>
            <system value="http://loinc.org"/>
            <code value="92418-3"/>
            <display value="PROMIS self-efficacy for managing medications and treatments - version 1.0 T-score"/>
          </contains>
          <contains>
            <system value="http://loinc.org"/>
            <code value="92448-0"/>
            <display value="PROMIS self-efficacy for managing symptoms - version 1.0 T-score"/>
          </contains>
          <contains>
            <system value="http://loinc.org"/>
            <code value="77859-7"/>
            <display value="PROMIS sleep related impairment - version 1.0 Tscore"/>
          </contains>
          <contains>
            <system value="http://loinc.org"/>
            <code value="92266-6"/>
            <display value="PROMIS smoking - negative health expectancies for all smokers - version 1.0 T-score"/>
          </contains>
          <contains>
            <system value="http://loinc.org"/>
            <code value="92305-2"/>
            <display value="PROMIS smoking - nicotine dependence for all smokers - version 1.0 T-score"/>
          </contains>
          <contains>
            <system value="http://loinc.org"/>
            <code value="77849-8"/>
            <display value="PROMIS social isolation - version 2.0 Tscore"/>
          </contains>
          <contains>
            <system value="http://loinc.org"/>
            <code value="92213-8"/>
            <display value="PROMIS smoking - coping expectancies for all smokers - version 1.0 T-score"/>
          </contains>
          <contains>
            <system value="http://loinc.org"/>
            <code value="89676-1"/>
            <display value="PROMIS cancer fatigue - version 1.0 T-score"/>
          </contains>
          <contains>
            <system value="http://loinc.org"/>
            <code value="71969-0"/>
            <display value="PROMIS-10 Global Mental Health (GMH) score T-score"/>
          </contains>
          <contains>
            <system value="http://loinc.org"/>
            <code value="71971-6"/>
            <display value="PROMIS-10 Global Physical Health (GPH) score T-score"/>
          </contains>
          <contains>
            <system value="http://loinc.org"/>
            <code value="71955-9"/>
            <display value="PROMIS-29 Sleep disturbance score T-score"/>
          </contains>
          <contains>
            <system value="http://loinc.org"/>
            <code value="71957-5"/>
            <display value="PROMIS-29 Satisfaction with participation in social roles score T-score"/>
          </contains>
          <contains>
            <system value="http://loinc.org"/>
            <code value="71959-1"/>
            <display value="PROMIS-29 Physical function score T-score"/>
          </contains>
          <contains>
            <system value="http://loinc.org"/>
            <code value="71961-7"/>
            <display value="PROMIS-29 Pain interference score T-score"/>
          </contains>
          <contains>
            <system value="http://loinc.org"/>
            <code value="71963-3"/>
            <display value="PROMIS-29 Fatigue score T-score"/>
          </contains>
        </expansion>
      </ValueSet>
    </resource>
  </entry>
  <entry>
    <fullUrl value="http://hl7.org/fhir/us/pco/ValueSet/readiness-assessment-codes"/>
    <resource>
      <ValueSet>
        <text>
          <status value="generated"/>
          <div xmlns="http://www.w3.org/1999/xhtml">
            <p class="res-header-id">
              <b>Generated Narrative: ValueSet </b>
            </p>
            <p style="border: black 1px dotted; background-color: #EEEEEE; padding: 8px; margin-bottom: 8px">Expansion done internally based on 
              <a href="CodeSystem-readiness-assessment-concepts.html">codesystem Readiness Assessment Concepts v0.2.0 (CodeSystem)</a>
            </p>
            <p>This value set contains 3 concepts</p>
            <table class="codes">
              <tr>
                <td style="white-space:nowrap">
                  <b>Code</b>
                </td>
                <td>
                  <b>System</b>
                </td>
                <td>
                  <b>Display</b>
                </td>
                <td>
                  <b>Definition</b>
                </td>
              </tr>
              <tr>
                <td style="white-space:nowrap">
                  <a name="x-http://hl7.org/fhir/us/pco/CodeSystem/readiness-assessment-concepts-readiness-assessent"> </a>  
                  <a href="CodeSystem-readiness-assessment-concepts.html#readiness-assessment-concepts-readiness-assessent">readiness-assessent</a>
                </td>
                <td>http://hl7.org/fhir/us/pco/CodeSystem/readiness-assessment-concepts</td>
                <td>Readiness assessment</td>
                <td>
                  <div>
                    <p>Used as a panel code for readiness scales</p>

                  </div>
                </td>
              </tr>
              <tr>
                <td style="white-space:nowrap">
                  <a name="x-http://hl7.org/fhir/us/pco/CodeSystem/readiness-assessment-concepts-importance"> </a>  
                  <a href="CodeSystem-readiness-assessment-concepts.html#readiness-assessment-concepts-importance">importance</a>
                </td>
                <td>http://hl7.org/fhir/us/pco/CodeSystem/readiness-assessment-concepts</td>
                <td>Importance of change</td>
                <td>
                  <div/>
                </td>
              </tr>
              <tr>
                <td style="white-space:nowrap">
                  <a name="x-http://hl7.org/fhir/us/pco/CodeSystem/readiness-assessment-concepts-confidence"> </a>  
                  <a href="CodeSystem-readiness-assessment-concepts.html#readiness-assessment-concepts-confidence">confidence</a>
                </td>
                <td>http://hl7.org/fhir/us/pco/CodeSystem/readiness-assessment-concepts</td>
                <td>Confidence to change</td>
                <td>
                  <div/>
                </td>
              </tr>
            </table>
          </div>
        </text>
        <url value="http://hl7.org/fhir/us/pco/ValueSet/readiness-assessment-codes"/>
        <version value="0.2.0"/>
        <name value="ReadinessAssessmentType"/>
        <title value="Readiness Assessment Codes"/>
        <status value="draft"/>
        <experimental value="false"/>
        <date value="2025-01-19T16:32:23+00:00"/>
        <jurisdiction>
          <coding>
            <system value="urn:iso:std:iso:3166"/>
            <code value="US"/>
          </coding>
        </jurisdiction>
        <expansion>
          <identifier value="urn:uuid:17685228-09e9-41c5-be09-f1071e3263e5"/>
          <timestamp value="2025-01-19T16:33:50+00:00"/>
          <total value="3"/>
          <offset value="0"/>
          <parameter>
            <name value="count"/>
            <valueInteger value="1000"/>
          </parameter>
          <parameter>
            <name value="offset"/>
            <valueInteger value="0"/>
          </parameter>
          <parameter>
            <name value="excludeNested"/>
            <valueBoolean value="false"/>
          </parameter>
          <parameter>
            <name value="used-codesystem"/>
            <valueUri value="http://hl7.org/fhir/us/pco/CodeSystem/readiness-assessment-concepts|0.2.0"/>
          </parameter>
          <contains>
            <system value="http://hl7.org/fhir/us/pco/CodeSystem/readiness-assessment-concepts"/>
            <code value="readiness-assessent"/>
            <display value="Readiness assessment"/>
          </contains>
          <contains>
            <system value="http://hl7.org/fhir/us/pco/CodeSystem/readiness-assessment-concepts"/>
            <code value="importance"/>
            <display value="Importance of change"/>
          </contains>
          <contains>
            <system value="http://hl7.org/fhir/us/pco/CodeSystem/readiness-assessment-concepts"/>
            <code value="confidence"/>
            <display value="Confidence to change"/>
          </contains>
        </expansion>
      </ValueSet>
    </resource>
  </entry>
  <entry>
    <fullUrl value="http://hl7.org/fhir/us/pco/ValueSet/wellbeing-categories"/>
    <resource>
      <ValueSet>
        <text>
          <status value="generated"/>
          <div xmlns="http://www.w3.org/1999/xhtml">
            <p class="res-header-id">
              <b>Generated Narrative: ValueSet </b>
            </p>
            <p style="border: black 1px dotted; background-color: #EEEEEE; padding: 8px; margin-bottom: 8px">Expansion done internally based on 
              <a href="CodeSystem-wellbeing-concepts.html">codesystem Well-Being Concepts v0.2.0 (CodeSystem)</a>
            </p>
            <p>This value set contains 5 concepts</p>
            <table class="codes">
              <tr>
                <td style="white-space:nowrap">
                  <b>Code</b>
                </td>
                <td>
                  <b>System</b>
                </td>
                <td>
                  <b>Display</b>
                </td>
                <td>
                  <b>Definition</b>
                </td>
              </tr>
              <tr>
                <td style="white-space:nowrap">
                  <a name="x-http://hl7.org/fhir/us/pco/CodeSystem/wellbeing-concepts-what-matters"> </a>  
                  <a href="CodeSystem-wellbeing-concepts.html#wellbeing-concepts-what-matters">what-matters</a>
                </td>
                <td>http://hl7.org/fhir/us/pco/CodeSystem/wellbeing-concepts</td>
                <td>What Matters</td>
                <td>
                  <div>
                    <p>Know and align care with each person's specific health outcome goals and care preferences including, but not limited to, end-of-life care, and across settings of care.</p>

                  </div>
                </td>
              </tr>
              <tr>
                <td style="white-space:nowrap">
                  <a name="x-http://hl7.org/fhir/us/pco/CodeSystem/wellbeing-concepts-mentation"> </a>  
                  <a href="CodeSystem-wellbeing-concepts.html#wellbeing-concepts-mentation">mentation</a>
                </td>
                <td>http://hl7.org/fhir/us/pco/CodeSystem/wellbeing-concepts</td>
                <td>Mentation</td>
                <td>
                  <div>
                    <p>Prevent, identify, treat, and manage dementia, depression, and delirium and other mental health conditions across settings of care.</p>

                  </div>
                </td>
              </tr>
              <tr>
                <td style="white-space:nowrap">
                  <a name="x-http://hl7.org/fhir/us/pco/CodeSystem/wellbeing-concepts-mobility"> </a>  
                  <a href="CodeSystem-wellbeing-concepts.html#wellbeing-concepts-mobility">mobility</a>
                </td>
                <td>http://hl7.org/fhir/us/pco/CodeSystem/wellbeing-concepts</td>
                <td>Mobility</td>
                <td>
                  <div>
                    <p>Ensure that person can move safely every day in order to maintain function and do What Matters.</p>

                  </div>
                </td>
              </tr>
              <tr>
                <td style="white-space:nowrap">
                  <a name="x-http://hl7.org/fhir/us/pco/CodeSystem/wellbeing-concepts-medication"> </a>  
                  <a href="CodeSystem-wellbeing-concepts.html#wellbeing-concepts-medication">medication</a>
                </td>
                <td>http://hl7.org/fhir/us/pco/CodeSystem/wellbeing-concepts</td>
                <td>Medication</td>
                <td>
                  <div>
                    <p>If medication is necessary, use Age-Friendly medication that does not interfere with What Matters to the person, Mobility, or Mentation across settings of care.</p>

                  </div>
                </td>
              </tr>
              <tr>
                <td style="white-space:nowrap">
                  <a name="x-http://hl7.org/fhir/us/pco/CodeSystem/wellbeing-concepts-person-centered"> </a>  
                  <a href="CodeSystem-wellbeing-concepts.html#wellbeing-concepts-person-centered">person-centered</a>
                </td>
                <td>http://hl7.org/fhir/us/pco/CodeSystem/wellbeing-concepts</td>
                <td>Person-Centered</td>
                <td>
                  <div>
                    <p>General category for person-centered goals and observations</p>

                  </div>
                </td>
              </tr>
            </table>
          </div>
        </text>
        <url value="http://hl7.org/fhir/us/pco/ValueSet/wellbeing-categories"/>
        <version value="0.2.0"/>
        <name value="WellBeingCategories"/>
        <title value="Well-Being Categories"/>
        <status value="draft"/>
        <experimental value="false"/>
        <date value="2025-01-19T16:32:23+00:00"/>
        <jurisdiction>
          <coding>
            <system value="urn:iso:std:iso:3166"/>
            <code value="US"/>
          </coding>
        </jurisdiction>
        <expansion>
          <identifier value="urn:uuid:cf60ab47-7e4f-4cf9-811a-057373334c84"/>
          <timestamp value="2025-01-19T16:33:50+00:00"/>
          <total value="5"/>
          <offset value="0"/>
          <parameter>
            <name value="count"/>
            <valueInteger value="1000"/>
          </parameter>
          <parameter>
            <name value="offset"/>
            <valueInteger value="0"/>
          </parameter>
          <parameter>
            <name value="excludeNested"/>
            <valueBoolean value="false"/>
          </parameter>
          <parameter>
            <name value="used-codesystem"/>
            <valueUri value="http://hl7.org/fhir/us/pco/CodeSystem/wellbeing-concepts|0.2.0"/>
          </parameter>
          <contains>
            <system value="http://hl7.org/fhir/us/pco/CodeSystem/wellbeing-concepts"/>
            <code value="what-matters"/>
            <display value="What Matters"/>
          </contains>
          <contains>
            <system value="http://hl7.org/fhir/us/pco/CodeSystem/wellbeing-concepts"/>
            <code value="mentation"/>
            <display value="Mentation"/>
          </contains>
          <contains>
            <system value="http://hl7.org/fhir/us/pco/CodeSystem/wellbeing-concepts"/>
            <code value="mobility"/>
            <display value="Mobility"/>
          </contains>
          <contains>
            <system value="http://hl7.org/fhir/us/pco/CodeSystem/wellbeing-concepts"/>
            <code value="medication"/>
            <display value="Medication"/>
          </contains>
          <contains>
            <system value="http://hl7.org/fhir/us/pco/CodeSystem/wellbeing-concepts"/>
            <code value="person-centered"/>
            <display value="Person-Centered"/>
          </contains>
        </expansion>
      </ValueSet>
    </resource>
  </entry>
  <entry>
    <fullUrl value="http://hl7.org/fhir/us/pco/ValueSet/wellbeing-domains-example"/>
    <resource>
      <ValueSet>
        <text>
          <status value="generated"/>
          <div xmlns="http://www.w3.org/1999/xhtml">
            <p class="res-header-id">
              <b>Generated Narrative: ValueSet </b>
            </p>
            <p style="border: black 1px dotted; background-color: #EEEEEE; padding: 8px; margin-bottom: 8px">Expansion done internally based on 
              <a href="CodeSystem-va-whole-health-example.html">codesystem VA Whole Health Concepts v0.2.0 (CodeSystem)</a>
            </p>
            <p>This value set contains 9 concepts</p>
            <table class="codes">
              <tr>
                <td style="white-space:nowrap">
                  <b>Code</b>
                </td>
                <td>
                  <b>System</b>
                </td>
                <td>
                  <b>Display</b>
                </td>
                <td>
                  <b>Definition</b>
                </td>
              </tr>
              <tr>
                <td style="white-space:nowrap">
                  <a name="x-http://hl7.org/fhir/us/pco/CodeSystem/va-whole-health-example-body"> </a>  
                  <a href="CodeSystem-va-whole-health-example.html#va-whole-health-example-body">body</a>
                </td>
                <td>http://hl7.org/fhir/us/pco/CodeSystem/va-whole-health-example</td>
                <td>Moving the Body</td>
                <td>
                  <div>
                    <p>Our physical, mental, and emotional health are impacted by the amount and kind of movement we do. Moving the body can take many forms such as dancing, walking, gardening, yoga, and exercise.</p>

                  </div>
                </td>
              </tr>
              <tr>
                <td style="white-space:nowrap">
                  <a name="x-http://hl7.org/fhir/us/pco/CodeSystem/va-whole-health-example-mind"> </a>  
                  <a href="CodeSystem-va-whole-health-example.html#va-whole-health-example-mind">mind</a>
                </td>
                <td>http://hl7.org/fhir/us/pco/CodeSystem/va-whole-health-example</td>
                <td>Power of the Mind</td>
                <td>
                  <div>
                    <p>Our thoughts are powerful and can affect our physical, mental, and emotional health. Changing our mindset can aid in healing and coping. Breathing techniques, guided imagery, Tai Chi, yoga, or gratitude can buffer the impact of stress and other emotions.</p>

                  </div>
                </td>
              </tr>
              <tr>
                <td style="white-space:nowrap">
                  <a name="x-http://hl7.org/fhir/us/pco/CodeSystem/va-whole-health-example-nourishment"> </a>  
                  <a href="CodeSystem-va-whole-health-example.html#va-whole-health-example-nourishment">nourishment</a>
                </td>
                <td>http://hl7.org/fhir/us/pco/CodeSystem/va-whole-health-example</td>
                <td>Food &amp; Drink</td>
                <td>
                  <div>
                    <p>What we eat and drink can have a huge effect on how we experience life, both physically and mentally. Energy, mood, weight, how long we live, and overall health are all impacted by what and how we choose to eat and drink.</p>

                  </div>
                </td>
              </tr>
              <tr>
                <td style="white-space:nowrap">
                  <a name="x-http://hl7.org/fhir/us/pco/CodeSystem/va-whole-health-example-recharge"> </a>  
                  <a href="CodeSystem-va-whole-health-example.html#va-whole-health-example-recharge">recharge</a>
                </td>
                <td>http://hl7.org/fhir/us/pco/CodeSystem/va-whole-health-example</td>
                <td>Recharge</td>
                <td>
                  <div>
                    <p>Our bodies and minds must rest and recharge in order to optimize our health. Getting a good night's rest, as well as recharging our mental and physical energy throughout the day, are vital to well-being. Taking short breaks or doing something you enjoy or feels good for moments throughout the day are examples of ways to refresh.</p>

                  </div>
                </td>
              </tr>
              <tr>
                <td style="white-space:nowrap">
                  <a name="x-http://hl7.org/fhir/us/pco/CodeSystem/va-whole-health-example-surroundings"> </a>  
                  <a href="CodeSystem-va-whole-health-example.html#va-whole-health-example-surroundings">surroundings</a>
                </td>
                <td>http://hl7.org/fhir/us/pco/CodeSystem/va-whole-health-example</td>
                <td>Surroundings</td>
                <td>
                  <div>
                    <p>Our surroundings, both at work and where we live, indoors and out, can affect our health and outlook on life. Changes within our control such as organizing, decluttering, adding a plant or artwork can improve mood and health.</p>

                  </div>
                </td>
              </tr>
              <tr>
                <td style="white-space:nowrap">
                  <a name="x-http://hl7.org/fhir/us/pco/CodeSystem/va-whole-health-example-personal-development"> </a>  
                  <a href="CodeSystem-va-whole-health-example.html#va-whole-health-example-personal-development">personal-development</a>
                </td>
                <td>http://hl7.org/fhir/us/pco/CodeSystem/va-whole-health-example</td>
                <td>Personal Development</td>
                <td>
                  <div>
                    <p>Our health is impacted by how we choose to spend our time. Aligning our work and personal activities with what really matters to us, or what brings us joy, can have a big effect on our health and outlook on life.</p>

                  </div>
                </td>
              </tr>
              <tr>
                <td style="white-space:nowrap">
                  <a name="x-http://hl7.org/fhir/us/pco/CodeSystem/va-whole-health-example-spirit-and-soul"> </a>  
                  <a href="CodeSystem-va-whole-health-example.html#va-whole-health-example-spirit-and-soul">spirit-and-soul</a>
                </td>
                <td>http://hl7.org/fhir/us/pco/CodeSystem/va-whole-health-example</td>
                <td>Spirit &amp; Soul</td>
                <td>
                  <div>
                    <p>Connecting with something greater than ourselves may provide a sense of meaning and purpose, peace, or comfort. Connecting and aligning spiritually is very individual and may take the form of religious affiliation, connection to nature, or engaging in things like music or art.</p>

                  </div>
                </td>
              </tr>
              <tr>
                <td style="white-space:nowrap">
                  <a name="x-http://hl7.org/fhir/us/pco/CodeSystem/va-whole-health-example-relationships"> </a>  
                  <a href="CodeSystem-va-whole-health-example.html#va-whole-health-example-relationships">relationships</a>
                </td>
                <td>http://hl7.org/fhir/us/pco/CodeSystem/va-whole-health-example</td>
                <td>Family, Friends &amp; Co-Workers</td>
                <td>
                  <div>
                    <p>Our relationships, including those with pets, have as significant an effect on our physical and emotional health as any other factor associated with well-being. Spending more time in relationships that &quot;fuel&quot; us and less in relationships that &quot;drain&quot; us is one potential option. Improving our relationship skills or creating new relationships through community activities are other options to consider.</p>

                  </div>
                </td>
              </tr>
              <tr>
                <td style="white-space:nowrap">
                  <a name="x-http://hl7.org/fhir/us/pco/CodeSystem/va-whole-health-example-professional-care"> </a>  
                  <a href="CodeSystem-va-whole-health-example.html#va-whole-health-example-professional-care">professional-care</a>
                </td>
                <td>http://hl7.org/fhir/us/pco/CodeSystem/va-whole-health-example</td>
                <td>Professional Care</td>
                <td>
                  <div>
                    <p>Staying up to date on prevention and understanding your health concerns, care options, treatment plan, and their role in your health.</p>

                  </div>
                </td>
              </tr>
            </table>
          </div>
        </text>
        <url value="http://hl7.org/fhir/us/pco/ValueSet/wellbeing-domains-example"/>
        <version value="0.2.0"/>
        <name value="WellBeingDomainValueSet"/>
        <title value="Well-Being Domains Example"/>
        <status value="draft"/>
        <experimental value="false"/>
        <date value="2025-01-19T16:32:23+00:00"/>
        <jurisdiction>
          <coding>
            <system value="urn:iso:std:iso:3166"/>
            <code value="US"/>
          </coding>
        </jurisdiction>
        <expansion>
          <identifier value="urn:uuid:b6775ab1-9f7f-422d-a6d3-b9b5f807574a"/>
          <timestamp value="2025-01-19T16:33:51+00:00"/>
          <total value="9"/>
          <offset value="0"/>
          <parameter>
            <name value="count"/>
            <valueInteger value="1000"/>
          </parameter>
          <parameter>
            <name value="offset"/>
            <valueInteger value="0"/>
          </parameter>
          <parameter>
            <name value="excludeNested"/>
            <valueBoolean value="false"/>
          </parameter>
          <parameter>
            <name value="used-codesystem"/>
            <valueUri value="http://hl7.org/fhir/us/pco/CodeSystem/va-whole-health-example|0.2.0"/>
          </parameter>
          <contains>
            <system value="http://hl7.org/fhir/us/pco/CodeSystem/va-whole-health-example"/>
            <code value="body"/>
            <display value="Moving the Body"/>
          </contains>
          <contains>
            <system value="http://hl7.org/fhir/us/pco/CodeSystem/va-whole-health-example"/>
            <code value="mind"/>
            <display value="Power of the Mind"/>
          </contains>
          <contains>
            <system value="http://hl7.org/fhir/us/pco/CodeSystem/va-whole-health-example"/>
            <code value="nourishment"/>
            <display value="Food &amp; Drink"/>
          </contains>
          <contains>
            <system value="http://hl7.org/fhir/us/pco/CodeSystem/va-whole-health-example"/>
            <code value="recharge"/>
            <display value="Recharge"/>
          </contains>
          <contains>
            <system value="http://hl7.org/fhir/us/pco/CodeSystem/va-whole-health-example"/>
            <code value="surroundings"/>
            <display value="Surroundings"/>
          </contains>
          <contains>
            <system value="http://hl7.org/fhir/us/pco/CodeSystem/va-whole-health-example"/>
            <code value="personal-development"/>
            <display value="Personal Development"/>
          </contains>
          <contains>
            <system value="http://hl7.org/fhir/us/pco/CodeSystem/va-whole-health-example"/>
            <code value="spirit-and-soul"/>
            <display value="Spirit &amp; Soul"/>
          </contains>
          <contains>
            <system value="http://hl7.org/fhir/us/pco/CodeSystem/va-whole-health-example"/>
            <code value="relationships"/>
            <display value="Family, Friends &amp; Co-Workers"/>
          </contains>
          <contains>
            <system value="http://hl7.org/fhir/us/pco/CodeSystem/va-whole-health-example"/>
            <code value="professional-care"/>
            <display value="Professional Care"/>
          </contains>
        </expansion>
      </ValueSet>
    </resource>
  </entry>
</Bundle>