<?xml version="1.0" encoding="UTF-8"?>

<Bundle xmlns="http://hl7.org/fhir">
  <id value="f66ac568-4e39-4028-84e3-b02f312ba6a4"/>
  <meta>
    <lastUpdated value="2024-08-13T17:11:01.256+00:00"/>
  </meta>
  <type value="collection"/>
  <entry>
    <fullUrl value="http://mtnlotus.com/uv/pco/ValueSet/caregiver-gas-followup-vs"/>
    <resource>
      <ValueSet>
        <text>
          <status value="generated"/>
          <div xmlns="http://www.w3.org/1999/xhtml">
            <p class="res-header-id">
              <b>Generated Narrative: ValueSet </b>
            </p>
            <p style="border: black 1px dotted; background-color: #EEEEEE; padding: 8px; margin-bottom: 8px">Expansion based on Loinc v2.77</p>
            <p>This value set contains 0 concepts</p>
            <table class="codes">
              <tr>
                <td style="white-space:nowrap">
                  <b>Code</b>
                </td>
                <td>
                  <b>System</b>
                </td>
                <td>
                  <b>Display</b>
                </td>
              </tr>
            </table>
          </div>
        </text>
        <url value="http://mtnlotus.com/uv/pco/ValueSet/caregiver-gas-followup-vs"/>
        <version value="0.1.0"/>
        <name value="CaregiverGASFollowupVS"/>
        <title value="Caregiver Follow-Up GAS Score"/>
        <status value="draft"/>
        <experimental value="false"/>
        <date value="2024-08-13T17:11:01+00:00"/>
        <jurisdiction>
          <coding>
            <system value="http://unstats.un.org/unsd/methods/m49/m49.htm"/>
            <code value="001"/>
            <display value="World"/>
          </coding>
        </jurisdiction>
        <expansion>
          <identifier value="urn:uuid:f2d114e6-1ae5-4c57-9af7-aca100710207"/>
          <timestamp value="2024-08-13T17:11:56+00:00"/>
          <total value="0"/>
          <offset value="0"/>
          <parameter>
            <name value="count"/>
            <valueInteger value="1000"/>
          </parameter>
          <parameter>
            <name value="offset"/>
            <valueInteger value="0"/>
          </parameter>
          <parameter>
            <name value="excludeNested"/>
            <valueBoolean value="false"/>
          </parameter>
          <parameter>
            <name value="used-valueset"/>
            <valueUri value="null"/>
          </parameter>
          <parameter>
            <name value="used-codesystem"/>
            <valueUri value="http://loinc.org|2.77"/>
          </parameter>
          <parameter>
            <name value="version"/>
            <valueUri value="http://loinc.org|2.77"/>
          </parameter>
        </expansion>
      </ValueSet>
    </resource>
  </entry>
  <entry>
    <fullUrl value="http://mtnlotus.com/uv/pco/ValueSet/patient-gas-followup-vs"/>
    <resource>
      <ValueSet>
        <text>
          <status value="generated"/>
          <div xmlns="http://www.w3.org/1999/xhtml">
            <p class="res-header-id">
              <b>Generated Narrative: ValueSet </b>
            </p>
            <p style="border: black 1px dotted; background-color: #EEEEEE; padding: 8px; margin-bottom: 8px">Expansion based on Loinc v2.77</p>
            <p>This value set contains 0 concepts</p>
            <table class="codes">
              <tr>
                <td style="white-space:nowrap">
                  <b>Code</b>
                </td>
                <td>
                  <b>System</b>
                </td>
                <td>
                  <b>Display</b>
                </td>
              </tr>
            </table>
          </div>
        </text>
        <url value="http://mtnlotus.com/uv/pco/ValueSet/patient-gas-followup-vs"/>
        <version value="0.1.0"/>
        <name value="PatientGASFollowupVS"/>
        <title value="Patient Follow-Up GAS Score"/>
        <status value="draft"/>
        <experimental value="false"/>
        <date value="2024-08-13T17:11:01+00:00"/>
        <jurisdiction>
          <coding>
            <system value="http://unstats.un.org/unsd/methods/m49/m49.htm"/>
            <code value="001"/>
            <display value="World"/>
          </coding>
        </jurisdiction>
        <expansion>
          <identifier value="urn:uuid:d29d2fb1-1d8d-4071-8396-c1d1786407fb"/>
          <timestamp value="2024-08-13T17:11:57+00:00"/>
          <total value="0"/>
          <offset value="0"/>
          <parameter>
            <name value="count"/>
            <valueInteger value="1000"/>
          </parameter>
          <parameter>
            <name value="offset"/>
            <valueInteger value="0"/>
          </parameter>
          <parameter>
            <name value="excludeNested"/>
            <valueBoolean value="false"/>
          </parameter>
          <parameter>
            <name value="used-valueset"/>
            <valueUri value="null"/>
          </parameter>
          <parameter>
            <name value="used-codesystem"/>
            <valueUri value="http://loinc.org|2.77"/>
          </parameter>
          <parameter>
            <name value="version"/>
            <valueUri value="http://loinc.org|2.77"/>
          </parameter>
        </expansion>
      </ValueSet>
    </resource>
  </entry>
  <entry>
    <fullUrl value="http://mtnlotus.com/uv/pco/ValueSet/pco-category-valueset"/>
    <resource>
      <ValueSet>
        <text>
          <status value="generated"/>
          <div xmlns="http://www.w3.org/1999/xhtml">
            <p class="res-header-id">
              <b>Generated Narrative: ValueSet </b>
            </p>
            <p style="border: black 1px dotted; background-color: #EEEEEE; padding: 8px; margin-bottom: 8px">Expansion based on 
              <a href="CodeSystem-pco-category-codes-example.html">codesystem Category Code Examples v0.1.0 (CodeSystem)</a>
            </p>
            <p>This value set contains 12 concepts</p>
            <table class="codes">
              <tr>
                <td style="white-space:nowrap">
                  <b>Code</b>
                </td>
                <td>
                  <b>System</b>
                </td>
                <td>
                  <b>Display</b>
                </td>
                <td>
                  <b>Definition</b>
                </td>
              </tr>
              <tr>
                <td style="white-space:nowrap">
                  <a name="x-http://mtnlotus.com/uv/pco/CodeSystem/pco-category-codes-example-housing"> </a>  
                  <a href="CodeSystem-pco-category-codes-example.html#pco-category-codes-example-housing">housing</a>
                </td>
                <td>http://mtnlotus.com/uv/pco/CodeSystem/pco-category-codes-example</td>
                <td>Housing</td>
                <td>
                  <div>
                    <p>Having acceptable housing that is appropriate for a person's needs.</p>

                  </div>
                </td>
              </tr>
              <tr>
                <td style="white-space:nowrap">
                  <a name="x-http://mtnlotus.com/uv/pco/CodeSystem/pco-category-codes-example-access-to-services"> </a>  
                  <a href="CodeSystem-pco-category-codes-example.html#pco-category-codes-example-access-to-services">access-to-services</a>
                </td>
                <td>http://mtnlotus.com/uv/pco/CodeSystem/pco-category-codes-example</td>
                <td>Access To Services</td>
                <td>
                  <div>
                    <p>Ability to access, afford, and utilize appropriate health and community resources. Includes access to transportation, stable food resources, and assistance with financial concerns.</p>

                  </div>
                </td>
              </tr>
              <tr>
                <td style="white-space:nowrap">
                  <a name="x-http://mtnlotus.com/uv/pco/CodeSystem/pco-category-codes-example-caregiver-needs"> </a>  
                  <a href="CodeSystem-pco-category-codes-example.html#pco-category-codes-example-caregiver-needs">caregiver-needs</a>
                </td>
                <td>http://mtnlotus.com/uv/pco/CodeSystem/pco-category-codes-example</td>
                <td>Caregiver Needs</td>
                <td>
                  <div/>
                </td>
              </tr>
              <tr>
                <td style="white-space:nowrap">
                  <a name="x-http://mtnlotus.com/uv/pco/CodeSystem/pco-category-codes-example-end-of-life"> </a>  
                  <a href="CodeSystem-pco-category-codes-example.html#pco-category-codes-example-end-of-life">end-of-life</a>
                </td>
                <td>http://mtnlotus.com/uv/pco/CodeSystem/pco-category-codes-example</td>
                <td>End Of Life</td>
                <td>
                  <div>
                    <p>Planning for end-of-life care and desires to reduce burden on family or others.</p>

                  </div>
                </td>
              </tr>
              <tr>
                <td style="white-space:nowrap">
                  <a name="x-http://mtnlotus.com/uv/pco/CodeSystem/pco-category-codes-example-independence"> </a>  
                  <a href="CodeSystem-pco-category-codes-example.html#pco-category-codes-example-independence">independence</a>
                </td>
                <td>http://mtnlotus.com/uv/pco/CodeSystem/pco-category-codes-example</td>
                <td>Independence</td>
                <td>
                  <div>
                    <p>Ability to live independently without help or assistance from others.</p>

                  </div>
                </td>
              </tr>
              <tr>
                <td style="white-space:nowrap">
                  <a name="x-http://mtnlotus.com/uv/pco/CodeSystem/pco-category-codes-example-legal"> </a>  
                  <a href="CodeSystem-pco-category-codes-example.html#pco-category-codes-example-legal">legal</a>
                </td>
                <td>http://mtnlotus.com/uv/pco/CodeSystem/pco-category-codes-example</td>
                <td>Legal</td>
                <td>
                  <div>
                    <p>Having adequate support for legal issues such as child custody, medical power of attorney, etc.</p>

                  </div>
                </td>
              </tr>
              <tr>
                <td style="white-space:nowrap">
                  <a name="x-http://mtnlotus.com/uv/pco/CodeSystem/pco-category-codes-example-managing-conditions"> </a>  
                  <a href="CodeSystem-pco-category-codes-example.html#pco-category-codes-example-managing-conditions">managing-conditions</a>
                </td>
                <td>http://mtnlotus.com/uv/pco/CodeSystem/pco-category-codes-example</td>
                <td>Managing Conditions</td>
                <td>
                  <div>
                    <p>Satisfaction with health care received or desired, and experiences with providers and the health care system.</p>

                  </div>
                </td>
              </tr>
              <tr>
                <td style="white-space:nowrap">
                  <a name="x-http://mtnlotus.com/uv/pco/CodeSystem/pco-category-codes-example-medication-management"> </a>  
                  <a href="CodeSystem-pco-category-codes-example.html#pco-category-codes-example-medication-management">medication-management</a>
                </td>
                <td>http://mtnlotus.com/uv/pco/CodeSystem/pco-category-codes-example</td>
                <td>Medication Management</td>
                <td>
                  <div>
                    <p>Satisfaction with ability to manage medications.</p>

                  </div>
                </td>
              </tr>
              <tr>
                <td style="white-space:nowrap">
                  <a name="x-http://mtnlotus.com/uv/pco/CodeSystem/pco-category-codes-example-improving-health-and-wellness"> </a>  
                  <a href="CodeSystem-pco-category-codes-example.html#pco-category-codes-example-improving-health-and-wellness">improving-health-and-wellness</a>
                </td>
                <td>http://mtnlotus.com/uv/pco/CodeSystem/pco-category-codes-example</td>
                <td>Improving Health And Wellness</td>
                <td>
                  <div>
                    <p>Ability to develop, improve and maintain positive health and wellness habits.</p>

                  </div>
                </td>
              </tr>
              <tr>
                <td style="white-space:nowrap">
                  <a name="x-http://mtnlotus.com/uv/pco/CodeSystem/pco-category-codes-example-physical-function"> </a>  
                  <a href="CodeSystem-pco-category-codes-example.html#pco-category-codes-example-physical-function">physical-function</a>
                </td>
                <td>http://mtnlotus.com/uv/pco/CodeSystem/pco-category-codes-example</td>
                <td>Physical Function</td>
                <td>
                  <div>
                    <p>Ability to manage physical functioning, physical symptoms or conditions, and improve or maintain ability to participate in physical activities.</p>

                  </div>
                </td>
              </tr>
              <tr>
                <td style="white-space:nowrap">
                  <a name="x-http://mtnlotus.com/uv/pco/CodeSystem/pco-category-codes-example-social-functioning"> </a>  
                  <a href="CodeSystem-pco-category-codes-example.html#pco-category-codes-example-social-functioning">social-functioning</a>
                </td>
                <td>http://mtnlotus.com/uv/pco/CodeSystem/pco-category-codes-example</td>
                <td>Social Functioning</td>
                <td>
                  <div/>
                </td>
              </tr>
              <tr>
                <td style="white-space:nowrap">
                  <a name="x-http://mtnlotus.com/uv/pco/CodeSystem/pco-category-codes-example-emotional-and-mental-health"> </a>  
                  <a href="CodeSystem-pco-category-codes-example.html#pco-category-codes-example-emotional-and-mental-health">emotional-and-mental-health</a>
                </td>
                <td>http://mtnlotus.com/uv/pco/CodeSystem/pco-category-codes-example</td>
                <td>Emotional And Mental Health</td>
                <td>
                  <div/>
                </td>
              </tr>
            </table>
          </div>
        </text>
        <url value="http://mtnlotus.com/uv/pco/ValueSet/pco-category-valueset"/>
        <version value="0.1.0"/>
        <name value="PCOCategoryValueSet"/>
        <title value="PCO Categories"/>
        <status value="draft"/>
        <date value="2024-08-13T17:11:01+00:00"/>
        <jurisdiction>
          <coding>
            <system value="http://unstats.un.org/unsd/methods/m49/m49.htm"/>
            <code value="001"/>
            <display value="World"/>
          </coding>
        </jurisdiction>
        <expansion>
          <identifier value="urn:uuid:120d51f8-fbd0-4fd8-a0de-2e95e2409e57"/>
          <timestamp value="2024-08-13T17:11:58+00:00"/>
          <total value="12"/>
          <offset value="0"/>
          <parameter>
            <name value="count"/>
            <valueInteger value="1000"/>
          </parameter>
          <parameter>
            <name value="offset"/>
            <valueInteger value="0"/>
          </parameter>
          <parameter>
            <name value="excludeNested"/>
            <valueBoolean value="false"/>
          </parameter>
          <parameter>
            <name value="used-codesystem"/>
            <valueUri value="http://mtnlotus.com/uv/pco/CodeSystem/pco-category-codes-example|0.1.0"/>
          </parameter>
          <contains>
            <system value="http://mtnlotus.com/uv/pco/CodeSystem/pco-category-codes-example"/>
            <code value="housing"/>
            <display value="Housing"/>
          </contains>
          <contains>
            <system value="http://mtnlotus.com/uv/pco/CodeSystem/pco-category-codes-example"/>
            <code value="access-to-services"/>
            <display value="Access To Services"/>
          </contains>
          <contains>
            <system value="http://mtnlotus.com/uv/pco/CodeSystem/pco-category-codes-example"/>
            <code value="caregiver-needs"/>
            <display value="Caregiver Needs"/>
          </contains>
          <contains>
            <system value="http://mtnlotus.com/uv/pco/CodeSystem/pco-category-codes-example"/>
            <code value="end-of-life"/>
            <display value="End Of Life"/>
          </contains>
          <contains>
            <system value="http://mtnlotus.com/uv/pco/CodeSystem/pco-category-codes-example"/>
            <code value="independence"/>
            <display value="Independence"/>
          </contains>
          <contains>
            <system value="http://mtnlotus.com/uv/pco/CodeSystem/pco-category-codes-example"/>
            <code value="legal"/>
            <display value="Legal"/>
          </contains>
          <contains>
            <system value="http://mtnlotus.com/uv/pco/CodeSystem/pco-category-codes-example"/>
            <code value="managing-conditions"/>
            <display value="Managing Conditions"/>
          </contains>
          <contains>
            <system value="http://mtnlotus.com/uv/pco/CodeSystem/pco-category-codes-example"/>
            <code value="medication-management"/>
            <display value="Medication Management"/>
          </contains>
          <contains>
            <system value="http://mtnlotus.com/uv/pco/CodeSystem/pco-category-codes-example"/>
            <code value="improving-health-and-wellness"/>
            <display value="Improving Health And Wellness"/>
          </contains>
          <contains>
            <system value="http://mtnlotus.com/uv/pco/CodeSystem/pco-category-codes-example"/>
            <code value="physical-function"/>
            <display value="Physical Function"/>
          </contains>
          <contains>
            <system value="http://mtnlotus.com/uv/pco/CodeSystem/pco-category-codes-example"/>
            <code value="social-functioning"/>
            <display value="Social Functioning"/>
          </contains>
          <contains>
            <system value="http://mtnlotus.com/uv/pco/CodeSystem/pco-category-codes-example"/>
            <code value="emotional-and-mental-health"/>
            <display value="Emotional And Mental Health"/>
          </contains>
        </expansion>
      </ValueSet>
    </resource>
  </entry>
  <entry>
    <fullUrl value="http://mtnlotus.com/uv/pco/ValueSet/practitioner-gas-followup-vs"/>
    <resource>
      <ValueSet>
        <text>
          <status value="generated"/>
          <div xmlns="http://www.w3.org/1999/xhtml">
            <p class="res-header-id">
              <b>Generated Narrative: ValueSet </b>
            </p>
            <p style="border: black 1px dotted; background-color: #EEEEEE; padding: 8px; margin-bottom: 8px">Expansion based on Loinc v2.77</p>
            <p>This value set contains 0 concepts</p>
            <table class="codes">
              <tr>
                <td style="white-space:nowrap">
                  <b>Code</b>
                </td>
                <td>
                  <b>System</b>
                </td>
                <td>
                  <b>Display</b>
                </td>
              </tr>
            </table>
          </div>
        </text>
        <url value="http://mtnlotus.com/uv/pco/ValueSet/practitioner-gas-followup-vs"/>
        <version value="0.1.0"/>
        <name value="PractitionerGASFollowupVS"/>
        <title value="Practitioner Follow-Up GAS Score"/>
        <status value="draft"/>
        <experimental value="false"/>
        <date value="2024-08-13T17:11:01+00:00"/>
        <jurisdiction>
          <coding>
            <system value="http://unstats.un.org/unsd/methods/m49/m49.htm"/>
            <code value="001"/>
            <display value="World"/>
          </coding>
        </jurisdiction>
        <expansion>
          <identifier value="urn:uuid:4929b539-2630-48f1-a0a5-e4b92532fda0"/>
          <timestamp value="2024-08-13T17:11:59+00:00"/>
          <total value="0"/>
          <offset value="0"/>
          <parameter>
            <name value="count"/>
            <valueInteger value="1000"/>
          </parameter>
          <parameter>
            <name value="offset"/>
            <valueInteger value="0"/>
          </parameter>
          <parameter>
            <name value="excludeNested"/>
            <valueBoolean value="false"/>
          </parameter>
          <parameter>
            <name value="used-valueset"/>
            <valueUri value="null"/>
          </parameter>
          <parameter>
            <name value="used-codesystem"/>
            <valueUri value="http://loinc.org|2.77"/>
          </parameter>
          <parameter>
            <name value="version"/>
            <valueUri value="http://loinc.org|2.77"/>
          </parameter>
        </expansion>
      </ValueSet>
    </resource>
  </entry>
</Bundle>