<?xml version="1.0" encoding="UTF-8"?>

<Bundle xmlns="http://hl7.org/fhir">
  <id value="70260287-458f-44ed-9b08-883e403b1175"/>
  <meta>
    <lastUpdated value="2024-09-17T23:38:01.880+00:00"/>
  </meta>
  <type value="collection"/>
  <entry>
    <fullUrl value="http://mtnlotus.com/uv/pco/ValueSet/gas-score-answers"/>
    <resource>
      <ValueSet>
        <text>
          <status value="generated"/>
          <div xmlns="http://www.w3.org/1999/xhtml">
            <p class="res-header-id">
              <b>Generated Narrative: ValueSet </b>
            </p>
            <p style="border: black 1px dotted; background-color: #EEEEEE; padding: 8px; margin-bottom: 8px">Expansion based on Loinc v2.78</p>
            <p>This value set contains 0 concepts</p>
            <table class="codes">
              <tr>
                <td style="white-space:nowrap">
                  <b>Code</b>
                </td>
                <td>
                  <b>System</b>
                </td>
                <td>
                  <b>Display</b>
                </td>
              </tr>
            </table>
          </div>
        </text>
        <url value="http://mtnlotus.com/uv/pco/ValueSet/gas-score-answers"/>
        <version value="0.1.0"/>
        <name value="GASScoreAnswers"/>
        <title value="Follow-Up GAS Score Answers"/>
        <status value="draft"/>
        <experimental value="false"/>
        <date value="2024-09-17T23:38:01+00:00"/>
        <jurisdiction>
          <coding>
            <system value="http://unstats.un.org/unsd/methods/m49/m49.htm"/>
            <code value="001"/>
            <display value="World"/>
          </coding>
        </jurisdiction>
        <expansion>
          <identifier value="urn:uuid:77e83af9-1415-417f-978e-242463379a8f"/>
          <timestamp value="2024-09-17T23:39:20+00:00"/>
          <total value="0"/>
          <offset value="0"/>
          <parameter>
            <name value="count"/>
            <valueInteger value="1000"/>
          </parameter>
          <parameter>
            <name value="offset"/>
            <valueInteger value="0"/>
          </parameter>
          <parameter>
            <name value="excludeNested"/>
            <valueBoolean value="false"/>
          </parameter>
          <parameter>
            <name value="used-valueset"/>
            <valueUri value="null"/>
          </parameter>
          <parameter>
            <name value="used-codesystem"/>
            <valueUri value="http://loinc.org|2.78"/>
          </parameter>
          <parameter>
            <name value="version"/>
            <valueUri value="http://loinc.org|2.78"/>
          </parameter>
        </expansion>
      </ValueSet>
    </resource>
  </entry>
  <entry>
    <fullUrl value="http://mtnlotus.com/uv/pco/ValueSet/goal-attainment-scaling-score"/>
    <resource>
      <ValueSet>
        <text>
          <status value="generated"/>
          <div xmlns="http://www.w3.org/1999/xhtml">
            <p class="res-header-id">
              <b>Generated Narrative: ValueSet </b>
            </p>
            <p style="border: black 1px dotted; background-color: #EEEEEE; padding: 8px; margin-bottom: 8px">Expansion based on Loinc v2.78</p>
            <p>This value set contains 0 concepts</p>
            <table class="codes">
              <tr>
                <td style="white-space:nowrap">
                  <b>Code</b>
                </td>
                <td>
                  <b>System</b>
                </td>
                <td>
                  <b>Display</b>
                </td>
              </tr>
            </table>
          </div>
        </text>
        <url value="http://mtnlotus.com/uv/pco/ValueSet/goal-attainment-scaling-score"/>
        <version value="0.1.0"/>
        <name value="GoalAttainmentScalingScore"/>
        <title value="Goal Attainment Scaling (GAS) Score"/>
        <status value="draft"/>
        <experimental value="false"/>
        <date value="2024-09-17T23:38:01+00:00"/>
        <jurisdiction>
          <coding>
            <system value="http://unstats.un.org/unsd/methods/m49/m49.htm"/>
            <code value="001"/>
            <display value="World"/>
          </coding>
        </jurisdiction>
        <expansion>
          <identifier value="urn:uuid:5bef96d8-b7de-4f03-8f8d-b76e0abe4a06"/>
          <timestamp value="2024-09-17T23:39:20+00:00"/>
          <total value="0"/>
          <offset value="0"/>
          <parameter>
            <name value="count"/>
            <valueInteger value="1000"/>
          </parameter>
          <parameter>
            <name value="offset"/>
            <valueInteger value="0"/>
          </parameter>
          <parameter>
            <name value="excludeNested"/>
            <valueBoolean value="false"/>
          </parameter>
          <parameter>
            <name value="used-valueset"/>
            <valueUri value="null"/>
          </parameter>
          <parameter>
            <name value="used-codesystem"/>
            <valueUri value="http://loinc.org|2.78"/>
          </parameter>
          <parameter>
            <name value="version"/>
            <valueUri value="http://loinc.org|2.78"/>
          </parameter>
        </expansion>
      </ValueSet>
    </resource>
  </entry>
  <entry>
    <fullUrl value="http://mtnlotus.com/uv/pco/ValueSet/pco-category-valueset"/>
    <resource>
      <ValueSet>
        <text>
          <status value="generated"/>
          <div xmlns="http://www.w3.org/1999/xhtml">
            <p class="res-header-id">
              <b>Generated Narrative: ValueSet </b>
            </p>
            <div style="border: black 1px dotted; background-color: #EEEEEE; padding: 8px; margin-bottom: 8px">
              <p>Expansion based on:</p>
              <ul>
                <li>
                  <a href="CodeSystem-ncqa-goal-domains.html">codesystem NCQA Goal Domains v0.1.0 (CodeSystem)</a>
                </li>
                <li>
                  <a href="CodeSystem-va-whole-health.html">codesystem VA Whole Health Concepts v0.1.0 (CodeSystem)</a>
                </li>
              </ul>
            </div>
            <p>This value set contains 21 concepts</p>
            <table class="codes">
              <tr>
                <td style="white-space:nowrap">
                  <b>Code</b>
                </td>
                <td>
                  <b>System</b>
                </td>
                <td>
                  <b>Display</b>
                </td>
                <td>
                  <b>Definition</b>
                </td>
              </tr>
              <tr>
                <td style="white-space:nowrap">
                  <a name="x-http://mtnlotus.com/uv/pco/CodeSystem/ncqa-goal-domains-housing"> </a>  
                  <a href="CodeSystem-ncqa-goal-domains.html#ncqa-goal-domains-housing">housing</a>
                </td>
                <td>http://mtnlotus.com/uv/pco/CodeSystem/ncqa-goal-domains</td>
                <td>Housing</td>
                <td>
                  <div>
                    <p>Having acceptable housing that is appropriate for a person's needs.</p>

                  </div>
                </td>
              </tr>
              <tr>
                <td style="white-space:nowrap">
                  <a name="x-http://mtnlotus.com/uv/pco/CodeSystem/ncqa-goal-domains-access-to-services"> </a>  
                  <a href="CodeSystem-ncqa-goal-domains.html#ncqa-goal-domains-access-to-services">access-to-services</a>
                </td>
                <td>http://mtnlotus.com/uv/pco/CodeSystem/ncqa-goal-domains</td>
                <td>Access To Services</td>
                <td>
                  <div>
                    <p>Ability to access, afford, and utilize appropriate health and community resources. Includes access to transportation, stable food resources, and assistance with financial concerns.</p>

                  </div>
                </td>
              </tr>
              <tr>
                <td style="white-space:nowrap">
                  <a name="x-http://mtnlotus.com/uv/pco/CodeSystem/ncqa-goal-domains-caregiver-needs"> </a>  
                  <a href="CodeSystem-ncqa-goal-domains.html#ncqa-goal-domains-caregiver-needs">caregiver-needs</a>
                </td>
                <td>http://mtnlotus.com/uv/pco/CodeSystem/ncqa-goal-domains</td>
                <td>Caregiver Needs</td>
                <td>
                  <div/>
                </td>
              </tr>
              <tr>
                <td style="white-space:nowrap">
                  <a name="x-http://mtnlotus.com/uv/pco/CodeSystem/ncqa-goal-domains-end-of-life"> </a>  
                  <a href="CodeSystem-ncqa-goal-domains.html#ncqa-goal-domains-end-of-life">end-of-life</a>
                </td>
                <td>http://mtnlotus.com/uv/pco/CodeSystem/ncqa-goal-domains</td>
                <td>End Of Life</td>
                <td>
                  <div>
                    <p>Planning for end-of-life care and desires to reduce burden on family or others.</p>

                  </div>
                </td>
              </tr>
              <tr>
                <td style="white-space:nowrap">
                  <a name="x-http://mtnlotus.com/uv/pco/CodeSystem/ncqa-goal-domains-independence"> </a>  
                  <a href="CodeSystem-ncqa-goal-domains.html#ncqa-goal-domains-independence">independence</a>
                </td>
                <td>http://mtnlotus.com/uv/pco/CodeSystem/ncqa-goal-domains</td>
                <td>Independence</td>
                <td>
                  <div>
                    <p>Ability to live independently without help or assistance from others.</p>

                  </div>
                </td>
              </tr>
              <tr>
                <td style="white-space:nowrap">
                  <a name="x-http://mtnlotus.com/uv/pco/CodeSystem/ncqa-goal-domains-legal"> </a>  
                  <a href="CodeSystem-ncqa-goal-domains.html#ncqa-goal-domains-legal">legal</a>
                </td>
                <td>http://mtnlotus.com/uv/pco/CodeSystem/ncqa-goal-domains</td>
                <td>Legal</td>
                <td>
                  <div>
                    <p>Having adequate support for legal issues such as child custody, medical power of attorney, etc.</p>

                  </div>
                </td>
              </tr>
              <tr>
                <td style="white-space:nowrap">
                  <a name="x-http://mtnlotus.com/uv/pco/CodeSystem/ncqa-goal-domains-managing-conditions"> </a>  
                  <a href="CodeSystem-ncqa-goal-domains.html#ncqa-goal-domains-managing-conditions">managing-conditions</a>
                </td>
                <td>http://mtnlotus.com/uv/pco/CodeSystem/ncqa-goal-domains</td>
                <td>Managing Conditions</td>
                <td>
                  <div>
                    <p>Satisfaction with health care received or desired, and experiences with providers and the health care system.</p>

                  </div>
                </td>
              </tr>
              <tr>
                <td style="white-space:nowrap">
                  <a name="x-http://mtnlotus.com/uv/pco/CodeSystem/ncqa-goal-domains-medication-management"> </a>  
                  <a href="CodeSystem-ncqa-goal-domains.html#ncqa-goal-domains-medication-management">medication-management</a>
                </td>
                <td>http://mtnlotus.com/uv/pco/CodeSystem/ncqa-goal-domains</td>
                <td>Medication Management</td>
                <td>
                  <div>
                    <p>Satisfaction with ability to manage medications.</p>

                  </div>
                </td>
              </tr>
              <tr>
                <td style="white-space:nowrap">
                  <a name="x-http://mtnlotus.com/uv/pco/CodeSystem/ncqa-goal-domains-improving-health-and-wellness"> </a>  
                  <a href="CodeSystem-ncqa-goal-domains.html#ncqa-goal-domains-improving-health-and-wellness">improving-health-and-wellness</a>
                </td>
                <td>http://mtnlotus.com/uv/pco/CodeSystem/ncqa-goal-domains</td>
                <td>Improving Health And Wellness</td>
                <td>
                  <div>
                    <p>Ability to develop, improve and maintain positive health and wellness habits.</p>

                  </div>
                </td>
              </tr>
              <tr>
                <td style="white-space:nowrap">
                  <a name="x-http://mtnlotus.com/uv/pco/CodeSystem/ncqa-goal-domains-physical-function"> </a>  
                  <a href="CodeSystem-ncqa-goal-domains.html#ncqa-goal-domains-physical-function">physical-function</a>
                </td>
                <td>http://mtnlotus.com/uv/pco/CodeSystem/ncqa-goal-domains</td>
                <td>Physical Function</td>
                <td>
                  <div>
                    <p>Ability to manage physical functioning, physical symptoms or conditions, and improve or maintain ability to participate in physical activities.</p>

                  </div>
                </td>
              </tr>
              <tr>
                <td style="white-space:nowrap">
                  <a name="x-http://mtnlotus.com/uv/pco/CodeSystem/ncqa-goal-domains-social-functioning"> </a>  
                  <a href="CodeSystem-ncqa-goal-domains.html#ncqa-goal-domains-social-functioning">social-functioning</a>
                </td>
                <td>http://mtnlotus.com/uv/pco/CodeSystem/ncqa-goal-domains</td>
                <td>Social Functioning</td>
                <td>
                  <div/>
                </td>
              </tr>
              <tr>
                <td style="white-space:nowrap">
                  <a name="x-http://mtnlotus.com/uv/pco/CodeSystem/ncqa-goal-domains-emotional-and-mental-health"> </a>  
                  <a href="CodeSystem-ncqa-goal-domains.html#ncqa-goal-domains-emotional-and-mental-health">emotional-and-mental-health</a>
                </td>
                <td>http://mtnlotus.com/uv/pco/CodeSystem/ncqa-goal-domains</td>
                <td>Emotional And Mental Health</td>
                <td>
                  <div/>
                </td>
              </tr>
              <tr>
                <td style="white-space:nowrap">
                  <a name="x-http://mtnlotus.com/uv/pco/CodeSystem/va-whole-health-body"> </a>  
                  <a href="CodeSystem-va-whole-health.html#va-whole-health-body">body</a>
                </td>
                <td>http://mtnlotus.com/uv/pco/CodeSystem/va-whole-health</td>
                <td>Moving the Body</td>
                <td>
                  <div>
                    <p>Our physical, mental, and emotional health are impacted by the amount and kind of movement we do. Moving the body can take many forms such as dancing, walking, gardening, yoga, and exercise.</p>

                  </div>
                </td>
              </tr>
              <tr>
                <td style="white-space:nowrap">
                  <a name="x-http://mtnlotus.com/uv/pco/CodeSystem/va-whole-health-mind"> </a>  
                  <a href="CodeSystem-va-whole-health.html#va-whole-health-mind">mind</a>
                </td>
                <td>http://mtnlotus.com/uv/pco/CodeSystem/va-whole-health</td>
                <td>Power of the Mind</td>
                <td>
                  <div>
                    <p>Our thoughts are powerful and can affect our physical, mental, and emotional health. Changing our mindset can aid in healing and coping. Breathing techniques, guided imagery, Tai Chi, yoga, or gratitude can buffer the impact of stress and other emotions.</p>

                  </div>
                </td>
              </tr>
              <tr>
                <td style="white-space:nowrap">
                  <a name="x-http://mtnlotus.com/uv/pco/CodeSystem/va-whole-health-nourishment"> </a>  
                  <a href="CodeSystem-va-whole-health.html#va-whole-health-nourishment">nourishment</a>
                </td>
                <td>http://mtnlotus.com/uv/pco/CodeSystem/va-whole-health</td>
                <td>Food &amp; Drink</td>
                <td>
                  <div>
                    <p>What we eat and drink can have a huge effect on how we experience life, both physically and mentally. Energy, mood, weight, how long we live, and overall health are all impacted by what and how we choose to eat and drink.</p>

                  </div>
                </td>
              </tr>
              <tr>
                <td style="white-space:nowrap">
                  <a name="x-http://mtnlotus.com/uv/pco/CodeSystem/va-whole-health-recharge"> </a>  
                  <a href="CodeSystem-va-whole-health.html#va-whole-health-recharge">recharge</a>
                </td>
                <td>http://mtnlotus.com/uv/pco/CodeSystem/va-whole-health</td>
                <td>Recharge</td>
                <td>
                  <div>
                    <p>Our bodies and minds must rest and recharge in order to optimize our health. Getting a good night's rest, as well as recharging our mental and physical energy throughout the day, are vital to well-being. Taking short breaks or doing something you enjoy or feels good for moments throughout the day are examples of ways to refresh.</p>

                  </div>
                </td>
              </tr>
              <tr>
                <td style="white-space:nowrap">
                  <a name="x-http://mtnlotus.com/uv/pco/CodeSystem/va-whole-health-surroundings"> </a>  
                  <a href="CodeSystem-va-whole-health.html#va-whole-health-surroundings">surroundings</a>
                </td>
                <td>http://mtnlotus.com/uv/pco/CodeSystem/va-whole-health</td>
                <td>Surroundings</td>
                <td>
                  <div>
                    <p>Our surroundings, both at work and where we live, indoors and out, can affect our health and outlook on life. Changes within our control such as organizing, decluttering, adding a plant or artwork can improve mood and health.</p>

                  </div>
                </td>
              </tr>
              <tr>
                <td style="white-space:nowrap">
                  <a name="x-http://mtnlotus.com/uv/pco/CodeSystem/va-whole-health-personal-development"> </a>  
                  <a href="CodeSystem-va-whole-health.html#va-whole-health-personal-development">personal-development</a>
                </td>
                <td>http://mtnlotus.com/uv/pco/CodeSystem/va-whole-health</td>
                <td>Personal Development</td>
                <td>
                  <div>
                    <p>Our health is impacted by how we choose to spend our time. Aligning our work and personal activities with what really matters to us, or what brings us joy, can have a big effect on our health and outlook on life.</p>

                  </div>
                </td>
              </tr>
              <tr>
                <td style="white-space:nowrap">
                  <a name="x-http://mtnlotus.com/uv/pco/CodeSystem/va-whole-health-spirit-and-soul"> </a>  
                  <a href="CodeSystem-va-whole-health.html#va-whole-health-spirit-and-soul">spirit-and-soul</a>
                </td>
                <td>http://mtnlotus.com/uv/pco/CodeSystem/va-whole-health</td>
                <td>Spirit &amp; Soul</td>
                <td>
                  <div>
                    <p>Connecting with something greater than ourselves may provide a sense of meaning and purpose, peace, or comfort. Connecting and aligning spiritually is very individual and may take the form of religious affiliation, connection to nature, or engaging in things like music or art.</p>

                  </div>
                </td>
              </tr>
              <tr>
                <td style="white-space:nowrap">
                  <a name="x-http://mtnlotus.com/uv/pco/CodeSystem/va-whole-health-relationships"> </a>  
                  <a href="CodeSystem-va-whole-health.html#va-whole-health-relationships">relationships</a>
                </td>
                <td>http://mtnlotus.com/uv/pco/CodeSystem/va-whole-health</td>
                <td>Family, Friends &amp; Co-Workers</td>
                <td>
                  <div>
                    <p>Our relationships, including those with pets, have as significant an effect on our physical and emotional health as any other factor associated with well-being. Spending more time in relationships that &quot;fuel&quot; us and less in relationships that &quot;drain&quot; us is one potential option. Improving our relationship skills or creating new relationships through community activities are other options to consider.</p>

                  </div>
                </td>
              </tr>
              <tr>
                <td style="white-space:nowrap">
                  <a name="x-http://mtnlotus.com/uv/pco/CodeSystem/va-whole-health-professional-care"> </a>  
                  <a href="CodeSystem-va-whole-health.html#va-whole-health-professional-care">professional-care</a>
                </td>
                <td>http://mtnlotus.com/uv/pco/CodeSystem/va-whole-health</td>
                <td>Professional Care</td>
                <td>
                  <div>
                    <p>Staying up to date on prevention and understanding your health concerns, care options, treatment plan, and their role in your health.</p>

                  </div>
                </td>
              </tr>
            </table>
          </div>
        </text>
        <url value="http://mtnlotus.com/uv/pco/ValueSet/pco-category-valueset"/>
        <version value="0.1.0"/>
        <name value="PCOCategoryValueSet"/>
        <title value="PCO Categories"/>
        <status value="draft"/>
        <experimental value="false"/>
        <date value="2024-09-17T23:38:01+00:00"/>
        <jurisdiction>
          <coding>
            <system value="http://unstats.un.org/unsd/methods/m49/m49.htm"/>
            <code value="001"/>
            <display value="World"/>
          </coding>
        </jurisdiction>
        <expansion>
          <identifier value="urn:uuid:6641c57b-5d7b-4013-b1bf-84c41ceb504e"/>
          <timestamp value="2024-09-17T23:39:21+00:00"/>
          <total value="21"/>
          <offset value="0"/>
          <parameter>
            <name value="count"/>
            <valueInteger value="1000"/>
          </parameter>
          <parameter>
            <name value="offset"/>
            <valueInteger value="0"/>
          </parameter>
          <parameter>
            <name value="excludeNested"/>
            <valueBoolean value="false"/>
          </parameter>
          <parameter>
            <name value="used-codesystem"/>
            <valueUri value="http://mtnlotus.com/uv/pco/CodeSystem/ncqa-goal-domains|0.1.0"/>
          </parameter>
          <parameter>
            <name value="used-codesystem"/>
            <valueUri value="http://mtnlotus.com/uv/pco/CodeSystem/va-whole-health|0.1.0"/>
          </parameter>
          <contains>
            <system value="http://mtnlotus.com/uv/pco/CodeSystem/ncqa-goal-domains"/>
            <code value="housing"/>
            <display value="Housing"/>
          </contains>
          <contains>
            <system value="http://mtnlotus.com/uv/pco/CodeSystem/ncqa-goal-domains"/>
            <code value="access-to-services"/>
            <display value="Access To Services"/>
          </contains>
          <contains>
            <system value="http://mtnlotus.com/uv/pco/CodeSystem/ncqa-goal-domains"/>
            <code value="caregiver-needs"/>
            <display value="Caregiver Needs"/>
          </contains>
          <contains>
            <system value="http://mtnlotus.com/uv/pco/CodeSystem/ncqa-goal-domains"/>
            <code value="end-of-life"/>
            <display value="End Of Life"/>
          </contains>
          <contains>
            <system value="http://mtnlotus.com/uv/pco/CodeSystem/ncqa-goal-domains"/>
            <code value="independence"/>
            <display value="Independence"/>
          </contains>
          <contains>
            <system value="http://mtnlotus.com/uv/pco/CodeSystem/ncqa-goal-domains"/>
            <code value="legal"/>
            <display value="Legal"/>
          </contains>
          <contains>
            <system value="http://mtnlotus.com/uv/pco/CodeSystem/ncqa-goal-domains"/>
            <code value="managing-conditions"/>
            <display value="Managing Conditions"/>
          </contains>
          <contains>
            <system value="http://mtnlotus.com/uv/pco/CodeSystem/ncqa-goal-domains"/>
            <code value="medication-management"/>
            <display value="Medication Management"/>
          </contains>
          <contains>
            <system value="http://mtnlotus.com/uv/pco/CodeSystem/ncqa-goal-domains"/>
            <code value="improving-health-and-wellness"/>
            <display value="Improving Health And Wellness"/>
          </contains>
          <contains>
            <system value="http://mtnlotus.com/uv/pco/CodeSystem/ncqa-goal-domains"/>
            <code value="physical-function"/>
            <display value="Physical Function"/>
          </contains>
          <contains>
            <system value="http://mtnlotus.com/uv/pco/CodeSystem/ncqa-goal-domains"/>
            <code value="social-functioning"/>
            <display value="Social Functioning"/>
          </contains>
          <contains>
            <system value="http://mtnlotus.com/uv/pco/CodeSystem/ncqa-goal-domains"/>
            <code value="emotional-and-mental-health"/>
            <display value="Emotional And Mental Health"/>
          </contains>
          <contains>
            <system value="http://mtnlotus.com/uv/pco/CodeSystem/va-whole-health"/>
            <code value="body"/>
            <display value="Moving the Body"/>
          </contains>
          <contains>
            <system value="http://mtnlotus.com/uv/pco/CodeSystem/va-whole-health"/>
            <code value="mind"/>
            <display value="Power of the Mind"/>
          </contains>
          <contains>
            <system value="http://mtnlotus.com/uv/pco/CodeSystem/va-whole-health"/>
            <code value="nourishment"/>
            <display value="Food &amp; Drink"/>
          </contains>
          <contains>
            <system value="http://mtnlotus.com/uv/pco/CodeSystem/va-whole-health"/>
            <code value="recharge"/>
            <display value="Recharge"/>
          </contains>
          <contains>
            <system value="http://mtnlotus.com/uv/pco/CodeSystem/va-whole-health"/>
            <code value="surroundings"/>
            <display value="Surroundings"/>
          </contains>
          <contains>
            <system value="http://mtnlotus.com/uv/pco/CodeSystem/va-whole-health"/>
            <code value="personal-development"/>
            <display value="Personal Development"/>
          </contains>
          <contains>
            <system value="http://mtnlotus.com/uv/pco/CodeSystem/va-whole-health"/>
            <code value="spirit-and-soul"/>
            <display value="Spirit &amp; Soul"/>
          </contains>
          <contains>
            <system value="http://mtnlotus.com/uv/pco/CodeSystem/va-whole-health"/>
            <code value="relationships"/>
            <display value="Family, Friends &amp; Co-Workers"/>
          </contains>
          <contains>
            <system value="http://mtnlotus.com/uv/pco/CodeSystem/va-whole-health"/>
            <code value="professional-care"/>
            <display value="Professional Care"/>
          </contains>
        </expansion>
      </ValueSet>
    </resource>
  </entry>
  <entry>
    <fullUrl value="http://mtnlotus.com/uv/pco/ValueSet/prom-target-measures"/>
    <resource>
      <ValueSet>
        <text>
          <status value="generated"/>
          <div xmlns="http://www.w3.org/1999/xhtml">
            <p class="res-header-id">
              <b>Generated Narrative: ValueSet </b>
            </p>
            <p style="border: black 1px dotted; background-color: #EEEEEE; padding: 8px; margin-bottom: 8px">Expansion based on Loinc v2.78</p>
            <p>This value set contains 12 concepts</p>
            <table class="codes">
              <tr>
                <td style="white-space:nowrap">
                  <b>Code</b>
                </td>
                <td>
                  <b>System</b>
                </td>
                <td>
                  <b>Display</b>
                </td>
              </tr>
              <tr>
                <td style="white-space:nowrap">
                  <a name="x-http://loinc.org-70274-6"> </a>  
                  <a href="https://loinc.org/70274-6/">70274-6</a>
                </td>
                <td>http://loinc.org</td>
                <td>Generalized anxiety disorder 7 item (GAD-7) total score [Reported.PHQ]</td>
              </tr>
              <tr>
                <td style="white-space:nowrap">
                  <a name="x-http://loinc.org-44261-6"> </a>  
                  <a href="https://loinc.org/44261-6/">44261-6</a>
                </td>
                <td>http://loinc.org</td>
                <td>Patient Health Questionnaire 9 item (PHQ-9) total score [Reported]</td>
              </tr>
              <tr>
                <td style="white-space:nowrap">
                  <a name="x-http://loinc.org-91614-8"> </a>  
                  <a href="https://loinc.org/91614-8/">91614-8</a>
                </td>
                <td>http://loinc.org</td>
                <td>PROMIS mobility - version 2.0 T-score</td>
              </tr>
              <tr>
                <td style="white-space:nowrap">
                  <a name="x-http://loinc.org-89676-1"> </a>  
                  <a href="https://loinc.org/89676-1/">89676-1</a>
                </td>
                <td>http://loinc.org</td>
                <td>PROMIS cancer fatigue - version 1.0 T-score</td>
              </tr>
              <tr>
                <td style="white-space:nowrap">
                  <a name="x-http://loinc.org-71969-0"> </a>  
                  <a href="https://loinc.org/71969-0/">71969-0</a>
                </td>
                <td>http://loinc.org</td>
                <td>PROMIS-10 Global Mental Health (GMH) score T-score</td>
              </tr>
              <tr>
                <td style="white-space:nowrap">
                  <a name="x-http://loinc.org-71971-6"> </a>  
                  <a href="https://loinc.org/71971-6/">71971-6</a>
                </td>
                <td>http://loinc.org</td>
                <td>PROMIS-10 Global Physical Health (GPH) score T-score</td>
              </tr>
              <tr>
                <td style="white-space:nowrap">
                  <a name="x-http://loinc.org-71955-9"> </a>  
                  <a href="https://loinc.org/71955-9/">71955-9</a>
                </td>
                <td>http://loinc.org</td>
                <td>PROMIS-29 Sleep disturbance score T-score</td>
              </tr>
              <tr>
                <td style="white-space:nowrap">
                  <a name="x-http://loinc.org-71957-5"> </a>  
                  <a href="https://loinc.org/71957-5/">71957-5</a>
                </td>
                <td>http://loinc.org</td>
                <td>PROMIS-29 Satisfaction with participation in social roles score T-score</td>
              </tr>
              <tr>
                <td style="white-space:nowrap">
                  <a name="x-http://loinc.org-71959-1"> </a>  
                  <a href="https://loinc.org/71959-1/">71959-1</a>
                </td>
                <td>http://loinc.org</td>
                <td>PROMIS-29 Physical function score T-score</td>
              </tr>
              <tr>
                <td style="white-space:nowrap">
                  <a name="x-http://loinc.org-71961-7"> </a>  
                  <a href="https://loinc.org/71961-7/">71961-7</a>
                </td>
                <td>http://loinc.org</td>
                <td>PROMIS-29 Pain interference score T-score</td>
              </tr>
              <tr>
                <td style="white-space:nowrap">
                  <a name="x-http://loinc.org-71963-3"> </a>  
                  <a href="https://loinc.org/71963-3/">71963-3</a>
                </td>
                <td>http://loinc.org</td>
                <td>PROMIS-29 Fatigue score T-score</td>
              </tr>
              <tr>
                <td style="white-space:nowrap">
                  <a name="x-http://loinc.org-71965-8"> </a>  
                  <a href="https://loinc.org/71965-8/">71965-8</a>
                </td>
                <td>http://loinc.org</td>
                <td>PROMIS-29 Depression score T-score</td>
              </tr>
            </table>
          </div>
        </text>
        <url value="http://mtnlotus.com/uv/pco/ValueSet/prom-target-measures"/>
        <version value="0.1.0"/>
        <name value="PROMTargetMeasures"/>
        <title value="PROM Target Measures"/>
        <status value="draft"/>
        <experimental value="false"/>
        <date value="2024-09-17T23:38:01+00:00"/>
        <jurisdiction>
          <coding>
            <system value="http://unstats.un.org/unsd/methods/m49/m49.htm"/>
            <code value="001"/>
            <display value="World"/>
          </coding>
        </jurisdiction>
        <expansion>
          <identifier value="urn:uuid:0e2a1eb4-73f0-4287-b3ad-5f3670131f07"/>
          <timestamp value="2024-09-17T23:39:21+00:00"/>
          <total value="12"/>
          <offset value="0"/>
          <parameter>
            <name value="count"/>
            <valueInteger value="1000"/>
          </parameter>
          <parameter>
            <name value="offset"/>
            <valueInteger value="0"/>
          </parameter>
          <parameter>
            <name value="excludeNested"/>
            <valueBoolean value="false"/>
          </parameter>
          <parameter>
            <name value="used-valueset"/>
            <valueUri value="null"/>
          </parameter>
          <parameter>
            <name value="used-codesystem"/>
            <valueUri value="http://loinc.org|2.78"/>
          </parameter>
          <parameter>
            <name value="version"/>
            <valueUri value="http://loinc.org|2.78"/>
          </parameter>
          <contains>
            <system value="http://loinc.org"/>
            <code value="70274-6"/>
            <display value="Generalized anxiety disorder 7 item (GAD-7) total score [Reported.PHQ]"/>
          </contains>
          <contains>
            <system value="http://loinc.org"/>
            <code value="44261-6"/>
            <display value="Patient Health Questionnaire 9 item (PHQ-9) total score [Reported]"/>
          </contains>
          <contains>
            <system value="http://loinc.org"/>
            <code value="91614-8"/>
            <display value="PROMIS mobility - version 2.0 T-score"/>
          </contains>
          <contains>
            <system value="http://loinc.org"/>
            <code value="89676-1"/>
            <display value="PROMIS cancer fatigue - version 1.0 T-score"/>
          </contains>
          <contains>
            <system value="http://loinc.org"/>
            <code value="71969-0"/>
            <display value="PROMIS-10 Global Mental Health (GMH) score T-score"/>
          </contains>
          <contains>
            <system value="http://loinc.org"/>
            <code value="71971-6"/>
            <display value="PROMIS-10 Global Physical Health (GPH) score T-score"/>
          </contains>
          <contains>
            <system value="http://loinc.org"/>
            <code value="71955-9"/>
            <display value="PROMIS-29 Sleep disturbance score T-score"/>
          </contains>
          <contains>
            <system value="http://loinc.org"/>
            <code value="71957-5"/>
            <display value="PROMIS-29 Satisfaction with participation in social roles score T-score"/>
          </contains>
          <contains>
            <system value="http://loinc.org"/>
            <code value="71959-1"/>
            <display value="PROMIS-29 Physical function score T-score"/>
          </contains>
          <contains>
            <system value="http://loinc.org"/>
            <code value="71961-7"/>
            <display value="PROMIS-29 Pain interference score T-score"/>
          </contains>
          <contains>
            <system value="http://loinc.org"/>
            <code value="71963-3"/>
            <display value="PROMIS-29 Fatigue score T-score"/>
          </contains>
          <contains>
            <system value="http://loinc.org"/>
            <code value="71965-8"/>
            <display value="PROMIS-29 Depression score T-score"/>
          </contains>
        </expansion>
      </ValueSet>
    </resource>
  </entry>
  <entry>
    <fullUrl value="http://mtnlotus.com/uv/pco/ValueSet/what-matters-focus-areas"/>
    <resource>
      <ValueSet>
        <text>
          <status value="generated"/>
          <div xmlns="http://www.w3.org/1999/xhtml">
            <p class="res-header-id">
              <b>Generated Narrative: ValueSet </b>
            </p>
            <p style="border: black 1px dotted; background-color: #EEEEEE; padding: 8px; margin-bottom: 8px">Expansion based on 
              <a href="CodeSystem-va-whole-health.html">codesystem VA Whole Health Concepts v0.1.0 (CodeSystem)</a>
            </p>
            <p>This value set contains 9 concepts</p>
            <table class="codes">
              <tr>
                <td style="white-space:nowrap">
                  <b>Code</b>
                </td>
                <td>
                  <b>System</b>
                </td>
                <td>
                  <b>Display</b>
                </td>
                <td>
                  <b>Definition</b>
                </td>
              </tr>
              <tr>
                <td style="white-space:nowrap">
                  <a name="x-http://mtnlotus.com/uv/pco/CodeSystem/va-whole-health-body"> </a>  
                  <a href="CodeSystem-va-whole-health.html#va-whole-health-body">body</a>
                </td>
                <td>http://mtnlotus.com/uv/pco/CodeSystem/va-whole-health</td>
                <td>Moving the Body</td>
                <td>
                  <div>
                    <p>Our physical, mental, and emotional health are impacted by the amount and kind of movement we do. Moving the body can take many forms such as dancing, walking, gardening, yoga, and exercise.</p>

                  </div>
                </td>
              </tr>
              <tr>
                <td style="white-space:nowrap">
                  <a name="x-http://mtnlotus.com/uv/pco/CodeSystem/va-whole-health-mind"> </a>  
                  <a href="CodeSystem-va-whole-health.html#va-whole-health-mind">mind</a>
                </td>
                <td>http://mtnlotus.com/uv/pco/CodeSystem/va-whole-health</td>
                <td>Power of the Mind</td>
                <td>
                  <div>
                    <p>Our thoughts are powerful and can affect our physical, mental, and emotional health. Changing our mindset can aid in healing and coping. Breathing techniques, guided imagery, Tai Chi, yoga, or gratitude can buffer the impact of stress and other emotions.</p>

                  </div>
                </td>
              </tr>
              <tr>
                <td style="white-space:nowrap">
                  <a name="x-http://mtnlotus.com/uv/pco/CodeSystem/va-whole-health-nourishment"> </a>  
                  <a href="CodeSystem-va-whole-health.html#va-whole-health-nourishment">nourishment</a>
                </td>
                <td>http://mtnlotus.com/uv/pco/CodeSystem/va-whole-health</td>
                <td>Food &amp; Drink</td>
                <td>
                  <div>
                    <p>What we eat and drink can have a huge effect on how we experience life, both physically and mentally. Energy, mood, weight, how long we live, and overall health are all impacted by what and how we choose to eat and drink.</p>

                  </div>
                </td>
              </tr>
              <tr>
                <td style="white-space:nowrap">
                  <a name="x-http://mtnlotus.com/uv/pco/CodeSystem/va-whole-health-recharge"> </a>  
                  <a href="CodeSystem-va-whole-health.html#va-whole-health-recharge">recharge</a>
                </td>
                <td>http://mtnlotus.com/uv/pco/CodeSystem/va-whole-health</td>
                <td>Recharge</td>
                <td>
                  <div>
                    <p>Our bodies and minds must rest and recharge in order to optimize our health. Getting a good night's rest, as well as recharging our mental and physical energy throughout the day, are vital to well-being. Taking short breaks or doing something you enjoy or feels good for moments throughout the day are examples of ways to refresh.</p>

                  </div>
                </td>
              </tr>
              <tr>
                <td style="white-space:nowrap">
                  <a name="x-http://mtnlotus.com/uv/pco/CodeSystem/va-whole-health-surroundings"> </a>  
                  <a href="CodeSystem-va-whole-health.html#va-whole-health-surroundings">surroundings</a>
                </td>
                <td>http://mtnlotus.com/uv/pco/CodeSystem/va-whole-health</td>
                <td>Surroundings</td>
                <td>
                  <div>
                    <p>Our surroundings, both at work and where we live, indoors and out, can affect our health and outlook on life. Changes within our control such as organizing, decluttering, adding a plant or artwork can improve mood and health.</p>

                  </div>
                </td>
              </tr>
              <tr>
                <td style="white-space:nowrap">
                  <a name="x-http://mtnlotus.com/uv/pco/CodeSystem/va-whole-health-personal-development"> </a>  
                  <a href="CodeSystem-va-whole-health.html#va-whole-health-personal-development">personal-development</a>
                </td>
                <td>http://mtnlotus.com/uv/pco/CodeSystem/va-whole-health</td>
                <td>Personal Development</td>
                <td>
                  <div>
                    <p>Our health is impacted by how we choose to spend our time. Aligning our work and personal activities with what really matters to us, or what brings us joy, can have a big effect on our health and outlook on life.</p>

                  </div>
                </td>
              </tr>
              <tr>
                <td style="white-space:nowrap">
                  <a name="x-http://mtnlotus.com/uv/pco/CodeSystem/va-whole-health-spirit-and-soul"> </a>  
                  <a href="CodeSystem-va-whole-health.html#va-whole-health-spirit-and-soul">spirit-and-soul</a>
                </td>
                <td>http://mtnlotus.com/uv/pco/CodeSystem/va-whole-health</td>
                <td>Spirit &amp; Soul</td>
                <td>
                  <div>
                    <p>Connecting with something greater than ourselves may provide a sense of meaning and purpose, peace, or comfort. Connecting and aligning spiritually is very individual and may take the form of religious affiliation, connection to nature, or engaging in things like music or art.</p>

                  </div>
                </td>
              </tr>
              <tr>
                <td style="white-space:nowrap">
                  <a name="x-http://mtnlotus.com/uv/pco/CodeSystem/va-whole-health-relationships"> </a>  
                  <a href="CodeSystem-va-whole-health.html#va-whole-health-relationships">relationships</a>
                </td>
                <td>http://mtnlotus.com/uv/pco/CodeSystem/va-whole-health</td>
                <td>Family, Friends &amp; Co-Workers</td>
                <td>
                  <div>
                    <p>Our relationships, including those with pets, have as significant an effect on our physical and emotional health as any other factor associated with well-being. Spending more time in relationships that &quot;fuel&quot; us and less in relationships that &quot;drain&quot; us is one potential option. Improving our relationship skills or creating new relationships through community activities are other options to consider.</p>

                  </div>
                </td>
              </tr>
              <tr>
                <td style="white-space:nowrap">
                  <a name="x-http://mtnlotus.com/uv/pco/CodeSystem/va-whole-health-professional-care"> </a>  
                  <a href="CodeSystem-va-whole-health.html#va-whole-health-professional-care">professional-care</a>
                </td>
                <td>http://mtnlotus.com/uv/pco/CodeSystem/va-whole-health</td>
                <td>Professional Care</td>
                <td>
                  <div>
                    <p>Staying up to date on prevention and understanding your health concerns, care options, treatment plan, and their role in your health.</p>

                  </div>
                </td>
              </tr>
            </table>
          </div>
        </text>
        <url value="http://mtnlotus.com/uv/pco/ValueSet/what-matters-focus-areas"/>
        <version value="0.1.0"/>
        <name value="WhatMattersFocusAreas"/>
        <title value="What Matters Focus Areas"/>
        <status value="draft"/>
        <experimental value="false"/>
        <date value="2024-09-17T23:38:01+00:00"/>
        <jurisdiction>
          <coding>
            <system value="http://unstats.un.org/unsd/methods/m49/m49.htm"/>
            <code value="001"/>
            <display value="World"/>
          </coding>
        </jurisdiction>
        <expansion>
          <identifier value="urn:uuid:aee55f88-91b8-4ccf-a1e3-4ee6aa1f5c05"/>
          <timestamp value="2024-09-17T23:39:22+00:00"/>
          <total value="9"/>
          <offset value="0"/>
          <parameter>
            <name value="count"/>
            <valueInteger value="1000"/>
          </parameter>
          <parameter>
            <name value="offset"/>
            <valueInteger value="0"/>
          </parameter>
          <parameter>
            <name value="excludeNested"/>
            <valueBoolean value="false"/>
          </parameter>
          <parameter>
            <name value="used-codesystem"/>
            <valueUri value="http://mtnlotus.com/uv/pco/CodeSystem/va-whole-health|0.1.0"/>
          </parameter>
          <contains>
            <system value="http://mtnlotus.com/uv/pco/CodeSystem/va-whole-health"/>
            <code value="body"/>
            <display value="Moving the Body"/>
          </contains>
          <contains>
            <system value="http://mtnlotus.com/uv/pco/CodeSystem/va-whole-health"/>
            <code value="mind"/>
            <display value="Power of the Mind"/>
          </contains>
          <contains>
            <system value="http://mtnlotus.com/uv/pco/CodeSystem/va-whole-health"/>
            <code value="nourishment"/>
            <display value="Food &amp; Drink"/>
          </contains>
          <contains>
            <system value="http://mtnlotus.com/uv/pco/CodeSystem/va-whole-health"/>
            <code value="recharge"/>
            <display value="Recharge"/>
          </contains>
          <contains>
            <system value="http://mtnlotus.com/uv/pco/CodeSystem/va-whole-health"/>
            <code value="surroundings"/>
            <display value="Surroundings"/>
          </contains>
          <contains>
            <system value="http://mtnlotus.com/uv/pco/CodeSystem/va-whole-health"/>
            <code value="personal-development"/>
            <display value="Personal Development"/>
          </contains>
          <contains>
            <system value="http://mtnlotus.com/uv/pco/CodeSystem/va-whole-health"/>
            <code value="spirit-and-soul"/>
            <display value="Spirit &amp; Soul"/>
          </contains>
          <contains>
            <system value="http://mtnlotus.com/uv/pco/CodeSystem/va-whole-health"/>
            <code value="relationships"/>
            <display value="Family, Friends &amp; Co-Workers"/>
          </contains>
          <contains>
            <system value="http://mtnlotus.com/uv/pco/CodeSystem/va-whole-health"/>
            <code value="professional-care"/>
            <display value="Professional Care"/>
          </contains>
        </expansion>
      </ValueSet>
    </resource>
  </entry>
</Bundle>