<?xml version="1.0" encoding="UTF-8"?>

<CodeSystem xmlns="http://hl7.org/fhir">
  <id value="pco-gas-codes-temporary"/>
  <text>
    <status value="generated"/><div xmlns="http://www.w3.org/1999/xhtml"><p class="res-header-id"><b>Generated Narrative: CodeSystem pco-gas-codes-temporary</b></p><a name="pco-gas-codes-temporary"> </a><a name="hcpco-gas-codes-temporary"> </a><a name="pco-gas-codes-temporary-en-US"> </a><p>This case-sensitive code system <code>http://mtnlotus.com/uv/pco/CodeSystem/pco-gas-codes-temporary</code> defines the following codes:</p><table class="codes"><tr><td style="white-space:nowrap"><b>Code</b></td><td><b>Display</b></td></tr><tr><td style="white-space:nowrap">goal-attainment-scaling<a name="pco-gas-codes-temporary-goal-attainment-scaling"> </a></td><td>Goal Attainment Scaling (GAS)</td></tr><tr><td style="white-space:nowrap">patient-gas-much-better-than-expected<a name="pco-gas-codes-temporary-patient-gas-much-better-than-expected"> </a></td><td>Much better than expected</td></tr><tr><td style="white-space:nowrap">patient-gas-better-than-expected<a name="pco-gas-codes-temporary-patient-gas-better-than-expected"> </a></td><td>Better than expected</td></tr><tr><td style="white-space:nowrap">patient-gas-expected-outcome<a name="pco-gas-codes-temporary-patient-gas-expected-outcome"> </a></td><td>Expected outcome</td></tr><tr><td style="white-space:nowrap">patient-gas-less-than-expected<a name="pco-gas-codes-temporary-patient-gas-less-than-expected"> </a></td><td>Less than expected</td></tr><tr><td style="white-space:nowrap">patient-gas-much-less-than-expected<a name="pco-gas-codes-temporary-patient-gas-much-less-than-expected"> </a></td><td>Much less than expected</td></tr><tr><td style="white-space:nowrap">caregiver-gas-much-better-than-expected<a name="pco-gas-codes-temporary-caregiver-gas-much-better-than-expected"> </a></td><td>Much better than expected</td></tr><tr><td style="white-space:nowrap">caregiver-gas-better-than-expected<a name="pco-gas-codes-temporary-caregiver-gas-better-than-expected"> </a></td><td>Better than expected</td></tr><tr><td style="white-space:nowrap">caregiver-gas-expected-outcome<a name="pco-gas-codes-temporary-caregiver-gas-expected-outcome"> </a></td><td>Expected outcome</td></tr><tr><td style="white-space:nowrap">caregiver-gas-less-than-expected<a name="pco-gas-codes-temporary-caregiver-gas-less-than-expected"> </a></td><td>Less than expected</td></tr><tr><td style="white-space:nowrap">caregiver-gas-much-less-than-expected<a name="pco-gas-codes-temporary-caregiver-gas-much-less-than-expected"> </a></td><td>Much less than expected</td></tr><tr><td style="white-space:nowrap">practitioner-gas-much-better-than-expected<a name="pco-gas-codes-temporary-practitioner-gas-much-better-than-expected"> </a></td><td>Much better than expected</td></tr><tr><td style="white-space:nowrap">practitioner-gas-better-than-expected<a name="pco-gas-codes-temporary-practitioner-gas-better-than-expected"> </a></td><td>Better than expected</td></tr><tr><td style="white-space:nowrap">practitioner-gas-expected-outcome<a name="pco-gas-codes-temporary-practitioner-gas-expected-outcome"> </a></td><td>Expected outcome</td></tr><tr><td style="white-space:nowrap">practitioner-gas-less-than-expected<a name="pco-gas-codes-temporary-practitioner-gas-less-than-expected"> </a></td><td>Less than expected</td></tr><tr><td style="white-space:nowrap">practitioner-gas-much-less-than-expected<a name="pco-gas-codes-temporary-practitioner-gas-much-less-than-expected"> </a></td><td>Much less than expected</td></tr></table></div>
  </text>
  <url value="http://mtnlotus.com/uv/pco/CodeSystem/pco-gas-codes-temporary"/>
  <version value="0.1.0"/>
  <name value="PCOGASCodesTemporary"/>
  <title value="Goal Attainment Scaling (GAS) Codes"/>
  <status value="active"/>
  <experimental value="false"/>
  <date value="2024-08-21T16:21:33+00:00"/>
  <publisher value="Mountain Lotus WellBeing LLC"/>
  <contact>
    <name value="Mountain Lotus WellBeing LLC"/>
    <telecom>
      <system value="url"/>
      <value value="http://mtnlotus.com"/>
    </telecom>
  </contact>
  <description value="Temporary code system for GAS codes until publication by LOINC. All of these codes have been submitted to LOINC."/>
  <jurisdiction>
    <coding>
      <system value="http://unstats.un.org/unsd/methods/m49/m49.htm"/>
      <code value="001"/>
      <display value="World"/>
    </coding>
  </jurisdiction>
  <caseSensitive value="true"/>
  <content value="complete"/>
  <count value="16"/>
  <concept>
    <code value="goal-attainment-scaling"/>
    <display value="Goal Attainment Scaling (GAS)"/>
  </concept>
  <concept>
    <code value="patient-gas-much-better-than-expected"/>
    <display value="Much better than expected"/>
  </concept>
  <concept>
    <code value="patient-gas-better-than-expected"/>
    <display value="Better than expected"/>
  </concept>
  <concept>
    <code value="patient-gas-expected-outcome"/>
    <display value="Expected outcome"/>
  </concept>
  <concept>
    <code value="patient-gas-less-than-expected"/>
    <display value="Less than expected"/>
  </concept>
  <concept>
    <code value="patient-gas-much-less-than-expected"/>
    <display value="Much less than expected"/>
  </concept>
  <concept>
    <code value="caregiver-gas-much-better-than-expected"/>
    <display value="Much better than expected"/>
  </concept>
  <concept>
    <code value="caregiver-gas-better-than-expected"/>
    <display value="Better than expected"/>
  </concept>
  <concept>
    <code value="caregiver-gas-expected-outcome"/>
    <display value="Expected outcome"/>
  </concept>
  <concept>
    <code value="caregiver-gas-less-than-expected"/>
    <display value="Less than expected"/>
  </concept>
  <concept>
    <code value="caregiver-gas-much-less-than-expected"/>
    <display value="Much less than expected"/>
  </concept>
  <concept>
    <code value="practitioner-gas-much-better-than-expected"/>
    <display value="Much better than expected"/>
  </concept>
  <concept>
    <code value="practitioner-gas-better-than-expected"/>
    <display value="Better than expected"/>
  </concept>
  <concept>
    <code value="practitioner-gas-expected-outcome"/>
    <display value="Expected outcome"/>
  </concept>
  <concept>
    <code value="practitioner-gas-less-than-expected"/>
    <display value="Less than expected"/>
  </concept>
  <concept>
    <code value="practitioner-gas-much-less-than-expected"/>
    <display value="Much less than expected"/>
  </concept>
</CodeSystem>