<?xml version="1.0" encoding="UTF-8"?>

<CodeSystem xmlns="http://hl7.org/fhir">
  <id value="pco-care-tradeoff-choice-codes"/>
  <text>
    <status value="generated"/><div xmlns="http://www.w3.org/1999/xhtml"><p class="res-header-id"><b>Generated Narrative: CodeSystem pco-care-tradeoff-choice-codes</b></p><a name="pco-care-tradeoff-choice-codes"> </a><a name="hcpco-care-tradeoff-choice-codes"> </a><a name="pco-care-tradeoff-choice-codes-en-US"> </a><p>This case-sensitive code system <code>http://hl7.org/fhir/us/pco/CodeSystem/pco-care-tradeoff-choice-codes</code> defines the following codes:</p><table class="codes"><tr><td style="white-space:nowrap"><b>Code</b></td><td><b>Display</b></td></tr><tr><td style="white-space:nowrap">helpful-care<a name="pco-care-tradeoff-choice-codes-helpful-care"> </a></td><td>Helpful</td></tr><tr><td style="white-space:nowrap">burdensome-care<a name="pco-care-tradeoff-choice-codes-burdensome-care"> </a></td><td>Burdensome</td></tr><tr><td style="white-space:nowrap">willing-to-change<a name="pco-care-tradeoff-choice-codes-willing-to-change"> </a></td><td>Willing to change</td></tr><tr><td style="white-space:nowrap">unwilling-to-change<a name="pco-care-tradeoff-choice-codes-unwilling-to-change"> </a></td><td>Unwilling to change</td></tr></table></div>
  </text>
  <extension url="http://hl7.org/fhir/StructureDefinition/structuredefinition-wg">
    <valueCode value="pc"/>
  </extension>
  <url value="http://hl7.org/fhir/us/pco/CodeSystem/pco-care-tradeoff-choice-codes"/>
  <version value="0.2.0"/>
  <name value="CareTradeOffChoiceCodes"/>
  <title value="Care Trade-off Choices"/>
  <status value="active"/>
  <experimental value="false"/>
  <date value="2025-01-10T15:56:56+00:00"/>
  <publisher value="HL7 International / Patient Care"/>
  <contact>
    <name value="HL7 International / Patient Care"/>
    <telecom>
      <system value="url"/>
      <value value="http://www.hl7.org/Special/committees/patientcare"/>
    </telecom>
    <telecom>
      <system value="email"/>
      <value value="patientcare@lists.HL7.org"/>
    </telecom>
  </contact>
  <description value="Code system to identify care trade-off choices."/>
  <jurisdiction>
    <coding>
      <system value="urn:iso:std:iso:3166"/>
      <code value="US"/>
    </coding>
  </jurisdiction>
  <caseSensitive value="true"/>
  <content value="complete"/>
  <count value="4"/>
  <concept>
    <code value="helpful-care"/>
    <display value="Helpful"/>
  </concept>
  <concept>
    <code value="burdensome-care"/>
    <display value="Burdensome"/>
  </concept>
  <concept>
    <code value="willing-to-change"/>
    <display value="Willing to change"/>
  </concept>
  <concept>
    <code value="unwilling-to-change"/>
    <display value="Unwilling to change"/>
  </concept>
</CodeSystem>