<?xml version="1.0" encoding="UTF-8"?>

<CodeSystem xmlns="http://hl7.org/fhir">
  <id value="mtnlotus-concepts"/>
  <text>
    <status value="generated"/><div xmlns="http://www.w3.org/1999/xhtml"><p class="res-header-id"><b>Generated Narrative: CodeSystem mtnlotus-concepts</b></p><a name="mtnlotus-concepts"> </a><a name="hcmtnlotus-concepts"> </a><a name="mtnlotus-concepts-en-US"> </a><p>This case-sensitive code system <code>http://mtnlotus.com/uv/pco/CodeSystem/mtnlotus-concepts</code> defines the following codes:</p><table class="codes"><tr><td style="white-space:nowrap"><b>Code</b></td><td><b>Display</b></td><td><b>Definition</b></td></tr><tr><td style="white-space:nowrap">body<a name="mtnlotus-concepts-body"> </a></td><td>Healthy Body</td><td>Do you incorporate movement into your life in ways that meet your individual needs, is enjoyable and sustainable?  Do you feel strong, flexible, balanced and happy?</td></tr><tr><td style="white-space:nowrap">mind<a name="mtnlotus-concepts-mind"> </a></td><td>Healthy Mind</td><td>Are you able to adapt to the stress of everyday life?  Do you feel calm and content?</td></tr><tr><td style="white-space:nowrap">nourishment<a name="mtnlotus-concepts-nourishment"> </a></td><td>Nourishment</td><td>Do you use food to fuel your mind and body?</td></tr><tr><td style="white-space:nowrap">sleep<a name="mtnlotus-concepts-sleep"> </a></td><td>Restful Sleep</td><td>Does the quality and quantity of your sleep feel restorative and restful?</td></tr><tr><td style="white-space:nowrap">physical-environment<a name="mtnlotus-concepts-physical-environment"> </a></td><td>Physical Environment</td><td>Does your physical environment support your overall health and wellbeing?</td></tr><tr><td style="white-space:nowrap">fulfillment-purpose<a name="mtnlotus-concepts-fulfillment-purpose"> </a></td><td>Fulfillment &amp; Purpose</td><td>Do you feel a sense of fulfillment and purpose in your life?</td></tr><tr><td style="white-space:nowrap">creativity-play<a name="mtnlotus-concepts-creativity-play"> </a></td><td>Creativity &amp; Play</td><td>Do you make time for things that are inspiring and/or make your heart sing?</td></tr><tr><td style="white-space:nowrap">community<a name="mtnlotus-concepts-community"> </a></td><td>Community</td><td>Do you have deep and meaningful relationships with people or pets in your life and/or community?</td></tr></table></div>
  </text>
  <url value="http://mtnlotus.com/uv/pco/CodeSystem/mtnlotus-concepts"/>
  <version value="0.1.0"/>
  <name value="MtnLotusConcepts"/>
  <title value="My Lotus Lifestyle Concepts"/>
  <status value="active"/>
  <experimental value="false"/>
  <date value="2024-08-28T19:37:38+00:00"/>
  <publisher value="Mountain Lotus WellBeing LLC"/>
  <contact>
    <name value="Mountain Lotus WellBeing LLC"/>
    <telecom>
      <system value="url"/>
      <value value="http://mtnlotus.com"/>
    </telecom>
  </contact>
  <description value="Code system to identify &quot;What Matters&quot; concepts from Mountain Lotus WellBeing."/>
  <jurisdiction>
    <coding>
      <system value="http://unstats.un.org/unsd/methods/m49/m49.htm"/>
      <code value="001"/>
      <display value="World"/>
    </coding>
  </jurisdiction>
  <copyright value="Copyright 2024 Mountain Lotus WellBeing LLC.  All rights reserved."/>
  <caseSensitive value="true"/>
  <content value="complete"/>
  <count value="8"/>
  <concept>
    <code value="body"/>
    <display value="Healthy Body"/>
    <definition value="Do you incorporate movement into your life in ways that meet your individual needs, is enjoyable and sustainable?  Do you feel strong, flexible, balanced and happy?"/>
  </concept>
  <concept>
    <code value="mind"/>
    <display value="Healthy Mind"/>
    <definition value="Are you able to adapt to the stress of everyday life?  Do you feel calm and content?"/>
  </concept>
  <concept>
    <code value="nourishment"/>
    <display value="Nourishment"/>
    <definition value="Do you use food to fuel your mind and body?"/>
  </concept>
  <concept>
    <code value="sleep"/>
    <display value="Restful Sleep"/>
    <definition value="Does the quality and quantity of your sleep feel restorative and restful?"/>
  </concept>
  <concept>
    <code value="physical-environment"/>
    <display value="Physical Environment"/>
    <definition value="Does your physical environment support your overall health and wellbeing?"/>
  </concept>
  <concept>
    <code value="fulfillment-purpose"/>
    <display value="Fulfillment &amp; Purpose"/>
    <definition value="Do you feel a sense of fulfillment and purpose in your life?"/>
  </concept>
  <concept>
    <code value="creativity-play"/>
    <display value="Creativity &amp; Play"/>
    <definition value="Do you make time for things that are inspiring and/or make your heart sing?"/>
  </concept>
  <concept>
    <code value="community"/>
    <display value="Community"/>
    <definition value="Do you have deep and meaningful relationships with people or pets in your life and/or community?"/>
  </concept>
</CodeSystem>