<?xml version="1.0" encoding="UTF-8"?>

<Observation xmlns="http://hl7.org/fhir">
  <id value="pcoWhatMattersBodyExample"/>
  <text>
    <status value="generated"/><div xmlns="http://www.w3.org/1999/xhtml"><p class="res-header-id"><b>Generated Narrative: Observation pcoWhatMattersBodyExample</b></p><a name="pcoWhatMattersBodyExample"> </a><a name="hcpcoWhatMattersBodyExample"> </a><a name="pcoWhatMattersBodyExample-en-US"> </a><p><b>status</b>: Final</p><p><b>category</b>: <span title="Codes:{http://terminology.hl7.org/CodeSystem/observation-category survey}">Survey</span></p><p><b>code</b>: <span title="Codes:{http://mtnlotus.com/uv/pco/CodeSystem/va-whole-health body}">Moving the Body</span></p><p><b>subject</b>: <a href="Patient-pcoPatientJones.html">Dorothy Jones  Female, DoB: 1947-11-25 ( http://example.org#ee8d4ac0-545c-4501-8d7e-646bfbda1db5 (use: official, ))</a></p><p><b>effective</b>: 2024-03-27 15:10:00+0000</p><p><b>performer</b>: <a href="Patient-pcoPatientJones.html">Dorothy Jones  Female, DoB: 1947-11-25 ( http://example.org#ee8d4ac0-545c-4501-8d7e-646bfbda1db5 (use: official, ))</a></p><blockquote><p><b>component</b></p><p><b>code</b>: <span title="Codes:{http://mtnlotus.com/uv/pco/CodeSystem/what-matters-rating now-rating}">Now Rating</span></p><p><b>value</b>: 2</p></blockquote><blockquote><p><b>component</b></p><p><b>code</b>: <span title="Codes:{http://mtnlotus.com/uv/pco/CodeSystem/what-matters-rating now-reasons}">Now Reasons</span></p><p><b>value</b>: My knee pain prevents me from walking.</p></blockquote><blockquote><p><b>component</b></p><p><b>code</b>: <span title="Codes:{http://mtnlotus.com/uv/pco/CodeSystem/what-matters-rating future-rating}">Future Rating</span></p><p><b>value</b>: 7</p></blockquote></div>
  </text>
  <status value="final"/>
  <category>
    <coding>
      <system value="http://terminology.hl7.org/CodeSystem/observation-category"/>
      <code value="survey"/>
    </coding>
  </category>
  <code>
    <coding>
      <system value="http://mtnlotus.com/uv/pco/CodeSystem/va-whole-health"/>
      <code value="body"/>
      <display value="Moving the Body"/>
    </coding>
  </code>
  <subject>
    <reference value="Patient/pcoPatientJones"/>
  </subject>
  <effectiveDateTime value="2024-03-27T15:10:00Z"/>
  <performer>
    <reference value="Patient/pcoPatientJones"/>
  </performer>
  <component>
    <code>
      <coding>
        <system value="http://mtnlotus.com/uv/pco/CodeSystem/what-matters-rating"/>
        <code value="now-rating"/>
      </coding>
    </code>
    <valueInteger value="2"/>
  </component>
  <component>
    <code>
      <coding>
        <system value="http://mtnlotus.com/uv/pco/CodeSystem/what-matters-rating"/>
        <code value="now-reasons"/>
      </coding>
    </code>
    <valueString value="My knee pain prevents me from walking."/>
  </component>
  <component>
    <code>
      <coding>
        <system value="http://mtnlotus.com/uv/pco/CodeSystem/what-matters-rating"/>
        <code value="future-rating"/>
      </coding>
    </code>
    <valueInteger value="7"/>
  </component>
</Observation>