<?xml version="1.0" encoding="UTF-8"?>

<Observation xmlns="http://hl7.org/fhir">
  <id value="ppcWhatMattersTakingCareOfFamily"/>
  <text>
    <status value="generated"/><div xmlns="http://www.w3.org/1999/xhtml"><p class="res-header-id"><b>Generated Narrative: Observation ppcWhatMattersTakingCareOfFamily</b></p><a name="ppcWhatMattersTakingCareOfFamily"> </a><a name="hcppcWhatMattersTakingCareOfFamily"> </a><a name="ppcWhatMattersTakingCareOfFamily-en-US"> </a><p><b>status</b>: Final</p><p><b>category</b>: <span title="Codes:{http://hl7.org/fhir/us/pco/CodeSystem/wellbeing-concepts what-matters}">What Matters</span>, <span title="Codes:{http://terminology.hl7.org/CodeSystem/observation-category survey}">Survey</span></p><p><b>code</b>: <span title="Codes:{http://hl7.org/fhir/us/pco/CodeSystem/ppc-what-matters-concepts ppc-wm-4}">Taking care of family and friends and/or pets in my life</span></p><p><b>subject</b>: <a href="Patient-ppcPatientMrK.html">Mr. K  Male, DoB: 1948-10-07 ( http://example.org#ee8d4ac0-545c-4501-8d7e-646bfbda1dz4 (use: official, ))</a></p><p><b>effective</b>: 2025-01-02 15:05:00+0000</p><p><b>performer</b>: <a href="Patient-ppcPatientMrK.html">Mr. K  Male, DoB: 1948-10-07 ( http://example.org#ee8d4ac0-545c-4501-8d7e-646bfbda1dz4 (use: official, ))</a></p><p><b>value</b>: true</p></div>
  </text>
  <status value="final"/>
  <category>
    <coding>
      <system value="http://hl7.org/fhir/us/pco/CodeSystem/wellbeing-concepts"/>
      <code value="what-matters"/>
      <display value="What Matters"/>
    </coding>
  </category>
  <category>
    <coding>
      <system value="http://terminology.hl7.org/CodeSystem/observation-category"/>
      <code value="survey"/>
    </coding>
  </category>
  <code>
    <coding>
      <system value="http://hl7.org/fhir/us/pco/CodeSystem/ppc-what-matters-concepts"/>
      <code value="ppc-wm-4"/>
      <display value="Taking care of family and friends and/or pets in my life"/>
    </coding>
  </code>
  <subject>
    <reference value="Patient/ppcPatientMrK"/>
  </subject>
  <effectiveDateTime value="2025-01-02T15:05:00Z"/>
  <performer>
    <reference value="Patient/ppcPatientMrK"/>
  </performer>
  <valueBoolean value="true"/>
</Observation>