<?xml version="1.0" encoding="UTF-8"?>

<Observation xmlns="http://hl7.org/fhir">
  <id value="ppcCareTradeOffBothersome"/>
  <text>
    <status value="generated"/><div xmlns="http://www.w3.org/1999/xhtml"><p class="res-header-id"><b>Generated Narrative: Observation ppcCareTradeOffBothersome</b></p><a name="ppcCareTradeOffBothersome"> </a><a name="hcppcCareTradeOffBothersome"> </a><a name="ppcCareTradeOffBothersome-en-US"> </a><p><b>status</b>: Final</p><p><b>category</b>: <span title="Codes:{http://terminology.hl7.org/CodeSystem/observation-category survey}">Survey</span></p><p><b>code</b>: <span title="Codes:{http://hl7.org/fhir/us/pco/CodeSystem/pco-care-tradeoff-choice-codes bothersome-care}">Bothersome</span></p><p><b>subject</b>: <a href="Patient-ppcPatientKay.html">John Kay  Male, DoB: 1948-10-07 ( http://example.org#ee8d4ac0-545c-4501-8d7e-646bfbda1dz4 (use: official, ))</a></p><p><b>focus</b>: <a href="Goal-ppcGoalCookingDinner.html">Goal: lifecycleStatus = active; achievementStatus = In Progress; category = What Matters Most,Social Functioning; description = ; start[x] = 2025-01-02</a></p><p><b>effective</b>: 2025-01-02 15:05:00+0000</p><p><b>performer</b>: <a href="Patient-ppcPatientKay.html">John Kay  Male, DoB: 1948-10-07 ( http://example.org#ee8d4ac0-545c-4501-8d7e-646bfbda1dz4 (use: official, ))</a></p><p><b>value</b>: <span title="Codes:{http://hl7.org/fhir/us/pco/CodeSystem/ppc-care-tradeoff-concepts diet}">Following a special diet</span></p></div>
  </text>
  <status value="final"/>
  <category>
    <coding>
      <system value="http://terminology.hl7.org/CodeSystem/observation-category"/>
      <code value="survey"/>
    </coding>
  </category>
  <code>
    <coding>
      <system value="http://hl7.org/fhir/us/pco/CodeSystem/pco-care-tradeoff-choice-codes"/>
      <code value="bothersome-care"/>
      <display value="Bothersome"/>
    </coding>
  </code>
  <subject>
    <reference value="Patient/ppcPatientKay"/>
  </subject>
  <focus>
    <reference value="Goal/ppcGoalCookingDinner"/>
  </focus>
  <effectiveDateTime value="2025-01-02T15:05:00Z"/>
  <performer>
    <reference value="Patient/ppcPatientKay"/>
  </performer>
  <valueCodeableConcept>
    <coding>
      <system value="http://hl7.org/fhir/us/pco/CodeSystem/ppc-care-tradeoff-concepts"/>
      <code value="diet"/>
      <display value="Following a special diet"/>
    </coding>
  </valueCodeableConcept>
</Observation>