<?xml version="1.0" encoding="UTF-8"?>

<Patient xmlns="http://hl7.org/fhir">
  <id value="pcoPatientJones"/>
  <text>
    <status value="generated"/><div xmlns="http://www.w3.org/1999/xhtml"><p class="res-header-id"><b>Generated Narrative: Patient pcoPatientJones</b></p><a name="pcoPatientJones"> </a><a name="hcpcoPatientJones"> </a><a name="pcoPatientJones-en-US"> </a><p style="border: 1px #661aff solid; background-color: #e6e6ff; padding: 10px;">Dorothy Jones  Female, DoB: 1947-11-25 ( http://example.org#ee8d4ac0-545c-4501-8d7e-646bfbda1db5 (use: official, ))</p><hr/></div>
  </text>
  <identifier>
    <use value="official"/>
    <system value="http://example.org"/>
    <value value="ee8d4ac0-545c-4501-8d7e-646bfbda1db5"/>
  </identifier>
  <name>
    <family value="Jones"/>
    <given value="Dorothy"/>
  </name>
  <gender value="female"/>
  <birthDate value="1947-11-25"/>
</Patient>