<?xml version="1.0" encoding="UTF-8"?>

<ServiceRequest xmlns="http://hl7.org/fhir">
  <id value="pcoMindfulnessSupportProgram"/>
  <text>
    <status value="extensions"/><div xmlns="http://www.w3.org/1999/xhtml"><p class="res-header-id"><b>Generated Narrative: ServiceRequest pcoMindfulnessSupportProgram</b></p><a name="pcoMindfulnessSupportProgram"> </a><a name="hcpcoMindfulnessSupportProgram"> </a><a name="pcoMindfulnessSupportProgram-en-US"> </a><p><b>ServiceRequest Pertains To Goal</b>: <a href="Goal-pcoGoalAnxietyExample.html">Goal: lifecycleStatus = active; achievementStatus = In Progress; category = Person-Centered,Emotional And Mental Health; description = ; start[x] = 2024-08-11</a></p><p><b>status</b>: Active</p><p><b>intent</b>: Plan</p><p><b>code</b>: <span title="Codes:{http://snomed.info/sct 1259023009}">Mindfulness Based Stress Reduction program (regime/therapy)</span></p><p><b>subject</b>: <a href="Patient-pcoPatientLopez.html">Camila Lopez  Female, DoB: 1959-07-16 ( http://example.org#ee8d4ac0-545c-4501-8d7e-646bfbda1ge3 (use: official, ))</a></p><p><b>occurrence</b>: Once</p><p><b>authoredOn</b>: 2024-08-11</p><p><b>requester</b>: <a href="Practitioner-pcoPractitionerAnderson.html">Practitioner John Anderson, MD</a></p><p><b>note</b>: Trial of mindfulness coaching to support anxiety management</p></div>
  </text>
  <extension url="http://hl7.org/fhir/StructureDefinition/resource-pertainsToGoal">
    <valueReference>
      <reference value="Goal/pcoGoalAnxietyExample"/>
    </valueReference>
  </extension>
  <status value="active"/>
  <intent value="plan"/>
  <code>
    <coding>
      <system value="http://snomed.info/sct"/>
      <code value="1259023009"/>
      <display value="Mindfulness Based Stress Reduction program (regime/therapy)"/>
    </coding>
  </code>
  <subject>
    <reference value="Patient/pcoPatientLopez"/>
  </subject>
  <occurrenceTiming>
    <repeat>
      <boundsPeriod>
        <start value="2024-08-11"/>
        <end value="2024-10-31"/>
      </boundsPeriod>
      <frequency value="1"/>
      <periodUnit value="wk"/>
    </repeat>
  </occurrenceTiming>
  <authoredOn value="2024-08-11"/>
  <requester>
    <reference value="Practitioner/pcoPractitionerAnderson"/>
  </requester>
  <note>
    <text value="Trial of mindfulness coaching to support anxiety management"/>
  </note>
</ServiceRequest>