<?xml version="1.0" encoding="UTF-8"?>

<ServiceRequest xmlns="http://hl7.org/fhir">
  <id value="pcoWalkOutsideActionStep"/>
  <text>
    <status value="extensions"/><div xmlns="http://www.w3.org/1999/xhtml"><p class="res-header-id"><b>Generated Narrative: ServiceRequest pcoWalkOutsideActionStep</b></p><a name="pcoWalkOutsideActionStep"> </a><a name="hcpcoWalkOutsideActionStep"> </a><a name="pcoWalkOutsideActionStep-en-US"> </a><p><b>ServiceRequest Pertains To Goal</b>: <a href="Goal-pcoGoalWalkDogExample.html">Goal: extension = ,,,,; lifecycleStatus = active; achievementStatus = In Progress; category = Person-Centered,Physical Function; description = ; start[x] = 2024-04-03</a></p><p><b>status</b>: Active</p><p><b>intent</b>: Plan</p><p><b>code</b>: <span title="Codes:">Walk outside without my dog</span></p><p><b>subject</b>: <a href="Patient-pcoPatientJones.html">Dorothy Jones  Female, DoB: 1947-11-25 ( http://example.org#ee8d4ac0-545c-4501-8d7e-646bfbda1db5 (use: official, ))</a></p><p><b>occurrence</b>: 2</p><p><b>authoredOn</b>: 2024-02-22</p><p><b>requester</b>: <a href="Practitioner-pcoPractitionerGonzalez.html">Practitioner Maria Gonzalez, NBC-HWC</a></p><p><b>performer</b>: <a href="Patient-pcoPatientJones.html">Dorothy Jones  Female, DoB: 1947-11-25 ( http://example.org#ee8d4ac0-545c-4501-8d7e-646bfbda1db5 (use: official, ))</a></p><p><b>patientInstruction</b>: Start with a short walk to the corner of your block to gain confidence in your walking.</p></div>
  </text>
  <extension url="http://hl7.org/fhir/StructureDefinition/resource-pertainsToGoal">
    <valueReference>
      <reference value="Goal/pcoGoalWalkDogExample"/>
    </valueReference>
  </extension>
  <status value="active"/>
  <intent value="plan"/>
  <code>
    <text value="Walk outside without my dog"/>
  </code>
  <subject>
    <reference value="Patient/pcoPatientJones"/>
  </subject>
  <occurrenceTiming>
    <repeat>
      <boundsPeriod>
        <start value="2024-02-22"/>
        <end value="2024-03-07"/>
      </boundsPeriod>
      <frequency value="2"/>
      <periodUnit value="wk"/>
    </repeat>
  </occurrenceTiming>
  <authoredOn value="2024-02-22"/>
  <requester>
    <reference value="Practitioner/pcoPractitionerGonzalez"/>
  </requester>
  <performer>
    <reference value="Patient/pcoPatientJones"/>
  </performer>
  <patientInstruction value="Start with a short walk to the corner of your block to gain confidence in your walking."/>
</ServiceRequest>