<?xml version="1.0" encoding="UTF-8"?>

<ValueSet xmlns="http://hl7.org/fhir">
  <id value="pco-category-vs"/>
  <text>
    <status value="generated"/><div xmlns="http://www.w3.org/1999/xhtml"><p class="res-header-id"><b>Generated Narrative: ValueSet pco-category-vs</b></p><a name="pco-category-vs"> </a><a name="hcpco-category-vs"> </a><a name="pco-category-vs-en-US"> </a><ul><li>Include these codes as defined in <a href="CodeSystem-pco-codes.html"><code>http://hl7.org/fhir/us/pco/CodeSystem/pco-codes</code></a><table class="none"><tr><td style="white-space:nowrap"><b>Code</b></td><td><b>Display</b></td></tr><tr><td><a href="CodeSystem-pco-codes.html#pco-codes-person-centered">person-centered</a></td><td>Person-Centered</td></tr></table></li></ul></div>
  </text>
  <extension url="http://hl7.org/fhir/StructureDefinition/structuredefinition-wg">
    <valueCode value="pc"/>
  </extension>
  <url value="http://hl7.org/fhir/us/pco/ValueSet/pco-category-vs"/>
  <version value="0.2.0"/>
  <name value="PCOCategoryValueSet"/>
  <title value="Person-Centered Category Value Set"/>
  <status value="draft"/>
  <experimental value="false"/>
  <date value="2024-12-27T16:03:14+00:00"/>
  <publisher value="HL7 International / Patient Care"/>
  <contact>
    <name value="HL7 International / Patient Care"/>
    <telecom>
      <system value="url"/>
      <value value="http://www.hl7.org/Special/committees/patientcare"/>
    </telecom>
    <telecom>
      <system value="email"/>
      <value value="patientcare@lists.HL7.org"/>
    </telecom>
  </contact>
  <description value="Used to categorize resources as being a Person-Centered Goal"/>
  <jurisdiction>
    <coding>
      <system value="urn:iso:std:iso:3166"/>
      <code value="US"/>
    </coding>
  </jurisdiction>
  <compose>
    <include>
      <system value="http://hl7.org/fhir/us/pco/CodeSystem/pco-codes"/>
      <concept>
        <code value="person-centered"/>
        <display value="Person-Centered"/>
      </concept>
    </include>
  </compose>
</ValueSet>