<?xml version="1.0" encoding="UTF-8"?>

<ValueSet xmlns="http://hl7.org/fhir">
  <id value="goal-attainment-scaling-score"/>
  <text>
    <status value="generated"/><div xmlns="http://www.w3.org/1999/xhtml"><p class="res-header-id"><b>Generated Narrative: ValueSet goal-attainment-scaling-score</b></p><a name="goal-attainment-scaling-score"> </a><a name="hcgoal-attainment-scaling-score"> </a><a name="goal-attainment-scaling-score-en-US"> </a><ul><li>Include these codes as defined in <a href="http://loinc.org"><code>http://loinc.org</code></a><table class="none"><tr><td style="white-space:nowrap"><b>Code</b></td><td><b>Display</b></td></tr><tr><td><a href="https://loinc.org/68489/">68489</a></td><td>Goal attainment scale</td></tr><tr><td><a href="https://loinc.org/68490/">68490</a></td><td>Practitioner follow-up goal attainment scaling score</td></tr><tr><td><a href="https://loinc.org/68491/">68491</a></td><td>Patient follow-up goal attainment scaling score</td></tr><tr><td><a href="https://loinc.org/68492/">68492</a></td><td>Caregiver follow-up goal attainment scaling score</td></tr></table></li></ul></div>
  </text>
  <extension url="http://hl7.org/fhir/StructureDefinition/structuredefinition-wg">
    <valueCode value="pc"/>
  </extension>
  <url value="http://hl7.org/fhir/us/pco/ValueSet/goal-attainment-scaling-score"/>
  <version value="0.2.0"/>
  <name value="GoalAttainmentScalingScore"/>
  <title value="Goal Attainment Scaling (GAS) Score"/>
  <status value="draft"/>
  <experimental value="false"/>
  <date value="2025-01-10T15:56:56+00:00"/>
  <publisher value="HL7 International / Patient Care"/>
  <contact>
    <name value="HL7 International / Patient Care"/>
    <telecom>
      <system value="url"/>
      <value value="http://www.hl7.org/Special/committees/patientcare"/>
    </telecom>
    <telecom>
      <system value="email"/>
      <value value="patientcare@lists.HL7.org"/>
    </telecom>
  </contact>
  <description value="The score indicates how a patient, caregiver, or practitioner rated progress on goal attainment scaling."/>
  <jurisdiction>
    <coding>
      <system value="urn:iso:std:iso:3166"/>
      <code value="US"/>
    </coding>
  </jurisdiction>
  <copyright value="This material contains content from LOINC (http://loinc.org). LOINC is copyright © 1995-2020, Regenstrief Institute, Inc. and the Logical Observation Identifiers Names and Codes (LOINC) Committee and is available at no cost under the license at http://loinc.org/license. LOINC® is a registered United States trademark of Regenstrief Institute, Inc"/>
  <compose>
    <include>
      <system value="http://loinc.org"/>
      <concept>
        <code value="68489"/>
        <display value="Goal attainment scale"/>
      </concept>
      <concept>
        <code value="68490"/>
        <display value="Practitioner follow-up goal attainment scaling score"/>
      </concept>
      <concept>
        <code value="68491"/>
        <display value="Patient follow-up goal attainment scaling score"/>
      </concept>
      <concept>
        <code value="68492"/>
        <display value="Caregiver follow-up goal attainment scaling score"/>
      </concept>
    </include>
  </compose>
</ValueSet>