<?xml version="1.0" encoding="UTF-8"?>

<ValueSet xmlns="http://hl7.org/fhir">
  <id value="ppc-bothersome-health-concern-examples-vs"/>
  <text>
    <status value="generated"/><div xmlns="http://www.w3.org/1999/xhtml"><p class="res-header-id"><b>Generated Narrative: ValueSet ppc-bothersome-health-concern-examples-vs</b></p><a name="ppc-bothersome-health-concern-examples-vs"> </a><a name="hcppc-bothersome-health-concern-examples-vs"> </a><a name="ppc-bothersome-health-concern-examples-vs-en-US"> </a><ul><li>Include all codes defined in <a href="CodeSystem-ppc-bothersome-health-concern-concepts.html"><code>http://hl7.org/fhir/us/pco/CodeSystem/ppc-bothersome-health-concern-concepts</code></a></li></ul></div>
  </text>
  <extension url="http://hl7.org/fhir/StructureDefinition/structuredefinition-wg">
    <valueCode value="pc"/>
  </extension>
  <url value="http://hl7.org/fhir/us/pco/ValueSet/ppc-bothersome-health-concern-examples-vs"/>
  <version value="0.2.0"/>
  <name value="PPCBothersomeHealthConcernExamples"/>
  <title value="Bothersome Health Concern Example ValueSet"/>
  <status value="draft"/>
  <experimental value="false"/>
  <date value="2025-01-06T22:35:31+00:00"/>
  <publisher value="HL7 International / Patient Care"/>
  <contact>
    <name value="HL7 International / Patient Care"/>
    <telecom>
      <system value="url"/>
      <value value="http://www.hl7.org/Special/committees/patientcare"/>
    </telecom>
    <telecom>
      <system value="email"/>
      <value value="patientcare@lists.HL7.org"/>
    </telecom>
  </contact>
  <description value="Example value set containing types of bothersome symptoms or health concerns."/>
  <jurisdiction>
    <coding>
      <system value="urn:iso:std:iso:3166"/>
      <code value="US"/>
    </coding>
  </jurisdiction>
  <compose>
    <include>
      <system value="http://hl7.org/fhir/us/pco/CodeSystem/ppc-bothersome-health-concern-concepts"/>
    </include>
  </compose>
</ValueSet>