<?xml version="1.0" encoding="UTF-8"?><CodeSystem xmlns="http://hl7.org/fhir"><id value="pco-codes"/><text><status value="generated"/><div xmlns="http://www.w3.org/1999/xhtml"><p class="res-header-id"><b>Generated Narrative: CodeSystem pco-codes</b></p><a name="pco-codes"> </a><a name="hcpco-codes"> </a><a name="pco-codes-en-US"> </a><p>This case-sensitive code system <code>http://hl7.org/fhir/us/pco/CodeSystem/pco-codes</code> defines the following codes:</p><table class="codes"><tr><td style="white-space:nowrap"><b>Code</b></td><td><b>Display</b></td></tr><tr><td style="white-space:nowrap">person-centered<a name="pco-codes-person-centered"> </a></td><td>Person-Centered</td></tr><tr><td style="white-space:nowrap">bothersome-health-concern<a name="pco-codes-bothersome-health-concern"> </a></td><td>Bothersome Health Concern</td></tr><tr><td style="white-space:nowrap">care-trade-off<a name="pco-codes-care-trade-off"> </a></td><td>Care Trade-Off</td></tr></table></div></text><extension url="http://hl7.org/fhir/StructureDefinition/structuredefinition-wg"><valueCode value="pc"/></extension><url value="http://hl7.org/fhir/us/pco/CodeSystem/pco-codes"/><version value="0.2.0"/><name value="PCOCodes"/><title value="Codes for PCO"/><status value="active"/><experimental value="false"/><date value="2025-01-08T19:36:44+00:00"/><publisher value="HL7 International / Patient Care"/><contact><name value="HL7 International / Patient Care"/><telecom><system value="url"/><value value="http://www.hl7.org/Special/committees/patientcare"/></telecom><telecom><system value="email"/><value value="patientcare@lists.HL7.org"/></telecom></contact><description value="Codes to identify content associated with this IG"/><jurisdiction><coding><system value="urn:iso:std:iso:3166"/><code value="US"/></coding></jurisdiction><caseSensitive value="true"/><content value="complete"/><count value="3"/><concept><code value="person-centered"/><display value="Person-Centered"/></concept><concept><code value="bothersome-health-concern"/><display value="Bothersome Health Concern"/></concept><concept><code value="care-trade-off"/><display value="Care Trade-Off"/></concept></CodeSystem>