<?xml version="1.0" encoding="UTF-8"?><CodeSystem xmlns="http://hl7.org/fhir"><id value="ncqa-goal-domains"/><text><status value="generated"/><div xmlns="http://www.w3.org/1999/xhtml"><p class="res-header-id"><b>Generated Narrative: CodeSystem ncqa-goal-domains</b></p><a name="ncqa-goal-domains"> </a><a name="hcncqa-goal-domains"> </a><a name="ncqa-goal-domains-en-US"> </a><p>This case-sensitive code system <code>http://mtnlotus.com/uv/pco/CodeSystem/ncqa-goal-domains</code> defines the following codes:</p><table class="codes"><tr><td style="white-space:nowrap"><b>Code</b></td><td><b>Display</b></td><td><b>Definition</b></td></tr><tr><td style="white-space:nowrap">housing<a name="ncqa-goal-domains-housing"> </a></td><td>Housing</td><td>Having acceptable housing that is appropriate for a person's needs.</td></tr><tr><td style="white-space:nowrap">access-to-services<a name="ncqa-goal-domains-access-to-services"> </a></td><td>Access To Services</td><td>Ability to access, afford, and utilize appropriate health and community resources. Includes access to transportation, stable food resources, and assistance with financial concerns.</td></tr><tr><td style="white-space:nowrap">caregiver-needs<a name="ncqa-goal-domains-caregiver-needs"> </a></td><td>Caregiver Needs</td><td/></tr><tr><td style="white-space:nowrap">end-of-life<a name="ncqa-goal-domains-end-of-life"> </a></td><td>End Of Life</td><td>Planning for end-of-life care and desires to reduce burden on family or others.</td></tr><tr><td style="white-space:nowrap">independence<a name="ncqa-goal-domains-independence"> </a></td><td>Independence</td><td>Ability to live independently without help or assistance from others.</td></tr><tr><td style="white-space:nowrap">legal<a name="ncqa-goal-domains-legal"> </a></td><td>Legal</td><td>Having adequate support for legal issues such as child custody, medical power of attorney, etc.</td></tr><tr><td style="white-space:nowrap">managing-conditions<a name="ncqa-goal-domains-managing-conditions"> </a></td><td>Managing Conditions</td><td>Satisfaction with health care received or desired, and experiences with providers and the health care system.</td></tr><tr><td style="white-space:nowrap">medication-management<a name="ncqa-goal-domains-medication-management"> </a></td><td>Medication Management</td><td>Satisfaction with ability to manage medications.</td></tr><tr><td style="white-space:nowrap">improving-health-and-wellness<a name="ncqa-goal-domains-improving-health-and-wellness"> </a></td><td>Improving Health And Wellness</td><td>Ability to develop, improve and maintain positive health and wellness habits.</td></tr><tr><td style="white-space:nowrap">physical-function<a name="ncqa-goal-domains-physical-function"> </a></td><td>Physical Function</td><td>Ability to manage physical functioning, physical symptoms or conditions, and improve or maintain ability to participate in physical activities.</td></tr><tr><td style="white-space:nowrap">social-functioning<a name="ncqa-goal-domains-social-functioning"> </a></td><td>Social Functioning</td><td/></tr><tr><td style="white-space:nowrap">emotional-and-mental-health<a name="ncqa-goal-domains-emotional-and-mental-health"> </a></td><td>Emotional And Mental Health</td><td/></tr></table></div></text><url value="http://mtnlotus.com/uv/pco/CodeSystem/ncqa-goal-domains"/><version value="0.2.0"/><name value="NCQAGoalDomains"/><title value="NCQA Goal Domains"/><status value="active"/><experimental value="false"/><date value="2024-10-25T20:06:08+00:00"/><publisher value="Mountain Lotus WellBeing LLC"/><contact><name value="Mountain Lotus WellBeing LLC"/><telecom><system value="url"/><value value="http://mtnlotus.com"/></telecom></contact><description value="NCQA goal domain codes used to identify the category for PCO resources."/><jurisdiction><coding><system value="http://unstats.un.org/unsd/methods/m49/m49.htm"/><code value="001"/><display value="World"/></coding></jurisdiction><caseSensitive value="true"/><content value="complete"/><count value="12"/><concept><code value="housing"/><display value="Housing"/><definition value="Having acceptable housing that is appropriate for a person's needs."/></concept><concept><code value="access-to-services"/><display value="Access To Services"/><definition value="Ability to access, afford, and utilize appropriate health and community resources. Includes access to transportation, stable food resources, and assistance with financial concerns."/></concept><concept><code value="caregiver-needs"/><display value="Caregiver Needs"/></concept><concept><code value="end-of-life"/><display value="End Of Life"/><definition value="Planning for end-of-life care and desires to reduce burden on family or others."/></concept><concept><code value="independence"/><display value="Independence"/><definition value="Ability to live independently without help or assistance from others."/></concept><concept><code value="legal"/><display value="Legal"/><definition value="Having adequate support for legal issues such as child custody, medical power of attorney, etc."/></concept><concept><code value="managing-conditions"/><display value="Managing Conditions"/><definition value="Satisfaction with health care received or desired, and experiences with providers and the health care system."/></concept><concept><code value="medication-management"/><display value="Medication Management"/><definition value="Satisfaction with ability to manage medications."/></concept><concept><code value="improving-health-and-wellness"/><display value="Improving Health And Wellness"/><definition value="Ability to develop, improve and maintain positive health and wellness habits."/></concept><concept><code value="physical-function"/><display value="Physical Function"/><definition value="Ability to manage physical functioning, physical symptoms or conditions, and improve or maintain ability to participate in physical activities."/></concept><concept><code value="social-functioning"/><display value="Social Functioning"/></concept><concept><code value="emotional-and-mental-health"/><display value="Emotional And Mental Health"/></concept></CodeSystem>