<?xml version="1.0" encoding="UTF-8"?><CodeSystem xmlns="http://hl7.org/fhir"><id value="pco-bothersome-health-concern-concepts"/><text><status value="generated"/><div xmlns="http://www.w3.org/1999/xhtml"><p class="res-header-id"><b>Generated Narrative: CodeSystem pco-bothersome-health-concern-concepts</b></p><a name="pco-bothersome-health-concern-concepts"> </a><a name="hcpco-bothersome-health-concern-concepts"> </a><a name="pco-bothersome-health-concern-concepts-en-US"> </a><p>This case-sensitive code system <code>http://hl7.org/fhir/us/pco/CodeSystem/pco-bothersome-health-concern-concepts</code> defines the following codes:</p><table class="codes"><tr><td style="white-space:nowrap"><b>Code</b></td><td><b>Display</b></td></tr><tr><td style="white-space:nowrap">other<a name="pco-bothersome-health-concern-concepts-other"> </a></td><td>Other</td></tr><tr><td style="white-space:nowrap">muscle-weakness<a name="pco-bothersome-health-concern-concepts-muscle-weakness"> </a></td><td>Feeling muscle weakness</td></tr><tr><td style="white-space:nowrap">pain<a name="pco-bothersome-health-concern-concepts-pain"> </a></td><td>Feeling pain</td></tr><tr><td style="white-space:nowrap">medications<a name="pco-bothersome-health-concern-concepts-medications"> </a></td><td>Feeling unsteady; trouble balancing/walking</td></tr><tr><td style="white-space:nowrap">worried-nervous-anxious<a name="pco-bothersome-health-concern-concepts-worried-nervous-anxious"> </a></td><td>Feeling worried, nervous, anxious</td></tr><tr><td style="white-space:nowrap">sad<a name="pco-bothersome-health-concern-concepts-sad"> </a></td><td>Feeling sad</td></tr><tr><td style="white-space:nowrap">irritable<a name="pco-bothersome-health-concern-concepts-irritable"> </a></td><td>Feeling irritable</td></tr><tr><td style="white-space:nowrap">adverse-effects<a name="pco-bothersome-health-concern-concepts-adverse-effects"> </a></td><td>Feeling adverse effects from treatment(s)</td></tr><tr><td style="white-space:nowrap">dizzy<a name="pco-bothersome-health-concern-concepts-dizzy"> </a></td><td>Feeling dizzy</td></tr><tr><td style="white-space:nowrap">tired-lacking-energy<a name="pco-bothersome-health-concern-concepts-tired-lacking-energy"> </a></td><td>Feeling tired/lacking energy</td></tr><tr><td style="white-space:nowrap">touble-sleeping<a name="pco-bothersome-health-concern-concepts-touble-sleeping"> </a></td><td>Having trouble sleeping</td></tr><tr><td style="white-space:nowrap">poor-eyesight<a name="pco-bothersome-health-concern-concepts-poor-eyesight"> </a></td><td>Having poor eyesight</td></tr><tr><td style="white-space:nowrap">poor-hearing<a name="pco-bothersome-health-concern-concepts-poor-hearing"> </a></td><td>Having poor hearing</td></tr><tr><td style="white-space:nowrap">leg-swelling<a name="pco-bothersome-health-concern-concepts-leg-swelling"> </a></td><td>Having leg swelling</td></tr><tr><td style="white-space:nowrap">trouble-breathing<a name="pco-bothersome-health-concern-concepts-trouble-breathing"> </a></td><td>Having trouble breathing (short of breath)</td></tr><tr><td style="white-space:nowrap">healthcare-tasks-take-too-much-time<a name="pco-bothersome-health-concern-concepts-healthcare-tasks-take-too-much-time"> </a></td><td>Having health care tasks take too much time</td></tr><tr><td style="white-space:nowrap">urinary-incontinence<a name="pco-bothersome-health-concern-concepts-urinary-incontinence"> </a></td><td>Having urinary incontinence</td></tr><tr><td style="white-space:nowrap">bathroom-often<a name="pco-bothersome-health-concern-concepts-bathroom-often"> </a></td><td>Having to go to the bathroom often</td></tr><tr><td style="white-space:nowrap">diarrhea<a name="pco-bothersome-health-concern-concepts-diarrhea"> </a></td><td>Having diarrhea</td></tr><tr><td style="white-space:nowrap">constipation<a name="pco-bothersome-health-concern-concepts-constipation"> </a></td><td>Having constipation</td></tr><tr><td style="white-space:nowrap">upset-stomach-nausea<a name="pco-bothersome-health-concern-concepts-upset-stomach-nausea"> </a></td><td>Having upset stomach, nausea</td></tr><tr><td style="white-space:nowrap">memory-problems<a name="pco-bothersome-health-concern-concepts-memory-problems"> </a></td><td>Having confusing or memory problems</td></tr><tr><td style="white-space:nowrap">problem-list-item<a name="pco-bothersome-health-concern-concepts-problem-list-item"> </a></td><td>Problem List Item</td></tr></table></div></text><url value="http://hl7.org/fhir/us/pco/CodeSystem/pco-bothersome-health-concern-concepts"/><version value="0.2.0"/><name value="BothersomeHealthConcernConcepts"/><title value="Bothersome Health Concern Concepts"/><status value="active"/><experimental value="false"/><date value="2024-12-23T14:45:33+00:00"/><publisher value="HL7 International / Patient Care"/><contact><name value="HL7 International / Patient Care"/><telecom><system value="url"/><value value="http://www.hl7.org/Special/committees/patientcare"/></telecom><telecom><system value="email"/><value value="patientcare@lists.HL7.org"/></telecom></contact><description value="Code system to identify bothersome symptoms or health concerns.."/><jurisdiction><coding><system value="urn:iso:std:iso:3166"/><code value="US"/></coding></jurisdiction><caseSensitive value="true"/><content value="complete"/><count value="23"/><concept><code value="other"/><display value="Other"/></concept><concept><code value="muscle-weakness"/><display value="Feeling muscle weakness"/></concept><concept><code value="pain"/><display value="Feeling pain"/></concept><concept><code value="medications"/><display value="Feeling unsteady; trouble balancing/walking"/></concept><concept><code value="worried-nervous-anxious"/><display value="Feeling worried, nervous, anxious"/></concept><concept><code value="sad"/><display value="Feeling sad"/></concept><concept><code value="irritable"/><display value="Feeling irritable"/></concept><concept><code value="adverse-effects"/><display value="Feeling adverse effects from treatment(s)"/></concept><concept><code value="dizzy"/><display value="Feeling dizzy"/></concept><concept><code value="tired-lacking-energy"/><display value="Feeling tired/lacking energy"/></concept><concept><code value="touble-sleeping"/><display value="Having trouble sleeping"/></concept><concept><code value="poor-eyesight"/><display value="Having poor eyesight"/></concept><concept><code value="poor-hearing"/><display value="Having poor hearing"/></concept><concept><code value="leg-swelling"/><display value="Having leg swelling"/></concept><concept><code value="trouble-breathing"/><display value="Having trouble breathing (short of breath)"/></concept><concept><code value="healthcare-tasks-take-too-much-time"/><display value="Having health care tasks take too much time"/></concept><concept><code value="urinary-incontinence"/><display value="Having urinary incontinence"/></concept><concept><code value="bathroom-often"/><display value="Having to go to the bathroom often"/></concept><concept><code value="diarrhea"/><display value="Having diarrhea"/></concept><concept><code value="constipation"/><display value="Having constipation"/></concept><concept><code value="upset-stomach-nausea"/><display value="Having upset stomach, nausea"/></concept><concept><code value="memory-problems"/><display value="Having confusing or memory problems"/></concept><concept><code value="problem-list-item"/><display value="Problem List Item"/></concept></CodeSystem>