<?xml version="1.0" encoding="UTF-8"?><CodeSystem xmlns="http://hl7.org/fhir"><id value="va-whole-health-example"/><text><status value="generated"/><div xmlns="http://www.w3.org/1999/xhtml"><p class="res-header-id"><b>Generated Narrative: CodeSystem va-whole-health-example</b></p><a name="va-whole-health-example"> </a><a name="hcva-whole-health-example"> </a><a name="va-whole-health-example-en-US"> </a><p>This case-sensitive code system <code>http://hl7.org/fhir/us/pco/CodeSystem/va-whole-health-example</code> defines the following codes:</p><table class="codes"><tr><td style="white-space:nowrap"><b>Code</b></td><td><b>Display</b></td><td><b>Definition</b></td></tr><tr><td style="white-space:nowrap">body<a name="va-whole-health-example-body"> </a></td><td>Moving the Body</td><td>Our physical, mental, and emotional health are impacted by the amount and kind of movement we do. Moving the body can take many forms such as dancing, walking, gardening, yoga, and exercise.</td></tr><tr><td style="white-space:nowrap">mind<a name="va-whole-health-example-mind"> </a></td><td>Power of the Mind</td><td>Our thoughts are powerful and can affect our physical, mental, and emotional health. Changing our mindset can aid in healing and coping. Breathing techniques, guided imagery, Tai Chi, yoga, or gratitude can buffer the impact of stress and other emotions.</td></tr><tr><td style="white-space:nowrap">nourishment<a name="va-whole-health-example-nourishment"> </a></td><td>Food &amp; Drink</td><td>What we eat and drink can have a huge effect on how we experience life, both physically and mentally. Energy, mood, weight, how long we live, and overall health are all impacted by what and how we choose to eat and drink.</td></tr><tr><td style="white-space:nowrap">recharge<a name="va-whole-health-example-recharge"> </a></td><td>Recharge</td><td>Our bodies and minds must rest and recharge in order to optimize our health. Getting a good night's rest, as well as recharging our mental and physical energy throughout the day, are vital to well-being. Taking short breaks or doing something you enjoy or feels good for moments throughout the day are examples of ways to refresh.</td></tr><tr><td style="white-space:nowrap">surroundings<a name="va-whole-health-example-surroundings"> </a></td><td>Surroundings</td><td>Our surroundings, both at work and where we live, indoors and out, can affect our health and outlook on life. Changes within our control such as organizing, decluttering, adding a plant or artwork can improve mood and health.</td></tr><tr><td style="white-space:nowrap">personal-development<a name="va-whole-health-example-personal-development"> </a></td><td>Personal Development</td><td>Our health is impacted by how we choose to spend our time. Aligning our work and personal activities with what really matters to us, or what brings us joy, can have a big effect on our health and outlook on life.</td></tr><tr><td style="white-space:nowrap">spirit-and-soul<a name="va-whole-health-example-spirit-and-soul"> </a></td><td>Spirit &amp; Soul</td><td>Connecting with something greater than ourselves may provide a sense of meaning and purpose, peace, or comfort. Connecting and aligning spiritually is very individual and may take the form of religious affiliation, connection to nature, or engaging in things like music or art.</td></tr><tr><td style="white-space:nowrap">relationships<a name="va-whole-health-example-relationships"> </a></td><td>Family, Friends &amp; Co-Workers</td><td>Our relationships, including those with pets, have as significant an effect on our physical and emotional health as any other factor associated with well-being. Spending more time in relationships that &quot;fuel&quot; us and less in relationships that &quot;drain&quot; us is one potential option. Improving our relationship skills or creating new relationships through community activities are other options to consider.</td></tr><tr><td style="white-space:nowrap">professional-care<a name="va-whole-health-example-professional-care"> </a></td><td>Professional Care</td><td>Staying up to date on prevention and understanding your health concerns, care options, treatment plan, and their role in your health.</td></tr></table></div></text><extension url="http://hl7.org/fhir/StructureDefinition/structuredefinition-wg"><valueCode value="pc"/></extension><url value="http://hl7.org/fhir/us/pco/CodeSystem/va-whole-health-example"/><version value="0.2.0"/><name value="VAWholeHealthExample"/><title value="VA Whole Health Concepts"/><status value="active"/><experimental value="false"/><date value="2025-01-18T20:16:34+00:00"/><publisher value="HL7 International / Patient Care"/><contact><name value="HL7 International / Patient Care"/><telecom><system value="url"/><value value="http://www.hl7.org/Special/committees/patientcare"/></telecom><telecom><system value="email"/><value value="patientcare@lists.HL7.org"/></telecom></contact><description value="Code system to identify &quot;What Matters&quot; concepts from the VA Whole Health approach and Circle of Health."/><jurisdiction><coding><system value="urn:iso:std:iso:3166"/><code value="US"/></coding></jurisdiction><caseSensitive value="true"/><content value="complete"/><count value="9"/><concept><code value="body"/><display value="Moving the Body"/><definition value="Our physical, mental, and emotional health are impacted by the amount and kind of movement we do. Moving the body can take many forms such as dancing, walking, gardening, yoga, and exercise."/></concept><concept><code value="mind"/><display value="Power of the Mind"/><definition value="Our thoughts are powerful and can affect our physical, mental, and emotional health. Changing our mindset can aid in healing and coping. Breathing techniques, guided imagery, Tai Chi, yoga, or gratitude can buffer the impact of stress and other emotions."/></concept><concept><code value="nourishment"/><display value="Food &amp; Drink"/><definition value="What we eat and drink can have a huge effect on how we experience life, both physically and mentally. Energy, mood, weight, how long we live, and overall health are all impacted by what and how we choose to eat and drink."/></concept><concept><code value="recharge"/><display value="Recharge"/><definition value="Our bodies and minds must rest and recharge in order to optimize our health. Getting a good night's rest, as well as recharging our mental and physical energy throughout the day, are vital to well-being. Taking short breaks or doing something you enjoy or feels good for moments throughout the day are examples of ways to refresh."/></concept><concept><code value="surroundings"/><display value="Surroundings"/><definition value="Our surroundings, both at work and where we live, indoors and out, can affect our health and outlook on life. Changes within our control such as organizing, decluttering, adding a plant or artwork can improve mood and health."/></concept><concept><code value="personal-development"/><display value="Personal Development"/><definition value="Our health is impacted by how we choose to spend our time. Aligning our work and personal activities with what really matters to us, or what brings us joy, can have a big effect on our health and outlook on life."/></concept><concept><code value="spirit-and-soul"/><display value="Spirit &amp; Soul"/><definition value="Connecting with something greater than ourselves may provide a sense of meaning and purpose, peace, or comfort. Connecting and aligning spiritually is very individual and may take the form of religious affiliation, connection to nature, or engaging in things like music or art."/></concept><concept><code value="relationships"/><display value="Family, Friends &amp; Co-Workers"/><definition value="Our relationships, including those with pets, have as significant an effect on our physical and emotional health as any other factor associated with well-being. Spending more time in relationships that &quot;fuel&quot; us and less in relationships that &quot;drain&quot; us is one potential option. Improving our relationship skills or creating new relationships through community activities are other options to consider."/></concept><concept><code value="professional-care"/><display value="Professional Care"/><definition value="Staying up to date on prevention and understanding your health concerns, care options, treatment plan, and their role in your health."/></concept></CodeSystem>