<?xml version="1.0" encoding="UTF-8"?><CodeSystem xmlns="http://hl7.org/fhir"><id value="wellbeing-concepts"/><text><status value="generated"/><div xmlns="http://www.w3.org/1999/xhtml"><p class="res-header-id"><b>Generated Narrative: CodeSystem wellbeing-concepts</b></p><a name="wellbeing-concepts"> </a><a name="hcwellbeing-concepts"> </a><a name="wellbeing-concepts-en-US"> </a><p>This case-sensitive code system <code>http://hl7.org/fhir/us/pco/CodeSystem/wellbeing-concepts</code> defines the following codes:</p><table class="codes"><tr><td style="white-space:nowrap"><b>Code</b></td><td><b>Display</b></td><td><b>Definition</b></td></tr><tr><td style="white-space:nowrap">what-matters<a name="wellbeing-concepts-what-matters"> </a></td><td>What Matters</td><td>What matters most for a person's well-being</td></tr><tr><td style="white-space:nowrap">wellbeing-vision<a name="wellbeing-concepts-wellbeing-vision"> </a></td><td>Well-Being Vision</td><td>A peron's vision for well-being</td></tr><tr><td style="white-space:nowrap">wellbeing-priority<a name="wellbeing-concepts-wellbeing-priority"> </a></td><td>Well-Being Priority</td><td>Priority for one area of well-being</td></tr><tr><td style="white-space:nowrap">wellbeing-statement<a name="wellbeing-concepts-wellbeing-statement"> </a></td><td>Well-Being Statement</td><td>Statement about one area of well-being</td></tr><tr><td style="white-space:nowrap">wellbeing-assessment<a name="wellbeing-concepts-wellbeing-assessment"> </a></td><td>Well-Being Assessment</td><td>Assessment rating about one area of well-being</td></tr><tr><td style="white-space:nowrap">now-rating<a name="wellbeing-concepts-now-rating"> </a></td><td>Now Rating</td><td>Where are you now?</td></tr><tr><td style="white-space:nowrap">now-reasons<a name="wellbeing-concepts-now-reasons"> </a></td><td>Now Reasons</td><td>What are the reasons you chose this number?</td></tr><tr><td style="white-space:nowrap">future-rating<a name="wellbeing-concepts-future-rating"> </a></td><td>Future Rating</td><td>Where would you like to be?</td></tr><tr><td style="white-space:nowrap">future-changes<a name="wellbeing-concepts-future-changes"> </a></td><td>Future Changes</td><td>What changes could you make to help you get there?</td></tr></table></div></text><extension url="http://hl7.org/fhir/StructureDefinition/structuredefinition-wg"><valueCode value="pc"/></extension><url value="http://hl7.org/fhir/us/pco/CodeSystem/wellbeing-concepts"/><version value="0.2.0"/><name value="WellBeingConcepts"/><title value="Well-Being Concepts"/><status value="active"/><experimental value="false"/><date value="2025-01-09T14:13:32+00:00"/><publisher value="HL7 International / Patient Care"/><contact><name value="HL7 International / Patient Care"/><telecom><system value="url"/><value value="http://www.hl7.org/Special/committees/patientcare"/></telecom><telecom><system value="email"/><value value="patientcare@lists.HL7.org"/></telecom></contact><description value="Code system to identify resource codes and category domains for &quot;What Matters&quot;."/><jurisdiction><coding><system value="urn:iso:std:iso:3166"/><code value="US"/></coding></jurisdiction><caseSensitive value="true"/><content value="complete"/><count value="9"/><concept><code value="what-matters"/><display value="What Matters"/><definition value="What matters most for a person's well-being"/></concept><concept><code value="wellbeing-vision"/><display value="Well-Being Vision"/><definition value="A peron's vision for well-being"/></concept><concept><code value="wellbeing-priority"/><display value="Well-Being Priority"/><definition value="Priority for one area of well-being"/></concept><concept><code value="wellbeing-statement"/><display value="Well-Being Statement"/><definition value="Statement about one area of well-being"/></concept><concept><code value="wellbeing-assessment"/><display value="Well-Being Assessment"/><definition value="Assessment rating about one area of well-being"/></concept><concept><code value="now-rating"/><display value="Now Rating"/><definition value="Where are you now?"/></concept><concept><code value="now-reasons"/><display value="Now Reasons"/><definition value="What are the reasons you chose this number?"/></concept><concept><code value="future-rating"/><display value="Future Rating"/><definition value="Where would you like to be?"/></concept><concept><code value="future-changes"/><display value="Future Changes"/><definition value="What changes could you make to help you get there?"/></concept></CodeSystem>