<?xml version="1.0" encoding="UTF-8"?><ImplementationGuide xmlns="http://hl7.org/fhir"><id value="mtnlotus.fhir.uv.pco"/><text><status value="generated"/><div xmlns="http://www.w3.org/1999/xhtml"><p class="res-header-id"><b>Generated Narrative: ImplementationGuide mtnlotus.fhir.uv.pco</b></p><a name="mtnlotus.fhir.uv.pco"> </a><a name="hcmtnlotus.fhir.uv.pco"> </a><a name="mtnlotus.fhir.uv.pco-en-US"> </a><h2>PCO</h2><p>The official URL for this implementation guide is: </p><pre>http://mtnlotus.com/uv/pco/ImplementationGuide/mtnlotus.fhir.uv.pco</pre><div><p>Person-Centered Outcomes (PCO) FHIR Implementation Guide</p>
</div></div></text><url value="http://mtnlotus.com/uv/pco/ImplementationGuide/mtnlotus.fhir.uv.pco"/><version value="0.2.0"/><name value="PCO"/><title value="Person-Centered Outcomes"/><status value="draft"/><date value="2024-10-24T19:50:25+00:00"/><publisher value="Mountain Lotus WellBeing LLC"/><contact><name value="Mountain Lotus WellBeing LLC"/><telecom><system value="url"/><value value="http://mtnlotus.com"/></telecom></contact><description value="Person-Centered Outcomes (PCO) FHIR Implementation Guide"/><jurisdiction><coding><system value="http://unstats.un.org/unsd/methods/m49/m49.htm"/><code value="001"/><display value="World"/></coding></jurisdiction><packageId value="mtnlotus.fhir.uv.pco"/><license value="CC0-1.0"/><fhirVersion value="4.0.1"/><dependsOn id="hl7tx"><extension url="http://hl7.org/fhir/tools/StructureDefinition/implementationguide-dependency-comment"><valueMarkdown value="Automatically added as a dependency - all IGs depend on HL7 Terminology"/></extension><uri value="http://terminology.hl7.org/ImplementationGuide/hl7.terminology"/><packageId value="hl7.terminology.r4"/><version value="6.0.2"/></dependsOn><dependsOn id="hl7ext"><extension url="http://hl7.org/fhir/tools/StructureDefinition/implementationguide-dependency-comment"><valueMarkdown value="Automatically added as a dependency - all IGs depend on the HL7 Extension Pack"/></extension><uri value="http://hl7.org/fhir/extensions/ImplementationGuide/hl7.fhir.uv.extensions"/><packageId value="hl7.fhir.uv.extensions.r4"/><version value="5.1.0"/></dependsOn><dependsOn id="hl7_fhir_us_core"><uri value="http://hl7.org/fhir/us/core/ImplementationGuide/hl7.fhir.us.core"/><packageId value="hl7.fhir.us.core"/><version value="6.1.0"/></dependsOn><dependsOn id="hl7_fhir_uv_cpg"><uri value="http://hl7.org/fhir/uv/cpg/ImplementationGuide/hl7.fhir.uv.cpg"/><packageId value="hl7.fhir.uv.cpg"/><version value="1.0.0"/></dependsOn><dependsOn id="fhir_cqf_common"><uri value="http://fhir.org/guides/cqf/common/ImplementationGuide/fhir.cqf.common"/><packageId value="fhir.cqf.common"/><version value="4.0.1"/></dependsOn><dependsOn id="hl7_fhir_us_cqfmeasures"><uri value="http://hl7.org/fhir/us/cqfmeasures/ImplementationGuide/hl7.fhir.us.cqfmeasures"/><packageId value="hl7.fhir.us.cqfmeasures"/><version value="4.0.0"/></dependsOn><definition><extension url="http://hl7.org/fhir/tools/StructureDefinition/ig-parameter"><extension url="code"><valueString value="copyrightyear"/></extension><extension url="value"><valueString value="2024+"/></extension></extension><extension url="http://hl7.org/fhir/tools/StructureDefinition/ig-parameter"><extension url="code"><valueString value="releaselabel"/></extension><extension url="value"><valueString value="ci-build"/></extension></extension><extension url="http://hl7.org/fhir/tools/StructureDefinition/ig-parameter"><extension url="code"><valueString value="path-liquid"/></extension><extension url="value"><valueString value="templates/liquid"/></extension></extension><extension url="http://hl7.org/fhir/tools/StructureDefinition/ig-parameter"><extension url="code"><valueString value="autoload-resources"/></extension><extension url="value"><valueString value="true"/></extension></extension><extension url="http://hl7.org/fhir/tools/StructureDefinition/ig-parameter"><extension url="code"><valueString value="path-liquid"/></extension><extension url="value"><valueString value="template/liquid"/></extension></extension><extension url="http://hl7.org/fhir/tools/StructureDefinition/ig-parameter"><extension url="code"><valueString value="path-liquid"/></extension><extension url="value"><valueString value="input/liquid"/></extension></extension><extension url="http://hl7.org/fhir/tools/StructureDefinition/ig-parameter"><extension url="code"><valueString value="path-qa"/></extension><extension url="value"><valueString value="temp/qa"/></extension></extension><extension url="http://hl7.org/fhir/tools/StructureDefinition/ig-parameter"><extension url="code"><valueString value="path-temp"/></extension><extension url="value"><valueString value="temp/pages"/></extension></extension><extension url="http://hl7.org/fhir/tools/StructureDefinition/ig-parameter"><extension url="code"><valueString value="path-output"/></extension><extension url="value"><valueString value="output"/></extension></extension><extension url="http://hl7.org/fhir/tools/StructureDefinition/ig-parameter"><extension url="code"><valueString value="path-suppressed-warnings"/></extension><extension url="value"><valueString value="input/ignoreWarnings.txt"/></extension></extension><extension url="http://hl7.org/fhir/tools/StructureDefinition/ig-parameter"><extension url="code"><valueString value="path-history"/></extension><extension url="value"><valueString value="http://mtnlotus.com/uv/pco/history.html"/></extension></extension><extension url="http://hl7.org/fhir/tools/StructureDefinition/ig-parameter"><extension url="code"><valueString value="template-html"/></extension><extension url="value"><valueString value="template-page.html"/></extension></extension><extension url="http://hl7.org/fhir/tools/StructureDefinition/ig-parameter"><extension url="code"><valueString value="template-md"/></extension><extension url="value"><valueString value="template-page-md.html"/></extension></extension><extension url="http://hl7.org/fhir/tools/StructureDefinition/ig-parameter"><extension url="code"><valueString value="apply-contact"/></extension><extension url="value"><valueString value="true"/></extension></extension><extension url="http://hl7.org/fhir/tools/StructureDefinition/ig-parameter"><extension url="code"><valueString value="apply-context"/></extension><extension url="value"><valueString value="true"/></extension></extension><extension url="http://hl7.org/fhir/tools/StructureDefinition/ig-parameter"><extension url="code"><valueString value="apply-copyright"/></extension><extension url="value"><valueString value="true"/></extension></extension><extension url="http://hl7.org/fhir/tools/StructureDefinition/ig-parameter"><extension url="code"><valueString value="apply-jurisdiction"/></extension><extension url="value"><valueString value="true"/></extension></extension><extension url="http://hl7.org/fhir/tools/StructureDefinition/ig-parameter"><extension url="code"><valueString value="apply-license"/></extension><extension url="value"><valueString value="true"/></extension></extension><extension url="http://hl7.org/fhir/tools/StructureDefinition/ig-parameter"><extension url="code"><valueString value="apply-publisher"/></extension><extension url="value"><valueString value="true"/></extension></extension><extension url="http://hl7.org/fhir/tools/StructureDefinition/ig-parameter"><extension url="code"><valueString value="apply-version"/></extension><extension url="value"><valueString value="true"/></extension></extension><extension url="http://hl7.org/fhir/tools/StructureDefinition/ig-parameter"><extension url="code"><valueString value="apply-wg"/></extension><extension url="value"><valueString value="true"/></extension></extension><extension url="http://hl7.org/fhir/tools/StructureDefinition/ig-parameter"><extension url="code"><valueString value="active-tables"/></extension><extension url="value"><valueString value="true"/></extension></extension><extension url="http://hl7.org/fhir/tools/StructureDefinition/ig-parameter"><extension url="code"><valueString value="fmm-definition"/></extension><extension url="value"><valueString value="http://hl7.org/fhir/versions.html#maturity"/></extension></extension><extension url="http://hl7.org/fhir/tools/StructureDefinition/ig-parameter"><extension url="code"><valueString value="propagate-status"/></extension><extension url="value"><valueString value="true"/></extension></extension><extension url="http://hl7.org/fhir/tools/StructureDefinition/ig-parameter"><extension url="code"><valueString value="excludelogbinaryformat"/></extension><extension url="value"><valueString value="true"/></extension></extension><extension url="http://hl7.org/fhir/tools/StructureDefinition/ig-parameter"><extension url="code"><valueString value="tabbed-snapshots"/></extension><extension url="value"><valueString value="true"/></extension></extension><extension url="http://hl7.org/fhir/tools/StructureDefinition/ig-internal-dependency"><valueCode value="hl7.fhir.uv.tools#0.2.0"/></extension><extension url="http://hl7.org/fhir/tools/StructureDefinition/ig-parameter"><extension url="code"><valueCode value="copyrightyear"/></extension><extension url="value"><valueString value="2024+"/></extension></extension><extension url="http://hl7.org/fhir/tools/StructureDefinition/ig-parameter"><extension url="code"><valueCode value="releaselabel"/></extension><extension url="value"><valueString value="ci-build"/></extension></extension><extension url="http://hl7.org/fhir/tools/StructureDefinition/ig-parameter"><extension url="code"><valueCode value="path-liquid"/></extension><extension url="value"><valueString value="templates/liquid"/></extension></extension><extension url="http://hl7.org/fhir/tools/StructureDefinition/ig-parameter"><extension url="code"><valueCode value="autoload-resources"/></extension><extension url="value"><valueString value="true"/></extension></extension><extension url="http://hl7.org/fhir/tools/StructureDefinition/ig-parameter"><extension url="code"><valueCode value="path-liquid"/></extension><extension url="value"><valueString value="template/liquid"/></extension></extension><extension url="http://hl7.org/fhir/tools/StructureDefinition/ig-parameter"><extension url="code"><valueCode value="path-liquid"/></extension><extension url="value"><valueString value="input/liquid"/></extension></extension><extension url="http://hl7.org/fhir/tools/StructureDefinition/ig-parameter"><extension url="code"><valueCode value="path-qa"/></extension><extension url="value"><valueString value="temp/qa"/></extension></extension><extension url="http://hl7.org/fhir/tools/StructureDefinition/ig-parameter"><extension url="code"><valueCode value="path-temp"/></extension><extension url="value"><valueString value="temp/pages"/></extension></extension><extension url="http://hl7.org/fhir/tools/StructureDefinition/ig-parameter"><extension url="code"><valueCode value="path-output"/></extension><extension url="value"><valueString value="output"/></extension></extension><extension url="http://hl7.org/fhir/tools/StructureDefinition/ig-parameter"><extension url="code"><valueCode value="path-suppressed-warnings"/></extension><extension url="value"><valueString value="input/ignoreWarnings.txt"/></extension></extension><extension url="http://hl7.org/fhir/tools/StructureDefinition/ig-parameter"><extension url="code"><valueCode value="path-history"/></extension><extension url="value"><valueString value="http://mtnlotus.com/uv/pco/history.html"/></extension></extension><extension url="http://hl7.org/fhir/tools/StructureDefinition/ig-parameter"><extension url="code"><valueCode value="template-html"/></extension><extension url="value"><valueString value="template-page.html"/></extension></extension><extension url="http://hl7.org/fhir/tools/StructureDefinition/ig-parameter"><extension url="code"><valueCode value="template-md"/></extension><extension url="value"><valueString value="template-page-md.html"/></extension></extension><extension url="http://hl7.org/fhir/tools/StructureDefinition/ig-parameter"><extension url="code"><valueCode value="apply-contact"/></extension><extension url="value"><valueString value="true"/></extension></extension><extension url="http://hl7.org/fhir/tools/StructureDefinition/ig-parameter"><extension url="code"><valueCode value="apply-context"/></extension><extension url="value"><valueString value="true"/></extension></extension><extension url="http://hl7.org/fhir/tools/StructureDefinition/ig-parameter"><extension url="code"><valueCode value="apply-copyright"/></extension><extension url="value"><valueString value="true"/></extension></extension><extension url="http://hl7.org/fhir/tools/StructureDefinition/ig-parameter"><extension url="code"><valueCode value="apply-jurisdiction"/></extension><extension url="value"><valueString value="true"/></extension></extension><extension url="http://hl7.org/fhir/tools/StructureDefinition/ig-parameter"><extension url="code"><valueCode value="apply-license"/></extension><extension url="value"><valueString value="true"/></extension></extension><extension url="http://hl7.org/fhir/tools/StructureDefinition/ig-parameter"><extension url="code"><valueCode value="apply-publisher"/></extension><extension url="value"><valueString value="true"/></extension></extension><extension url="http://hl7.org/fhir/tools/StructureDefinition/ig-parameter"><extension url="code"><valueCode value="apply-version"/></extension><extension url="value"><valueString value="true"/></extension></extension><extension url="http://hl7.org/fhir/tools/StructureDefinition/ig-parameter"><extension url="code"><valueCode value="apply-wg"/></extension><extension url="value"><valueString value="true"/></extension></extension><extension url="http://hl7.org/fhir/tools/StructureDefinition/ig-parameter"><extension url="code"><valueCode value="active-tables"/></extension><extension url="value"><valueString value="true"/></extension></extension><extension url="http://hl7.org/fhir/tools/StructureDefinition/ig-parameter"><extension url="code"><valueCode value="fmm-definition"/></extension><extension url="value"><valueString value="http://hl7.org/fhir/versions.html#maturity"/></extension></extension><extension url="http://hl7.org/fhir/tools/StructureDefinition/ig-parameter"><extension url="code"><valueCode value="propagate-status"/></extension><extension url="value"><valueString value="true"/></extension></extension><extension url="http://hl7.org/fhir/tools/StructureDefinition/ig-parameter"><extension url="code"><valueCode value="excludelogbinaryformat"/></extension><extension url="value"><valueString value="true"/></extension></extension><extension url="http://hl7.org/fhir/tools/StructureDefinition/ig-parameter"><extension url="code"><valueCode value="tabbed-snapshots"/></extension><extension url="value"><valueString value="true"/></extension></extension><extension url="http://hl7.org/fhir/tools/StructureDefinition/ig-parameter"><extension url="code"><valueCode value="copyrightyear"/></extension><extension url="value"><valueString value="2024+"/></extension></extension><extension url="http://hl7.org/fhir/tools/StructureDefinition/ig-parameter"><extension url="code"><valueCode value="releaselabel"/></extension><extension url="value"><valueString value="ci-build"/></extension></extension><extension url="http://hl7.org/fhir/tools/StructureDefinition/ig-parameter"><extension url="code"><valueCode value="path-liquid"/></extension><extension url="value"><valueString value="templates/liquid"/></extension></extension><extension url="http://hl7.org/fhir/tools/StructureDefinition/ig-parameter"><extension url="code"><valueCode value="autoload-resources"/></extension><extension url="value"><valueString value="true"/></extension></extension><extension url="http://hl7.org/fhir/tools/StructureDefinition/ig-parameter"><extension url="code"><valueCode value="path-liquid"/></extension><extension url="value"><valueString value="template/liquid"/></extension></extension><extension url="http://hl7.org/fhir/tools/StructureDefinition/ig-parameter"><extension url="code"><valueCode value="path-liquid"/></extension><extension url="value"><valueString value="input/liquid"/></extension></extension><extension url="http://hl7.org/fhir/tools/StructureDefinition/ig-parameter"><extension url="code"><valueCode value="path-qa"/></extension><extension url="value"><valueString value="temp/qa"/></extension></extension><extension url="http://hl7.org/fhir/tools/StructureDefinition/ig-parameter"><extension url="code"><valueCode value="path-temp"/></extension><extension url="value"><valueString value="temp/pages"/></extension></extension><extension url="http://hl7.org/fhir/tools/StructureDefinition/ig-parameter"><extension url="code"><valueCode value="path-output"/></extension><extension url="value"><valueString value="output"/></extension></extension><extension url="http://hl7.org/fhir/tools/StructureDefinition/ig-parameter"><extension url="code"><valueCode value="path-suppressed-warnings"/></extension><extension url="value"><valueString value="input/ignoreWarnings.txt"/></extension></extension><extension url="http://hl7.org/fhir/tools/StructureDefinition/ig-parameter"><extension url="code"><valueCode value="path-history"/></extension><extension url="value"><valueString value="http://mtnlotus.com/uv/pco/history.html"/></extension></extension><extension url="http://hl7.org/fhir/tools/StructureDefinition/ig-parameter"><extension url="code"><valueCode value="template-html"/></extension><extension url="value"><valueString value="template-page.html"/></extension></extension><extension url="http://hl7.org/fhir/tools/StructureDefinition/ig-parameter"><extension url="code"><valueCode value="template-md"/></extension><extension url="value"><valueString value="template-page-md.html"/></extension></extension><extension url="http://hl7.org/fhir/tools/StructureDefinition/ig-parameter"><extension url="code"><valueCode value="apply-contact"/></extension><extension url="value"><valueString value="true"/></extension></extension><extension url="http://hl7.org/fhir/tools/StructureDefinition/ig-parameter"><extension url="code"><valueCode value="apply-context"/></extension><extension url="value"><valueString value="true"/></extension></extension><extension url="http://hl7.org/fhir/tools/StructureDefinition/ig-parameter"><extension url="code"><valueCode value="apply-copyright"/></extension><extension url="value"><valueString value="true"/></extension></extension><extension url="http://hl7.org/fhir/tools/StructureDefinition/ig-parameter"><extension url="code"><valueCode value="apply-jurisdiction"/></extension><extension url="value"><valueString value="true"/></extension></extension><extension url="http://hl7.org/fhir/tools/StructureDefinition/ig-parameter"><extension url="code"><valueCode value="apply-license"/></extension><extension url="value"><valueString value="true"/></extension></extension><extension url="http://hl7.org/fhir/tools/StructureDefinition/ig-parameter"><extension url="code"><valueCode value="apply-publisher"/></extension><extension url="value"><valueString value="true"/></extension></extension><extension url="http://hl7.org/fhir/tools/StructureDefinition/ig-parameter"><extension url="code"><valueCode value="apply-version"/></extension><extension url="value"><valueString value="true"/></extension></extension><extension url="http://hl7.org/fhir/tools/StructureDefinition/ig-parameter"><extension url="code"><valueCode value="apply-wg"/></extension><extension url="value"><valueString value="true"/></extension></extension><extension url="http://hl7.org/fhir/tools/StructureDefinition/ig-parameter"><extension url="code"><valueCode value="active-tables"/></extension><extension url="value"><valueString value="true"/></extension></extension><extension url="http://hl7.org/fhir/tools/StructureDefinition/ig-parameter"><extension url="code"><valueCode value="fmm-definition"/></extension><extension url="value"><valueString value="http://hl7.org/fhir/versions.html#maturity"/></extension></extension><extension url="http://hl7.org/fhir/tools/StructureDefinition/ig-parameter"><extension url="code"><valueCode value="propagate-status"/></extension><extension url="value"><valueString value="true"/></extension></extension><extension url="http://hl7.org/fhir/tools/StructureDefinition/ig-parameter"><extension url="code"><valueCode value="excludelogbinaryformat"/></extension><extension url="value"><valueString value="true"/></extension></extension><extension url="http://hl7.org/fhir/tools/StructureDefinition/ig-parameter"><extension url="code"><valueCode value="tabbed-snapshots"/></extension><extension url="value"><valueString value="true"/></extension></extension><grouping id="-ka-measure"><name value="Knowledge Artifacts: Measure"/><description value="These define measures as part of content in this implementation guide."/></grouping><grouping id="-ka-library"><name value="Knowledge Artifacts: Libraries"/><description value="These define logic, asset collections and other libraries as part of content in this implementation guide."/></grouping><grouping id="-str-questionnaire"><name value="Structures: Questionnaires"/><description value="These define forms used by systems conforming to this implementation guide to capture or expose data to end users."/></grouping><grouping id="-str-profile"><name value="Structures: Resource Profiles"/><description value="These define constraints on FHIR resources for systems conforming to this implementation guide."/></grouping><grouping id="-str-extension"><name value="Structures: Extension Definitions"/><description value="These define constraints on FHIR data types for systems conforming to this implementation guide."/></grouping><grouping id="-term-valueset"><name value="Terminology: Value Sets"/><description value="These define sets of codes used by systems conforming to this implementation guide."/></grouping><grouping id="-term-codesystem"><name value="Terminology: Code Systems"/><description value="These define new code systems used by systems conforming to this implementation guide."/></grouping><grouping id="-ex-example"><name value="Example: Example Instances"/><description value="These are example instances that show what data produced and consumed by systems conforming with this implementation guide might look like."/></grouping><grouping id="-other"><name value="Other"/><description value="These are resources that are used within this implementation guide that do not fit into one of the other categories."/></grouping><resource><extension url="http://hl7.org/fhir/tools/StructureDefinition/resource-sort"><valueInteger value="999999999"/></extension><extension url="http://hl7.org/fhir/StructureDefinition/implementationguide-page"><valueUri value="Measure-GoalFollowUpMeasure.html"/></extension><extension url="http://hl7.org/fhir/tools/StructureDefinition/contained-resource-information"><extension url="type"><valueCode value="Library"/></extension><extension url="id"><valueId value="effective-data-requirements"/></extension><extension url="title"><valueString value="Library"/></extension><extension url="description"/></extension><reference><reference value="Measure/GoalFollowUpMeasure"/></reference><name value="Person-Centered Goal Follow-Up"/><description value="Measure 2 - Goal Follow-up: % of individuals 18 years of age or older with a complex care need who received follow-up on their PCO goal within two weeks to six months of when the PCO goal and GAS or PROM were identified."/><exampleBoolean value="false"/><groupingId value="-ka-measure"/></resource><resource><extension url="http://hl7.org/fhir/tools/StructureDefinition/resource-sort"><valueInteger value="999999999"/></extension><extension url="http://hl7.org/fhir/StructureDefinition/implementationguide-page"><valueUri value="Measure-GoalIdentificationMeasure.html"/></extension><extension url="http://hl7.org/fhir/tools/StructureDefinition/contained-resource-information"><extension url="type"><valueCode value="Library"/></extension><extension url="id"><valueId value="effective-data-requirements"/></extension><extension url="title"><valueString value="Library"/></extension><extension url="description"/></extension><reference><reference value="Measure/GoalIdentificationMeasure"/></reference><name value="Person-Centered Goal Identification"/><description value="Measure 1 - Goal Identification: % of individuals 18 years of age and older with a complex care need who had a PCO goal identified resulting in completion of goal attainment scaling (GAS) or a Patient-Reported Outcome Measure (PROM) and development of an action plan."/><exampleBoolean value="false"/><groupingId value="-ka-measure"/></resource><resource><extension url="http://hl7.org/fhir/tools/StructureDefinition/resource-sort"><valueInteger value="999999999"/></extension><extension url="http://hl7.org/fhir/StructureDefinition/implementationguide-page"><valueUri value="Library-FHIRHelpers.html"/></extension><reference><reference value="Library/FHIRHelpers"/></reference><name value="FHIRHelpers"/><exampleBoolean value="false"/><groupingId value="-ka-library"/></resource><resource><extension url="http://hl7.org/fhir/tools/StructureDefinition/resource-sort"><valueInteger value="999999999"/></extension><extension url="http://hl7.org/fhir/StructureDefinition/implementationguide-page"><valueUri value="Library-GoalAttainmentLogic.html"/></extension><reference><reference value="Library/GoalAttainmentLogic"/></reference><name value="GoalAttainmentLogic"/><exampleBoolean value="false"/><groupingId value="-ka-library"/></resource><resource><extension url="http://hl7.org/fhir/tools/StructureDefinition/resource-sort"><valueInteger value="999999999"/></extension><extension url="http://hl7.org/fhir/StructureDefinition/implementationguide-page"><valueUri value="Library-GoalFollowUpMeasure.html"/></extension><reference><reference value="Library/GoalFollowUpMeasure"/></reference><name value="GoalFollowUpMeasure"/><exampleBoolean value="false"/><groupingId value="-ka-library"/></resource><resource><extension url="http://hl7.org/fhir/tools/StructureDefinition/resource-sort"><valueInteger value="999999999"/></extension><extension url="http://hl7.org/fhir/StructureDefinition/implementationguide-page"><valueUri value="Library-GoalIdentificationMeasure.html"/></extension><reference><reference value="Library/GoalIdentificationMeasure"/></reference><name value="GoalIdentificationMeasure"/><exampleBoolean value="false"/><groupingId value="-ka-library"/></resource><resource><extension url="http://hl7.org/fhir/tools/StructureDefinition/resource-sort"><valueInteger value="999999999"/></extension><extension url="http://hl7.org/fhir/StructureDefinition/implementationguide-page"><valueUri value="Library-PCOCommon.html"/></extension><reference><reference value="Library/PCOCommon"/></reference><name value="PCOCommon"/><exampleBoolean value="false"/><groupingId value="-ka-library"/></resource><resource><extension url="http://hl7.org/fhir/tools/StructureDefinition/resource-sort"><valueInteger value="999999999"/></extension><extension url="http://hl7.org/fhir/StructureDefinition/implementationguide-page"><valueUri value="Library-WhatMattersLogic.html"/></extension><reference><reference value="Library/WhatMattersLogic"/></reference><name value="WhatMattersLogic"/><exampleBoolean value="false"/><groupingId value="-ka-library"/></resource><resource><extension url="http://hl7.org/fhir/tools/StructureDefinition/resource-sort"><valueInteger value="999999999"/></extension><extension url="http://hl7.org/fhir/StructureDefinition/implementationguide-page"><valueUri value="Questionnaire-69737-5.html"/></extension><reference><reference value="Questionnaire/69737-5"/></reference><name value="Generalized anxiety disorder 7 item"/><exampleBoolean value="false"/><groupingId value="-str-questionnaire"/></resource><resource><extension url="http://hl7.org/fhir/tools/StructureDefinition/resource-sort"><valueInteger value="999999999"/></extension><extension url="http://hl7.org/fhir/StructureDefinition/implementationguide-page"><valueUri value="Questionnaire-44249-1.html"/></extension><reference><reference value="Questionnaire/44249-1"/></reference><name value="PHQ-9 quick depression assessment panel"/><exampleBoolean value="false"/><groupingId value="-str-questionnaire"/></resource><resource><extension url="http://hl7.org/fhir/tools/StructureDefinition/resource-sort"><valueInteger value="999999999"/></extension><extension url="http://hl7.org/fhir/StructureDefinition/implementationguide-page"><valueUri value="StructureDefinition-pco-gas-score-observation.html"/></extension><reference><reference value="StructureDefinition/pco-gas-score-observation"/></reference><name value="PCO Goal Attainment Scaling (GAS) score"/><description value="The follow-up score indicates how a patient, caregiver, or practitioner rated progress on goal attainment scaling."/><exampleBoolean value="false"/><groupingId value="-str-profile"/></resource><resource><extension url="http://hl7.org/fhir/tools/StructureDefinition/resource-sort"><valueInteger value="999999999"/></extension><extension url="http://hl7.org/fhir/StructureDefinition/implementationguide-page"><valueUri value="StructureDefinition-pco-prom-score.html"/></extension><reference><reference value="StructureDefinition/pco-prom-score"/></reference><name value="Patient-Reported Outcome Measure (PROM) score"/><description value="This observation records how a patient rated their own progress score using a PROM assessment."/><exampleBoolean value="false"/><groupingId value="-str-profile"/></resource><resource><extension url="http://hl7.org/fhir/tools/StructureDefinition/resource-sort"><valueInteger value="999999999"/></extension><extension url="http://hl7.org/fhir/StructureDefinition/implementationguide-page"><valueUri value="StructureDefinition-pco-care-plan.html"/></extension><reference><reference value="StructureDefinition/pco-care-plan"/></reference><name value="Person-Centered Care Plan"/><description value="A person-centered care plan SHALL reference a person-centered goal and SHALL include action steps that support progress toward achievement of the plan's goals and desired outcomes. A plan SHOULD address the person's stated priorities for what matters most to them. Action steps may include both treatment procedures and self-care steps identified by the person."/><exampleBoolean value="false"/><groupingId value="-str-profile"/></resource><resource><extension url="http://hl7.org/fhir/tools/StructureDefinition/resource-sort"><valueInteger value="999999999"/></extension><extension url="http://hl7.org/fhir/StructureDefinition/implementationguide-page"><valueUri value="StructureDefinition-pco-gas-goal-profile.html"/></extension><reference><reference value="StructureDefinition/pco-gas-goal-profile"/></reference><name value="Person-Centered GAS Goal"/><description value="Person-centered goal with goal attainment scaling."/><exampleBoolean value="false"/><groupingId value="-str-profile"/></resource><resource><extension url="http://hl7.org/fhir/tools/StructureDefinition/resource-sort"><valueInteger value="999999999"/></extension><extension url="http://hl7.org/fhir/StructureDefinition/implementationguide-page"><valueUri value="StructureDefinition-pco-goal-profile.html"/></extension><reference><reference value="StructureDefinition/pco-goal-profile"/></reference><name value="Person-Centered Goal"/><description value="Person-centered goal focused on what matters most to an individual. A Person-centered goal SHALL include either a Person-Centered Outcome category, or address a What Matters assessment."/><exampleBoolean value="false"/><groupingId value="-str-profile"/></resource><resource><extension url="http://hl7.org/fhir/tools/StructureDefinition/resource-sort"><valueInteger value="999999999"/></extension><extension url="http://hl7.org/fhir/StructureDefinition/implementationguide-page"><valueUri value="StructureDefinition-pco-prom-goal-profile.html"/></extension><reference><reference value="StructureDefinition/pco-prom-goal-profile"/></reference><name value="Person-Centered PROM Goal"/><description value="Person-centered goal with a Patient-Reported Outcome Measure (PROM) score target."/><exampleBoolean value="false"/><groupingId value="-str-profile"/></resource><resource><extension url="http://hl7.org/fhir/tools/StructureDefinition/resource-sort"><valueInteger value="999999999"/></extension><extension url="http://hl7.org/fhir/StructureDefinition/implementationguide-page"><valueUri value="StructureDefinition-pco-progress-score-observation.html"/></extension><reference><reference value="StructureDefinition/pco-progress-score-observation"/></reference><name value="Person-Centered Progress Score"/><description value="A progress score observation for a person-centered goal."/><exampleBoolean value="false"/><groupingId value="-str-profile"/></resource><resource><extension url="http://hl7.org/fhir/tools/StructureDefinition/resource-sort"><valueInteger value="999999999"/></extension><extension url="http://hl7.org/fhir/StructureDefinition/implementationguide-page"><valueUri value="StructureDefinition-pco-what-matters-assessment.html"/></extension><reference><reference value="StructureDefinition/pco-what-matters-assessment"/></reference><name value="What Matters Assessment"/><description value="Assessment observation for one aspect of What Matters Most to a person, with component values rating where a person is now and where they would like to be in the future."/><exampleBoolean value="false"/><groupingId value="-str-profile"/></resource><resource><extension url="http://hl7.org/fhir/tools/StructureDefinition/resource-sort"><valueInteger value="999999999"/></extension><extension url="http://hl7.org/fhir/StructureDefinition/implementationguide-page"><valueUri value="StructureDefinition-pco-goal-attainment-scaling.html"/></extension><reference><reference value="StructureDefinition/pco-goal-attainment-scaling"/></reference><name value="Goal Attainment Scaling"/><description value="Goal Attainment Scaling (GAS) is an extension used to specify five levels of attainment for a person-centered goal."/><exampleBoolean value="false"/><groupingId value="-str-extension"/></resource><resource><extension url="http://hl7.org/fhir/tools/StructureDefinition/resource-sort"><valueInteger value="999999999"/></extension><extension url="http://hl7.org/fhir/StructureDefinition/implementationguide-page"><valueUri value="ValueSet-gas-score-answers.html"/></extension><reference><reference value="ValueSet/gas-score-answers"/></reference><name value="Follow-Up GAS Score Answers"/><description value="The progress rating on goal attainment scaling."/><exampleBoolean value="false"/><groupingId value="-term-valueset"/></resource><resource><extension url="http://hl7.org/fhir/tools/StructureDefinition/resource-sort"><valueInteger value="999999999"/></extension><extension url="http://hl7.org/fhir/StructureDefinition/implementationguide-page"><valueUri value="ValueSet-goal-attainment-scaling-score.html"/></extension><reference><reference value="ValueSet/goal-attainment-scaling-score"/></reference><name value="Goal Attainment Scaling (GAS) Score"/><description value="The score indicates how a patient, caregiver, or practitioner rated progress on goal attainment scaling."/><exampleBoolean value="false"/><groupingId value="-term-valueset"/></resource><resource><extension url="http://hl7.org/fhir/tools/StructureDefinition/resource-sort"><valueInteger value="999999999"/></extension><extension url="http://hl7.org/fhir/StructureDefinition/implementationguide-page"><valueUri value="ValueSet-pco-category-valueset.html"/></extension><reference><reference value="ValueSet/pco-category-valueset"/></reference><name value="PCO Categories"/><description value="Example value set to identify the category for PCO resources."/><exampleBoolean value="false"/><groupingId value="-term-valueset"/></resource><resource><extension url="http://hl7.org/fhir/tools/StructureDefinition/resource-sort"><valueInteger value="999999999"/></extension><extension url="http://hl7.org/fhir/StructureDefinition/implementationguide-page"><valueUri value="ValueSet-prom-target-measures.html"/></extension><reference><reference value="ValueSet/prom-target-measures"/></reference><name value="PROM Target Measures"/><description value="Target measure codes used to track progress on patient-reported outcome measures (PROMs)."/><exampleBoolean value="false"/><groupingId value="-term-valueset"/></resource><resource><extension url="http://hl7.org/fhir/tools/StructureDefinition/resource-sort"><valueInteger value="999999999"/></extension><extension url="http://hl7.org/fhir/StructureDefinition/implementationguide-page"><valueUri value="ValueSet-what-matters-focus-areas.html"/></extension><reference><reference value="ValueSet/what-matters-focus-areas"/></reference><name value="What Matters Focus Areas"/><description value="Example value set to identify focus areas from the VA Circle of Health. Whole Health is VA's approach to care that supports your health and well-being. Whole Health centers around What Matters to you, not what is the matter with you. This means your health team will get to know you as a person, before working with you to develop a personalized health plan based on your values, needs, and goals."/><exampleBoolean value="false"/><groupingId value="-term-valueset"/></resource><resource><extension url="http://hl7.org/fhir/tools/StructureDefinition/resource-sort"><valueInteger value="999999999"/></extension><extension url="http://hl7.org/fhir/StructureDefinition/implementationguide-page"><valueUri value="CodeSystem-pco.html"/></extension><reference><reference value="CodeSystem/pco"/></reference><name value="Codes for PCO"/><description value="Codes to identify content associated with this IG"/><exampleBoolean value="false"/><groupingId value="-term-codesystem"/></resource><resource><extension url="http://hl7.org/fhir/tools/StructureDefinition/resource-sort"><valueInteger value="999999999"/></extension><extension url="http://hl7.org/fhir/StructureDefinition/implementationguide-page"><valueUri value="CodeSystem-ncqa-goal-domains.html"/></extension><reference><reference value="CodeSystem/ncqa-goal-domains"/></reference><name value="NCQA Goal Domains"/><description value="NCQA goal domain codes used to identify the category for PCO resources."/><exampleBoolean value="false"/><groupingId value="-term-codesystem"/></resource><resource><extension url="http://hl7.org/fhir/tools/StructureDefinition/resource-sort"><valueInteger value="999999999"/></extension><extension url="http://hl7.org/fhir/StructureDefinition/implementationguide-page"><valueUri value="CodeSystem-va-whole-health.html"/></extension><reference><reference value="CodeSystem/va-whole-health"/></reference><name value="VA Whole Health Concepts"/><description value="Code system to identify &quot;What Matters&quot; concepts from the VA Whole Health appraoch and Circle of Health."/><exampleBoolean value="false"/><groupingId value="-term-codesystem"/></resource><resource><extension url="http://hl7.org/fhir/tools/StructureDefinition/resource-sort"><valueInteger value="999999999"/></extension><extension url="http://hl7.org/fhir/StructureDefinition/implementationguide-page"><valueUri value="CodeSystem-what-matters-rating.html"/></extension><reference><reference value="CodeSystem/what-matters-rating"/></reference><name value="What Matters Rating Concepts"/><description value="Code system to identify &quot;What Matters&quot; rating concepts."/><exampleBoolean value="false"/><groupingId value="-term-codesystem"/></resource><resource><extension url="http://hl7.org/fhir/tools/StructureDefinition/resource-sort"><valueInteger value="999999999"/></extension><extension url="http://hl7.org/fhir/StructureDefinition/implementationguide-page"><valueUri value="CarePlan-pcoAnxietyCarePlanExample.html"/></extension><reference><reference value="CarePlan/pcoAnxietyCarePlanExample"/></reference><name value="Care Plan for PCO Anxiety Goal"/><description value="Care Plan for a person-centered goal using a PROM score measure."/><exampleCanonical value="http://mtnlotus.com/uv/pco/StructureDefinition/pco-care-plan"/><groupingId value="-ex-example"/></resource><resource><extension url="http://hl7.org/fhir/tools/StructureDefinition/resource-sort"><valueInteger value="999999999"/></extension><extension url="http://hl7.org/fhir/StructureDefinition/implementationguide-page"><valueUri value="CarePlan-pcoPhyicalFunctionCarePlanExample.html"/></extension><reference><reference value="CarePlan/pcoPhyicalFunctionCarePlanExample"/></reference><name value="Care Plan for person-centered goal"/><description value="Care Plan for a person-centered goal with action steps for achieving what matters most to that person."/><exampleCanonical value="http://mtnlotus.com/uv/pco/StructureDefinition/pco-care-plan"/><groupingId value="-ex-example"/></resource><resource><extension url="http://hl7.org/fhir/tools/StructureDefinition/resource-sort"><valueInteger value="999999999"/></extension><extension url="http://hl7.org/fhir/StructureDefinition/implementationguide-page"><valueUri value="ServiceRequest-pcoMindfulnessSupportProgram.html"/></extension><reference><reference value="ServiceRequest/pcoMindfulnessSupportProgram"/></reference><name value="Care Plan: Action step for mindfulness program"/><description value="Care Plan activity: Mindfulness coaching to support anxiety management"/><exampleBoolean value="true"/><groupingId value="-ex-example"/></resource><resource><extension url="http://hl7.org/fhir/tools/StructureDefinition/resource-sort"><valueInteger value="999999999"/></extension><extension url="http://hl7.org/fhir/StructureDefinition/implementationguide-page"><valueUri value="MedicationRequest-pcoAntiInflammatoryMedication.html"/></extension><reference><reference value="MedicationRequest/pcoAntiInflammatoryMedication"/></reference><name value="Care Plan: Anti-Inflammatory Medication"/><description value="Care Plan activity: Anti-inflammatory gel for knee pain to enable walking"/><exampleBoolean value="true"/><groupingId value="-ex-example"/></resource><resource><extension url="http://hl7.org/fhir/tools/StructureDefinition/resource-sort"><valueInteger value="999999999"/></extension><extension url="http://hl7.org/fhir/StructureDefinition/implementationguide-page"><valueUri value="ServiceRequest-pcoPhysicalTherapyReferral.html"/></extension><reference><reference value="ServiceRequest/pcoPhysicalTherapyReferral"/></reference><name value="Care Plan: Clinical action step for PT"/><description value="Care Plan activity: Physical therapy to relieve pain related to walking"/><exampleBoolean value="true"/><groupingId value="-ex-example"/></resource><resource><extension url="http://hl7.org/fhir/tools/StructureDefinition/resource-sort"><valueInteger value="999999999"/></extension><extension url="http://hl7.org/fhir/StructureDefinition/implementationguide-page"><valueUri value="ServiceRequest-pcoWalkOutsideActionStep.html"/></extension><reference><reference value="ServiceRequest/pcoWalkOutsideActionStep"/></reference><name value="Care Plan: Personal action step"/><description value="Care Plan activity: Initial personal action step toward goal of walking dog outside"/><exampleBoolean value="true"/><groupingId value="-ex-example"/></resource><resource><extension url="http://hl7.org/fhir/tools/StructureDefinition/resource-sort"><valueInteger value="999999999"/></extension><extension url="http://hl7.org/fhir/StructureDefinition/implementationguide-page"><valueUri value="Patient-pcoPatientLopez.html"/></extension><reference><reference value="Patient/pcoPatientLopez"/></reference><name value="Example Patient Camila"/><description value="Camila Lopez"/><exampleBoolean value="true"/><groupingId value="-ex-example"/></resource><resource><extension url="http://hl7.org/fhir/tools/StructureDefinition/resource-sort"><valueInteger value="999999999"/></extension><extension url="http://hl7.org/fhir/StructureDefinition/implementationguide-page"><valueUri value="Patient-pcoPatientJones.html"/></extension><reference><reference value="Patient/pcoPatientJones"/></reference><name value="Example Patient Dorothy"/><description value="Dorothy Jones"/><exampleBoolean value="true"/><groupingId value="-ex-example"/></resource><resource><extension url="http://hl7.org/fhir/tools/StructureDefinition/resource-sort"><valueInteger value="999999999"/></extension><extension url="http://hl7.org/fhir/StructureDefinition/implementationguide-page"><valueUri value="Observation-pcoPROMScoreAnxietyExample.html"/></extension><reference><reference value="Observation/pcoPROMScoreAnxietyExample"/></reference><name value="GAD-7 PROM Follow-up Score"/><description value="Follow-up GAD-7 PROM score observation recorded by a Patient showing goal progress."/><exampleCanonical value="http://mtnlotus.com/uv/pco/StructureDefinition/pco-prom-score"/><groupingId value="-ex-example"/></resource><resource><extension url="http://hl7.org/fhir/tools/StructureDefinition/resource-sort"><valueInteger value="999999999"/></extension><extension url="http://hl7.org/fhir/StructureDefinition/implementationguide-page"><valueUri value="Observation-pcoGASScoretBaselineExample.html"/></extension><reference><reference value="Observation/pcoGASScoretBaselineExample"/></reference><name value="GAS Baseline Score"/><description value="Baseline GAS score observation at start of goal."/><exampleCanonical value="http://mtnlotus.com/uv/pco/StructureDefinition/pco-gas-score-observation"/><groupingId value="-ex-example"/></resource><resource><extension url="http://hl7.org/fhir/tools/StructureDefinition/resource-sort"><valueInteger value="999999999"/></extension><extension url="http://hl7.org/fhir/StructureDefinition/implementationguide-page"><valueUri value="Goal-pcoGoalAnxietyExample.html"/></extension><reference><reference value="Goal/pcoGoalAnxietyExample"/></reference><name value="Goal for GAD-7 PROM Outcome"/><description value="Person-centered goal with a PROM outcome target for GAD-7 score."/><exampleCanonical value="http://mtnlotus.com/uv/pco/StructureDefinition/pco-prom-goal-profile"/><groupingId value="-ex-example"/></resource><resource><extension url="http://hl7.org/fhir/tools/StructureDefinition/resource-sort"><valueInteger value="999999999"/></extension><extension url="http://hl7.org/fhir/StructureDefinition/implementationguide-page"><valueUri value="Goal-pcoGoalWalkDogExample.html"/></extension><reference><reference value="Goal/pcoGoalWalkDogExample"/></reference><name value="Goal with GAS"/><description value="Person-centered goal with attainment scaling extensions"/><exampleCanonical value="http://mtnlotus.com/uv/pco/StructureDefinition/pco-gas-goal-profile"/><groupingId value="-ex-example"/></resource><resource><extension url="http://hl7.org/fhir/tools/StructureDefinition/resource-sort"><valueInteger value="999999999"/></extension><extension url="http://hl7.org/fhir/StructureDefinition/implementationguide-page"><valueUri value="Goal-pcoGoalPainLevelExample.html"/></extension><reference><reference value="Goal/pcoGoalPainLevelExample"/></reference><name value="Goal without GAS or PROM"/><description value="Person-centered goal without attainment scaling or PROM"/><exampleCanonical value="http://mtnlotus.com/uv/pco/StructureDefinition/pco-goal-profile"/><groupingId value="-ex-example"/></resource><resource><extension url="http://hl7.org/fhir/tools/StructureDefinition/resource-sort"><valueInteger value="999999999"/></extension><extension url="http://hl7.org/fhir/StructureDefinition/implementationguide-page"><valueUri value="Practitioner-pcoPractitionerGonzalez.html"/></extension><reference><reference value="Practitioner/pcoPractitionerGonzalez"/></reference><name value="Health &amp; Wellness Coach"/><description value="Maria Gonzalez, NBC-HWC"/><exampleBoolean value="true"/><groupingId value="-ex-example"/></resource><resource><extension url="http://hl7.org/fhir/tools/StructureDefinition/resource-sort"><valueInteger value="999999999"/></extension><extension url="http://hl7.org/fhir/StructureDefinition/implementationguide-page"><valueUri value="Observation-pcoGASScorePatientFollowupExample.html"/></extension><reference><reference value="Observation/pcoGASScorePatientFollowupExample"/></reference><name value="Patient GAS Follow-up Score"/><description value="Follow-up GAS score observation recorded by a Patient showing goal progress."/><exampleCanonical value="http://mtnlotus.com/uv/pco/StructureDefinition/pco-gas-score-observation"/><groupingId value="-ex-example"/></resource><resource><extension url="http://hl7.org/fhir/tools/StructureDefinition/resource-sort"><valueInteger value="999999999"/></extension><extension url="http://hl7.org/fhir/StructureDefinition/implementationguide-page"><valueUri value="Observation-pcoGASScorePractitionerFollowupExample.html"/></extension><reference><reference value="Observation/pcoGASScorePractitionerFollowupExample"/></reference><name value="Practitioner GAS Follow-up Score"/><description value="Follow-up GAS score observation recorded by a Practitioner showing goal progress."/><exampleCanonical value="http://mtnlotus.com/uv/pco/StructureDefinition/pco-gas-score-observation"/><groupingId value="-ex-example"/></resource><resource><extension url="http://hl7.org/fhir/tools/StructureDefinition/resource-sort"><valueInteger value="999999999"/></extension><extension url="http://hl7.org/fhir/StructureDefinition/implementationguide-page"><valueUri value="Practitioner-pcoPractitionerAnderson.html"/></extension><reference><reference value="Practitioner/pcoPractitionerAnderson"/></reference><name value="Primary Care Physician"/><description value="John Anderson, MD"/><exampleBoolean value="true"/><groupingId value="-ex-example"/></resource><resource><extension url="http://hl7.org/fhir/tools/StructureDefinition/resource-sort"><valueInteger value="999999999"/></extension><extension url="http://hl7.org/fhir/StructureDefinition/implementationguide-page"><valueUri value="Observation-pcoWhatMattersRelationshipsExample.html"/></extension><reference><reference value="Observation/pcoWhatMattersRelationshipsExample"/></reference><name value="What Matters: Family &amp; Friends"/><description value="What Matters assessment observation recorded by a Patient as preparation for creating PCO goals and CarePlan action steps."/><exampleCanonical value="http://mtnlotus.com/uv/pco/StructureDefinition/pco-what-matters-assessment"/><groupingId value="-ex-example"/></resource><resource><extension url="http://hl7.org/fhir/tools/StructureDefinition/resource-sort"><valueInteger value="999999999"/></extension><extension url="http://hl7.org/fhir/StructureDefinition/implementationguide-page"><valueUri value="Observation-pcoWhatMattersBodyExample.html"/></extension><reference><reference value="Observation/pcoWhatMattersBodyExample"/></reference><name value="What Matters: Moving the Body"/><description value="What Matters assessment observation recorded by a Patient as preparation for creating PCO goals and CarePlan action steps."/><exampleCanonical value="http://mtnlotus.com/uv/pco/StructureDefinition/pco-what-matters-assessment"/><groupingId value="-ex-example"/></resource><resource><extension url="http://hl7.org/fhir/tools/StructureDefinition/resource-sort"><valueInteger value="999999999"/></extension><extension url="http://hl7.org/fhir/StructureDefinition/implementationguide-page"><valueUri value="Device-cqf-tooling.html"/></extension><reference><reference value="Device/cqf-tooling"/></reference><name value="cqf-tooling"/><exampleBoolean value="false"/><groupingId value="-other"/></resource><page><extension url="http://hl7.org/fhir/tools/StructureDefinition/ig-page-name"><valueUrl value="toc.html"/></extension><nameUrl value="toc.html"/><title value="Table of Contents"/><generation value="html"/><page><extension url="http://hl7.org/fhir/tools/StructureDefinition/ig-page-name"><valueUrl value="index.html"/></extension><nameUrl value="index.html"/><title value="Home"/><generation value="markdown"/></page><page><extension url="http://hl7.org/fhir/tools/StructureDefinition/ig-page-name"><valueUrl value="downloads.html"/></extension><nameUrl value="downloads.html"/><title value="Downloads"/><generation value="markdown"/></page><page><extension url="http://hl7.org/fhir/tools/StructureDefinition/ig-page-name"><valueUrl value="feedback.html"/></extension><nameUrl value="feedback.html"/><title value="Feedback"/><generation value="markdown"/></page><page><extension url="http://hl7.org/fhir/tools/StructureDefinition/ig-page-name"><valueUrl value="formal_specification.html"/></extension><nameUrl value="formal_specification.html"/><title value="Formal Specification"/><generation value="markdown"/></page><page><extension url="http://hl7.org/fhir/tools/StructureDefinition/ig-page-name"><valueUrl value="underlying_technologies.html"/></extension><nameUrl value="underlying_technologies.html"/><title value="Underlying Technologies"/><generation value="markdown"/></page><page><extension url="http://hl7.org/fhir/tools/StructureDefinition/ig-page-name"><valueUrl value="use_cases.html"/></extension><nameUrl value="use_cases.html"/><title value="Use Cases"/><generation value="markdown"/></page><page><extension url="http://hl7.org/fhir/tools/StructureDefinition/ig-page-name"><valueUrl value="user_stories.html"/></extension><nameUrl value="user_stories.html"/><title value="User Stories"/><generation value="markdown"/></page><page><extension url="http://hl7.org/fhir/tools/StructureDefinition/ig-page-name"><valueUrl value="artifacts.html"/></extension><nameUrl value="artifacts.html"/><title value="Artifacts Summary"/><generation value="html"/><page><extension url="http://hl7.org/fhir/tools/StructureDefinition/ig-page-name"><valueUrl value="Measure-GoalFollowUpMeasure.html"/></extension><nameUrl value="Measure-GoalFollowUpMeasure.html"/><title value="Person-Centered Goal Follow-Up"/><generation value="generated"/><page><extension url="http://hl7.org/fhir/tools/StructureDefinition/ig-page-name"><valueUrl value="Library-GoalFollowUpMeasure_effective-data-requirements.html"/></extension><nameUrl value="Library-GoalFollowUpMeasure_effective-data-requirements.html"/><title value="Library"/><generation value="generated"/></page></page><page><extension url="http://hl7.org/fhir/tools/StructureDefinition/ig-page-name"><valueUrl value="Measure-GoalIdentificationMeasure.html"/></extension><nameUrl value="Measure-GoalIdentificationMeasure.html"/><title value="Person-Centered Goal Identification"/><generation value="generated"/><page><extension url="http://hl7.org/fhir/tools/StructureDefinition/ig-page-name"><valueUrl value="Library-GoalIdentificationMeasure_effective-data-requirements.html"/></extension><nameUrl value="Library-GoalIdentificationMeasure_effective-data-requirements.html"/><title value="Library"/><generation value="generated"/></page></page><page><extension url="http://hl7.org/fhir/tools/StructureDefinition/ig-page-name"><valueUrl value="Library-FHIRHelpers.html"/></extension><nameUrl value="Library-FHIRHelpers.html"/><title value="FHIRHelpers"/><generation value="generated"/></page><page><extension url="http://hl7.org/fhir/tools/StructureDefinition/ig-page-name"><valueUrl value="Library-GoalAttainmentLogic.html"/></extension><nameUrl value="Library-GoalAttainmentLogic.html"/><title value="GoalAttainmentLogic"/><generation value="generated"/></page><page><extension url="http://hl7.org/fhir/tools/StructureDefinition/ig-page-name"><valueUrl value="Library-GoalFollowUpMeasure.html"/></extension><nameUrl value="Library-GoalFollowUpMeasure.html"/><title value="GoalFollowUpMeasure"/><generation value="generated"/></page><page><extension url="http://hl7.org/fhir/tools/StructureDefinition/ig-page-name"><valueUrl value="Library-GoalIdentificationMeasure.html"/></extension><nameUrl value="Library-GoalIdentificationMeasure.html"/><title value="GoalIdentificationMeasure"/><generation value="generated"/></page><page><extension url="http://hl7.org/fhir/tools/StructureDefinition/ig-page-name"><valueUrl value="Library-PCOCommon.html"/></extension><nameUrl value="Library-PCOCommon.html"/><title value="PCOCommon"/><generation value="generated"/></page><page><extension url="http://hl7.org/fhir/tools/StructureDefinition/ig-page-name"><valueUrl value="Library-WhatMattersLogic.html"/></extension><nameUrl value="Library-WhatMattersLogic.html"/><title value="WhatMattersLogic"/><generation value="generated"/></page><page><extension url="http://hl7.org/fhir/tools/StructureDefinition/ig-page-name"><valueUrl value="Questionnaire-69737-5.html"/></extension><nameUrl value="Questionnaire-69737-5.html"/><title value="Generalized anxiety disorder 7 item"/><generation value="generated"/></page><page><extension url="http://hl7.org/fhir/tools/StructureDefinition/ig-page-name"><valueUrl value="Questionnaire-44249-1.html"/></extension><nameUrl value="Questionnaire-44249-1.html"/><title value="PHQ-9 quick depression assessment panel"/><generation value="generated"/></page><page><extension url="http://hl7.org/fhir/tools/StructureDefinition/ig-page-name"><valueUrl value="StructureDefinition-pco-prom-score.html"/></extension><nameUrl value="StructureDefinition-pco-prom-score.html"/><title value="Patient-Reported Outcome Measure (PROM) score"/><generation value="generated"/></page><page><extension url="http://hl7.org/fhir/tools/StructureDefinition/ig-page-name"><valueUrl value="StructureDefinition-pco-gas-score-observation.html"/></extension><nameUrl value="StructureDefinition-pco-gas-score-observation.html"/><title value="PCO Goal Attainment Scaling (GAS) score"/><generation value="generated"/></page><page><extension url="http://hl7.org/fhir/tools/StructureDefinition/ig-page-name"><valueUrl value="StructureDefinition-pco-care-plan.html"/></extension><nameUrl value="StructureDefinition-pco-care-plan.html"/><title value="Person-Centered Care Plan"/><generation value="generated"/></page><page><extension url="http://hl7.org/fhir/tools/StructureDefinition/ig-page-name"><valueUrl value="StructureDefinition-pco-gas-goal-profile.html"/></extension><nameUrl value="StructureDefinition-pco-gas-goal-profile.html"/><title value="Person-Centered GAS Goal"/><generation value="generated"/></page><page><extension url="http://hl7.org/fhir/tools/StructureDefinition/ig-page-name"><valueUrl value="StructureDefinition-pco-goal-profile.html"/></extension><nameUrl value="StructureDefinition-pco-goal-profile.html"/><title value="Person-Centered Goal"/><generation value="generated"/></page><page><extension url="http://hl7.org/fhir/tools/StructureDefinition/ig-page-name"><valueUrl value="StructureDefinition-pco-progress-score-observation.html"/></extension><nameUrl value="StructureDefinition-pco-progress-score-observation.html"/><title value="Person-Centered Progress Score"/><generation value="generated"/></page><page><extension url="http://hl7.org/fhir/tools/StructureDefinition/ig-page-name"><valueUrl value="StructureDefinition-pco-prom-goal-profile.html"/></extension><nameUrl value="StructureDefinition-pco-prom-goal-profile.html"/><title value="Person-Centered PROM Goal"/><generation value="generated"/></page><page><extension url="http://hl7.org/fhir/tools/StructureDefinition/ig-page-name"><valueUrl value="StructureDefinition-pco-what-matters-assessment.html"/></extension><nameUrl value="StructureDefinition-pco-what-matters-assessment.html"/><title value="What Matters Assessment"/><generation value="generated"/></page><page><extension url="http://hl7.org/fhir/tools/StructureDefinition/ig-page-name"><valueUrl value="StructureDefinition-pco-goal-attainment-scaling.html"/></extension><nameUrl value="StructureDefinition-pco-goal-attainment-scaling.html"/><title value="Goal Attainment Scaling"/><generation value="generated"/></page><page><extension url="http://hl7.org/fhir/tools/StructureDefinition/ig-page-name"><valueUrl value="ValueSet-gas-score-answers.html"/></extension><nameUrl value="ValueSet-gas-score-answers.html"/><title value="Follow-Up GAS Score Answers"/><generation value="generated"/></page><page><extension url="http://hl7.org/fhir/tools/StructureDefinition/ig-page-name"><valueUrl value="ValueSet-goal-attainment-scaling-score.html"/></extension><nameUrl value="ValueSet-goal-attainment-scaling-score.html"/><title value="Goal Attainment Scaling (GAS) Score"/><generation value="generated"/></page><page><extension url="http://hl7.org/fhir/tools/StructureDefinition/ig-page-name"><valueUrl value="ValueSet-pco-category-valueset.html"/></extension><nameUrl value="ValueSet-pco-category-valueset.html"/><title value="PCO Categories"/><generation value="generated"/></page><page><extension url="http://hl7.org/fhir/tools/StructureDefinition/ig-page-name"><valueUrl value="ValueSet-prom-target-measures.html"/></extension><nameUrl value="ValueSet-prom-target-measures.html"/><title value="PROM Target Measures"/><generation value="generated"/></page><page><extension url="http://hl7.org/fhir/tools/StructureDefinition/ig-page-name"><valueUrl value="ValueSet-what-matters-focus-areas.html"/></extension><nameUrl value="ValueSet-what-matters-focus-areas.html"/><title value="What Matters Focus Areas"/><generation value="generated"/></page><page><extension url="http://hl7.org/fhir/tools/StructureDefinition/ig-page-name"><valueUrl value="CodeSystem-pco.html"/></extension><nameUrl value="CodeSystem-pco.html"/><title value="Codes for PCO"/><generation value="generated"/></page><page><extension url="http://hl7.org/fhir/tools/StructureDefinition/ig-page-name"><valueUrl value="CodeSystem-ncqa-goal-domains.html"/></extension><nameUrl value="CodeSystem-ncqa-goal-domains.html"/><title value="NCQA Goal Domains"/><generation value="generated"/></page><page><extension url="http://hl7.org/fhir/tools/StructureDefinition/ig-page-name"><valueUrl value="CodeSystem-va-whole-health.html"/></extension><nameUrl value="CodeSystem-va-whole-health.html"/><title value="VA Whole Health Concepts"/><generation value="generated"/></page><page><extension url="http://hl7.org/fhir/tools/StructureDefinition/ig-page-name"><valueUrl value="CodeSystem-what-matters-rating.html"/></extension><nameUrl value="CodeSystem-what-matters-rating.html"/><title value="What Matters Rating Concepts"/><generation value="generated"/></page><page><extension url="http://hl7.org/fhir/tools/StructureDefinition/ig-page-name"><valueUrl value="CarePlan-pcoAnxietyCarePlanExample.html"/></extension><nameUrl value="CarePlan-pcoAnxietyCarePlanExample.html"/><title value="Care Plan for PCO Anxiety Goal"/><generation value="generated"/></page><page><extension url="http://hl7.org/fhir/tools/StructureDefinition/ig-page-name"><valueUrl value="CarePlan-pcoPhyicalFunctionCarePlanExample.html"/></extension><nameUrl value="CarePlan-pcoPhyicalFunctionCarePlanExample.html"/><title value="Care Plan for person-centered goal"/><generation value="generated"/></page><page><extension url="http://hl7.org/fhir/tools/StructureDefinition/ig-page-name"><valueUrl value="ServiceRequest-pcoMindfulnessSupportProgram.html"/></extension><nameUrl value="ServiceRequest-pcoMindfulnessSupportProgram.html"/><title value="Care Plan: Action step for mindfulness program"/><generation value="generated"/></page><page><extension url="http://hl7.org/fhir/tools/StructureDefinition/ig-page-name"><valueUrl value="MedicationRequest-pcoAntiInflammatoryMedication.html"/></extension><nameUrl value="MedicationRequest-pcoAntiInflammatoryMedication.html"/><title value="Care Plan: Anti-Inflammatory Medication"/><generation value="generated"/></page><page><extension url="http://hl7.org/fhir/tools/StructureDefinition/ig-page-name"><valueUrl value="ServiceRequest-pcoPhysicalTherapyReferral.html"/></extension><nameUrl value="ServiceRequest-pcoPhysicalTherapyReferral.html"/><title value="Care Plan: Clinical action step for PT"/><generation value="generated"/></page><page><extension url="http://hl7.org/fhir/tools/StructureDefinition/ig-page-name"><valueUrl value="ServiceRequest-pcoWalkOutsideActionStep.html"/></extension><nameUrl value="ServiceRequest-pcoWalkOutsideActionStep.html"/><title value="Care Plan: Personal action step"/><generation value="generated"/></page><page><extension url="http://hl7.org/fhir/tools/StructureDefinition/ig-page-name"><valueUrl value="Patient-pcoPatientLopez.html"/></extension><nameUrl value="Patient-pcoPatientLopez.html"/><title value="Example Patient Camila"/><generation value="generated"/></page><page><extension url="http://hl7.org/fhir/tools/StructureDefinition/ig-page-name"><valueUrl value="Patient-pcoPatientJones.html"/></extension><nameUrl value="Patient-pcoPatientJones.html"/><title value="Example Patient Dorothy"/><generation value="generated"/></page><page><extension url="http://hl7.org/fhir/tools/StructureDefinition/ig-page-name"><valueUrl value="Observation-pcoPROMScoreAnxietyExample.html"/></extension><nameUrl value="Observation-pcoPROMScoreAnxietyExample.html"/><title value="GAD-7 PROM Follow-up Score"/><generation value="generated"/></page><page><extension url="http://hl7.org/fhir/tools/StructureDefinition/ig-page-name"><valueUrl value="Observation-pcoGASScoretBaselineExample.html"/></extension><nameUrl value="Observation-pcoGASScoretBaselineExample.html"/><title value="GAS Baseline Score"/><generation value="generated"/></page><page><extension url="http://hl7.org/fhir/tools/StructureDefinition/ig-page-name"><valueUrl value="Goal-pcoGoalAnxietyExample.html"/></extension><nameUrl value="Goal-pcoGoalAnxietyExample.html"/><title value="Goal for GAD-7 PROM Outcome"/><generation value="generated"/></page><page><extension url="http://hl7.org/fhir/tools/StructureDefinition/ig-page-name"><valueUrl value="Goal-pcoGoalWalkDogExample.html"/></extension><nameUrl value="Goal-pcoGoalWalkDogExample.html"/><title value="Goal with GAS"/><generation value="generated"/></page><page><extension url="http://hl7.org/fhir/tools/StructureDefinition/ig-page-name"><valueUrl value="Goal-pcoGoalPainLevelExample.html"/></extension><nameUrl value="Goal-pcoGoalPainLevelExample.html"/><title value="Goal without GAS or PROM"/><generation value="generated"/></page><page><extension url="http://hl7.org/fhir/tools/StructureDefinition/ig-page-name"><valueUrl value="Practitioner-pcoPractitionerGonzalez.html"/></extension><nameUrl value="Practitioner-pcoPractitionerGonzalez.html"/><title value="Health &amp; Wellness Coach"/><generation value="generated"/></page><page><extension url="http://hl7.org/fhir/tools/StructureDefinition/ig-page-name"><valueUrl value="Observation-pcoGASScorePatientFollowupExample.html"/></extension><nameUrl value="Observation-pcoGASScorePatientFollowupExample.html"/><title value="Patient GAS Follow-up Score"/><generation value="generated"/></page><page><extension url="http://hl7.org/fhir/tools/StructureDefinition/ig-page-name"><valueUrl value="Observation-pcoGASScorePractitionerFollowupExample.html"/></extension><nameUrl value="Observation-pcoGASScorePractitionerFollowupExample.html"/><title value="Practitioner GAS Follow-up Score"/><generation value="generated"/></page><page><extension url="http://hl7.org/fhir/tools/StructureDefinition/ig-page-name"><valueUrl value="Practitioner-pcoPractitionerAnderson.html"/></extension><nameUrl value="Practitioner-pcoPractitionerAnderson.html"/><title value="Primary Care Physician"/><generation value="generated"/></page><page><extension url="http://hl7.org/fhir/tools/StructureDefinition/ig-page-name"><valueUrl value="Observation-pcoWhatMattersRelationshipsExample.html"/></extension><nameUrl value="Observation-pcoWhatMattersRelationshipsExample.html"/><title value="What Matters: Family &amp; Friends"/><generation value="generated"/></page><page><extension url="http://hl7.org/fhir/tools/StructureDefinition/ig-page-name"><valueUrl value="Observation-pcoWhatMattersBodyExample.html"/></extension><nameUrl value="Observation-pcoWhatMattersBodyExample.html"/><title value="What Matters: Moving the Body"/><generation value="generated"/></page><page><extension url="http://hl7.org/fhir/tools/StructureDefinition/ig-page-name"><valueUrl value="Device-cqf-tooling.html"/></extension><nameUrl value="Device-cqf-tooling.html"/><title value="cqf-tooling"/><generation value="generated"/></page></page></page><parameter><code value="path-resource"/><value value="input/resources/device"/></parameter><parameter><code value="path-resource"/><value value="input/resources/library"/></parameter><parameter><code value="path-resource"/><value value="input/resources/measure"/></parameter><parameter><code value="path-resource"/><value value="input/resources/questionnaire"/></parameter><parameter><code value="path-resource"/><value value="input/capabilities"/></parameter><parameter><code value="path-resource"/><value value="input/examples"/></parameter><parameter><code value="path-resource"/><value value="input/extensions"/></parameter><parameter><code value="path-resource"/><value value="input/models"/></parameter><parameter><code value="path-resource"/><value value="input/operations"/></parameter><parameter><code value="path-resource"/><value value="input/profiles"/></parameter><parameter><code value="path-resource"/><value value="input/resources"/></parameter><parameter><code value="path-resource"/><value value="input/vocabulary"/></parameter><parameter><code value="path-resource"/><value value="input/testing"/></parameter><parameter><code value="path-resource"/><value value="input/history"/></parameter><parameter><code value="path-resource"/><value value="fsh-generated/resources"/></parameter><parameter><code value="path-pages"/><value value="template/config"/></parameter><parameter><code value="path-pages"/><value value="input/images"/></parameter><parameter><code value="path-tx-cache"/><value value="input-cache/txcache"/></parameter></definition></ImplementationGuide>