<?xml version="1.0" encoding="UTF-8"?><Measure xmlns="http://hl7.org/fhir"><id value="GoalIdentificationMeasure"/><meta><profile value="http://hl7.org/fhir/us/cqfmeasures/StructureDefinition/computable-measure-cqfm"/><profile value="http://hl7.org/fhir/us/cqfmeasures/StructureDefinition/publishable-measure-cqfm"/><profile value="http://hl7.org/fhir/us/cqfmeasures/StructureDefinition/executable-measure-cqfm"/></meta><contained><Library><id value="effective-data-requirements"/><extension url="http://hl7.org/fhir/us/cqfmeasures/StructureDefinition/cqfm-logicDefinition"><extension url="libraryName"><valueString value="GoalIdentificationMeasure"/></extension><extension url="name"><valueString value="Initial Population"/></extension><extension url="statement"><valueString value="/*&#xA;Goal Identification: % of individuals 18 years of age and older with a complex care need &#xA;who had a PCO goal identified resulting in completion of goal attainment scaling (GAS) &#xA;or a Patient-Reported Outcome Measure (PROM) and development of an action plan.&#xA;*/&#xA;&#xA;/// individuals 18 years of age and older&#xA;define &quot;Initial Population&quot;: {&#xA;  Patient person&#xA;    where AgeInYearsAt(start of &quot;Measurement Period&quot;) &gt;= 18&#xA;}"/></extension><extension url="displaySequence"><valueInteger value="0"/></extension></extension><extension url="http://hl7.org/fhir/us/cqfmeasures/StructureDefinition/cqfm-logicDefinition"><extension url="libraryName"><valueString value="GoalIdentificationMeasure"/></extension><extension url="name"><valueString value="Denominator"/></extension><extension url="statement"><valueString value="/// TODO: with a complex care need &#xA;define &quot;Denominator&quot;:&#xA;  &quot;Initial Population&quot;"/></extension><extension url="displaySequence"><valueInteger value="1"/></extension></extension><extension url="http://hl7.org/fhir/us/cqfmeasures/StructureDefinition/cqfm-logicDefinition"><extension url="libraryName"><valueString value="GoalAttainmentLogic"/></extension><extension url="name"><valueString value="PCO Goals"/></extension><extension url="statement"><valueString value="// A &quot;PCO Goal&quot; is any FHIR Goal that has a category in &quot;PCO Categories&quot;&#xA;define &quot;PCO Goals&quot;:&#xA;  [Goal] goal&#xA;    where goal.category in &quot;PCO Categories&quot;"/></extension><extension url="displaySequence"><valueInteger value="2"/></extension></extension><extension url="http://hl7.org/fhir/us/cqfmeasures/StructureDefinition/cqfm-logicDefinition"><extension url="libraryName"><valueString value="GoalIdentificationMeasure"/></extension><extension url="name"><valueString value="Identified PCO Goals"/></extension><extension url="statement"><valueString value="define &quot;Identified PCO Goals&quot;:&#xA;  GAS.&quot;PCO Goals&quot; pcoGoal&#xA;    where ToDateTime(pcoGoal.start as FHIR.date) during &quot;Measurement Period&quot;"/></extension><extension url="displaySequence"><valueInteger value="3"/></extension></extension><extension url="http://hl7.org/fhir/us/cqfmeasures/StructureDefinition/cqfm-logicDefinition"><extension url="libraryName"><valueString value="GoalIdentificationMeasure"/></extension><extension url="name"><valueString value="Numerator"/></extension><extension url="statement"><valueString value="/// has a PCO goal identified resulting in completion of goal attainment scaling (GAS)&#xA;/// ... and development of an action plan.&#xA;define &quot;Numerator&quot;:&#xA;  &quot;Denominator&quot; person where (&#xA;    exists &quot;Identified PCO Goals&quot; pcoGoal&#xA;      where pcoGoal.hasGAS()&#xA;        and exists pcoGoal.carePlans()&#xA;  )"/></extension><extension url="displaySequence"><valueInteger value="4"/></extension></extension><extension url="http://hl7.org/fhir/us/cqfmeasures/StructureDefinition/cqfm-logicDefinition"><extension url="libraryName"><valueString value="GoalIdentificationMeasure"/></extension><extension url="name"><valueString value="Denominator Exclusions"/></extension><extension url="statement"><valueString value="define &quot;Denominator Exclusions&quot;:&#xA;  null"/></extension><extension url="displaySequence"><valueInteger value="5"/></extension></extension><extension url="http://hl7.org/fhir/us/cqfmeasures/StructureDefinition/cqfm-logicDefinition"><extension url="libraryName"><valueString value="GoalIdentificationMeasure"/></extension><extension url="name"><valueString value="Denominator Exceptions"/></extension><extension url="statement"><valueString value="define &quot;Denominator Exceptions&quot;:&#xA;  null"/></extension><extension url="displaySequence"><valueInteger value="6"/></extension></extension><extension url="http://hl7.org/fhir/us/cqfmeasures/StructureDefinition/cqfm-logicDefinition"><extension url="libraryName"><valueString value="FHIRHelpers"/></extension><extension url="name"><valueString value="ToConcept"/></extension><extension url="statement"><valueString value="/*&#xA;@description: Converts the given FHIR [CodeableConcept](https://hl7.org/fhir/datatypes.html#CodeableConcept) value to a CQL Concept.&#xA;*/&#xA;define function ToConcept(concept FHIR.CodeableConcept):&#xA;    if concept is null then&#xA;        null&#xA;    else&#xA;        System.Concept {&#xA;            codes: concept.coding C return ToCode(C),&#xA;            display: concept.text.value&#xA;        }"/></extension><extension url="displaySequence"><valueInteger value="7"/></extension></extension><extension url="http://hl7.org/fhir/us/cqfmeasures/StructureDefinition/cqfm-logicDefinition"><extension url="libraryName"><valueString value="FHIRHelpers"/></extension><extension url="name"><valueString value="ToDate"/></extension><extension url="statement"><valueString value="define function ToDate(value date): value.value"/></extension><extension url="displaySequence"><valueInteger value="8"/></extension></extension><extension url="http://hl7.org/fhir/us/cqfmeasures/StructureDefinition/cqfm-logicDefinition"><extension url="libraryName"><valueString value="GoalAttainmentLogic"/></extension><extension url="name"><valueString value="hasGAS"/></extension><extension url="statement"><valueString value="define fluent function hasGAS(goal Goal):&#xA;  exists goal.extensions('http://mtnlotus.com/uv/pco/StructureDefinition/pco-goal-attainment-scaling')"/></extension><extension url="displaySequence"><valueInteger value="9"/></extension></extension><extension url="http://hl7.org/fhir/us/cqfmeasures/StructureDefinition/cqfm-logicDefinition"><extension url="libraryName"><valueString value="GoalAttainmentLogic"/></extension><extension url="name"><valueString value="extensions"/></extension><extension url="statement"><valueString value="// Note: the external versions of the following functions in FHIRHelpers do not execute in VS Code.&#xA;&#xA;/*&#xA;@description: Returns any extensions defined on the given resource with the specified url.&#xA;@comment: NOTE: Extensions are not the preferred approach, but are used as a way to access&#xA;content that is defined by extensions but not yet surfaced in the&#xA;CQL model info.&#xA;*/&#xA;define fluent function extensions(domainResource DomainResource, url String):&#xA;  domainResource.extension E&#xA;&#x9;  where E.url = url&#xA;&#x9;&#x9;return E"/></extension><extension url="displaySequence"><valueInteger value="10"/></extension></extension><extension url="http://hl7.org/fhir/us/cqfmeasures/StructureDefinition/cqfm-logicDefinition"><extension url="libraryName"><valueString value="FHIRHelpers"/></extension><extension url="name"><valueString value="ToString"/></extension><extension url="statement"><valueString value="define function ToString(value uri): value.value"/></extension><extension url="displaySequence"><valueInteger value="11"/></extension></extension><extension url="http://hl7.org/fhir/us/cqfmeasures/StructureDefinition/cqfm-logicDefinition"><extension url="libraryName"><valueString value="GoalAttainmentLogic"/></extension><extension url="name"><valueString value="carePlans"/></extension><extension url="statement"><valueString value="// Returns a list of CarePlan that support this Goal.&#xA;define fluent function carePlans(goal Goal):&#xA;  [CarePlan] carePlan&#xA;    where exists ( carePlan.goal goalRef&#xA;        where goal.id = goalRef.reference.getId()&#xA;    )"/></extension><extension url="displaySequence"><valueInteger value="12"/></extension></extension><extension url="http://hl7.org/fhir/us/cqfmeasures/StructureDefinition/cqfm-logicDefinition"><extension url="libraryName"><valueString value="GoalAttainmentLogic"/></extension><extension url="name"><valueString value="getId"/></extension><extension url="statement"><valueString value="/*&#xA; * General FHIR data helpers.&#xA; */&#xA;&#xA;define fluent function getId(uri String):&#xA;  Last(Split(uri, '/'))"/></extension><extension url="displaySequence"><valueInteger value="13"/></extension></extension><name value="EffectiveDataRequirements"/><status value="active"/><type><coding><system value="http://terminology.hl7.org/CodeSystem/library-type"/><code value="module-definition"/></coding></type><relatedArtifact><type value="depends-on"/><display value="Library GAS"/><resource value="http://mtnlotus.com/uv/pco/Library/GoalAttainmentLogic|0.1.0"/></relatedArtifact><relatedArtifact><type value="depends-on"/><display value="Library FHIRHelpers"/><resource value="http://mtnlotus.com/uv/pco/Library/FHIRHelpers|4.4.000"/></relatedArtifact><relatedArtifact><type value="depends-on"/><display value="Value set PCO Categories"/><resource value="http://mtnlotus.com/uv/pco/ValueSet/pco-category-valueset"/></relatedArtifact><parameter><name value="Measurement Period"/><use value="in"/><min value="0"/><max value="1"/><type value="Period"/></parameter><parameter><name value="Numerator"/><use value="out"/><min value="0"/><max value="*"/><type value="Patient"/></parameter><parameter><name value="Denominator"/><use value="out"/><min value="0"/><max value="*"/><type value="Patient"/></parameter><parameter><name value="Initial Population"/><use value="out"/><min value="0"/><max value="*"/><type value="Patient"/></parameter><parameter><name value="Denominator Exclusions"/><use value="out"/><min value="0"/><max value="1"/><type value="Resource"/></parameter><parameter><name value="Denominator Exceptions"/><use value="out"/><min value="0"/><max value="1"/><type value="Resource"/></parameter><dataRequirement><type value="Patient"/><profile value="http://hl7.org/fhir/StructureDefinition/Patient"/></dataRequirement><dataRequirement><type value="Goal"/><profile value="http://hl7.org/fhir/StructureDefinition/Goal"/><mustSupport value="category"/><mustSupport value="start"/></dataRequirement><dataRequirement><type value="CarePlan"/><profile value="http://hl7.org/fhir/StructureDefinition/CarePlan"/><mustSupport value="goal"/></dataRequirement></Library></contained><extension url="http://hl7.org/fhir/us/cqfmeasures/StructureDefinition/cqfm-softwaresystem"><valueReference><reference value="Device/cqf-tooling"/></valueReference></extension><extension id="effective-data-requirements" url="http://hl7.org/fhir/us/cqfmeasures/StructureDefinition/cqfm-effectiveDataRequirements"><valueReference><reference value="#effective-data-requirements"/></valueReference></extension><url value="http://mtnlotus.com/uv/pco/Measure/GoalIdentificationMeasure"/><identifier><use value="usual"/><type><coding><system value="http://hl7.org/fhir/us/cqfmeasures/CodeSystem/identifier-type"/><code value="short-name"/></coding></type><system value="https://madie.cms.gov/measure/shortName"/><value value="PCOMeasure1"/></identifier><identifier><use value="official"/><type><coding><system value="http://hl7.org/fhir/us/cqfmeasures/CodeSystem/identifier-type"/><code value="version-independent"/></coding></type><system value="urn:ietf:rfc:3986"/><value value="urn:uuid:bc80e4cf-d267-47bf-ad0d-4d37f8ae2328"/></identifier><identifier><use value="official"/><type><coding><system value="http://hl7.org/fhir/us/cqfmeasures/CodeSystem/identifier-type"/><code value="version-specific"/></coding></type><system value="urn:ietf:rfc:3986"/><value value="urn:uuid:5c16a2fb-1882-49aa-802b-a0b73ed17c05"/></identifier><identifier><use value="official"/><type><coding><system value="http://hl7.org/fhir/us/cqfmeasures/CodeSystem/identifier-type"/><code value="publisher"/></coding></type><system value="https://madie.cms.gov/measure/cmsId"/><value value="NA"/><assigner><display value="CMS"/></assigner></identifier><version value="0.1.0"/><name value="GoalIdentificationMeasure"/><title value="Person-Centered Goal Identification"/><status value="draft"/><experimental value="false"/><date value="2024-08-16T23:24:39+00:00"/><publisher value="Mountain Lotus WellBeing LLC"/><contact><name value="Mountain Lotus WellBeing LLC"/><telecom><system value="url"/><value value="http://mtnlotus.com"/></telecom></contact><description value="Goal Identification: % of individuals 18 years of age and older with a complex care need who had a PCO goal identified resulting in completion of goal attainment scaling (GAS) or a Patient-Reported Outcome Measure (PROM) and development of an action plan."/><jurisdiction><coding><system value="http://unstats.un.org/unsd/methods/m49/m49.htm"/><code value="001"/><display value="World"/></coding></jurisdiction><purpose value="Goal Attainment Scaling (GAS) in healthcare measures the extent to which individuals achieve specific goals or objectives. It allows for the quantification and evaluation of progress toward individualized goals, particularly in areas where traditional outcome measures may be insufficient."/><usage value="Content TBD."/><copyright value="Measure specifications are in the Public Domain.&#xA;&#xA;LOINC(R) copyright 2004-2023 Regenstrief Institute, Inc. This material contains SNOMED Clinical Terms(R) (SNOMED CT[R]) copyright 2004-2023 International Health Terminology Standards Development Organisation. ICD-10 copyright 2023 World Health Organization. All Rights Reserved."/><effectivePeriod><start value="2024-01-01"/><end value="2024-12-31"/></effectivePeriod><author><name value="Mountain Lotus WellBeing LLC"/><telecom><system value="url"/><value value="https://www.mtnlotus.com/"/></telecom></author><library value="http://mtnlotus.com/uv/pco/Library/GoalIdentificationMeasure"/><disclaimer value="These performance measures are not clinical guidelines and do not establish a standard of medical care, and have not been tested for all potential applications. The measures and specifications are provided without warranty."/><scoring><coding><system value="http://terminology.hl7.org/CodeSystem/measure-scoring"/><code value="proportion"/><display value="Proportion"/></coding></scoring><rationale value="Goal-directed care in healthcare centers on setting and achieving specific, personalized goals that prioritize an individual's well-being and &quot;What Matters Most&quot; to each person. Rather than just treating symptoms, this approach involves close collaboration between patients, caregivers, and healthcare providers to identify individual goals related to health outcomes, functional improvement, or symptom management. Once goals are established, tailored care plans are developed, incorporating various treatments, therapies, and lifestyle adjustments to meet the individual's needs and preferences. Continual monitoring and adjustment ensure alignment with evolving priorities, fostering patient engagement and satisfaction while enhancing overall healthcare effectiveness."/><clinicalRecommendationStatement value="None at this time."/><group id="64f0d91d56d636294b157d97"><extension url="http://hl7.org/fhir/us/cqfmeasures/StructureDefinition/cqfm-scoring"><valueCodeableConcept><coding><system value="http://terminology.hl7.org/CodeSystem/measure-scoring"/><code value="proportion"/><display value="Proportion"/></coding></valueCodeableConcept></extension><extension url="http://hl7.org/fhir/us/cqfmeasures/StructureDefinition/cqfm-populationBasis"><valueCode value="Patient"/></extension><extension url="http://hl7.org/fhir/us/cqfmeasures/StructureDefinition/cqfm-type"><valueCodeableConcept><coding><system value="http://terminology.hl7.org/CodeSystem/measure-type"/><code value="process"/><display value="Process"/></coding></valueCodeableConcept></extension><extension url="http://hl7.org/fhir/us/cqfmeasures/StructureDefinition/cqfm-rateAggregation"><valueCode value="None"/></extension><extension url="http://hl7.org/fhir/us/cqfmeasures/StructureDefinition/cqfm-improvementNotation"><valueCodeableConcept><coding><system value="http://terminology.hl7.org/CodeSystem/measure-improvement-notation"/><code value="decrease"/><display value="increase"/></coding></valueCodeableConcept></extension><description value="Content TBD"/><population id="692C6F6B-4153-496F-8582-0839A0816567"><code><coding><system value="http://terminology.hl7.org/CodeSystem/measure-population"/><code value="initial-population"/><display value="Initial Population"/></coding></code><description value="Individuals 18 years of age and older."/><criteria><language value="text/cql-identifier"/><expression value="Initial Population"/></criteria></population><population id="3116F1E4-8334-4CA0-9BEF-16CFEEDCB2A9"><code><coding><system value="http://terminology.hl7.org/CodeSystem/measure-population"/><code value="denominator"/><display value="Denominator"/></coding></code><description value="Individuals 18 years of age and older with a complex care need."/><criteria><language value="text/cql-identifier"/><expression value="Denominator"/></criteria></population><population id="AA76FF0E-0EF9-40E6-9913-90FA63D50298"><code><coding><system value="http://terminology.hl7.org/CodeSystem/measure-population"/><code value="denominator-exclusion"/><display value="Denominator Exclusion"/></coding></code><description value="None"/><criteria><language value="text/cql-identifier"/><expression value="Denominator Exclusions"/></criteria></population><population id="3D2BED97-5ADC-4210-8A3E-91B13652E7D0"><code><coding><system value="http://terminology.hl7.org/CodeSystem/measure-population"/><code value="numerator"/><display value="Numerator"/></coding></code><description value="Individuals who had a PCO goal identified resulting in completion of goal attainment scaling (GAS) or a Patient-Reported Outcome Measure (PROM) and development of an action plan."/><criteria><language value="text/cql-identifier"/><expression value="Numerator"/></criteria></population><population id="4511743B-B054-4A08-800B-C4624450C38C"><code><coding><system value="http://terminology.hl7.org/CodeSystem/measure-population"/><code value="denominator-exception"/><display value="Denominator Exception"/></coding></code><description value="None"/><criteria><language value="text/cql-identifier"/><expression value="Denominator Exceptions"/></criteria></population></group></Measure>