<?xml version="1.0" encoding="UTF-8"?><ValueSet xmlns="http://hl7.org/fhir"><id value="wellbeing-priority-focus-vs"/><text><status value="extensions"/><div xmlns="http://www.w3.org/1999/xhtml"><p class="res-header-id"><b>Generated Narrative: ValueSet wellbeing-priority-focus-vs</b></p><a name="wellbeing-priority-focus-vs"> </a><a name="hcwellbeing-priority-focus-vs"> </a><a name="wellbeing-priority-focus-vs-en-US"> </a><ul><li>Include these codes as defined in <a href="CodeSystem-wellbeing-concepts.html"><code>http://hl7.org/fhir/us/pco/CodeSystem/wellbeing-concepts</code></a><table class="none"><tr><td style="white-space:nowrap"><b>Code</b></td><td><b>Display</b></td><td><b>Definition</b></td></tr><tr><td><a href="CodeSystem-wellbeing-concepts.html#wellbeing-concepts-wellbeing-priority">wellbeing-priority</a></td><td>Well-Being Priority</td><td>Priority for one area of well-being</td></tr><tr><td><a href="CodeSystem-wellbeing-concepts.html#wellbeing-concepts-wellbeing-focus-area">wellbeing-focus-area</a></td><td>Well-Being Focus Area</td><td>Priority for one area of well-being</td></tr></table></li></ul></div></text><extension url="http://hl7.org/fhir/StructureDefinition/structuredefinition-wg"><valueCode value="pc"/></extension><url value="http://hl7.org/fhir/us/pco/ValueSet/wellbeing-priority-focus-vs"/><version value="0.2.0"/><name value="WellBeingPriorityOrFocusValueSet"/><title value="Well-Being Priority Or Focus"/><status value="draft"/><experimental value="false"/><date value="2024-12-27T16:03:14+00:00"/><publisher value="HL7 International / Patient Care"/><contact><name value="HL7 International / Patient Care"/><telecom><system value="url"/><value value="http://www.hl7.org/Special/committees/patientcare"/></telecom><telecom><system value="email"/><value value="patientcare@lists.HL7.org"/></telecom></contact><description value="Value set containing well-being concepts for priority or focus area."/><jurisdiction><coding><system value="urn:iso:std:iso:3166"/><code value="US"/></coding></jurisdiction><compose><include><system value="http://hl7.org/fhir/us/pco/CodeSystem/wellbeing-concepts"/><concept><code value="wellbeing-priority"/><display value="Well-Being Priority"/></concept><concept><code value="wellbeing-focus-area"/><display value="Well-Being Focus Area"/></concept></include></compose></ValueSet>