<?xml version="1.0" encoding="UTF-8"?><ValueSet xmlns="http://hl7.org/fhir"><id value="wellbeing-categories"/><text><status value="extensions"/><div xmlns="http://www.w3.org/1999/xhtml"><p class="res-header-id"><b>Generated Narrative: ValueSet wellbeing-categories</b></p><a name="wellbeing-categories"> </a><a name="hcwellbeing-categories"> </a><a name="wellbeing-categories-en-US"> </a><ul><li>Include these codes as defined in <a href="CodeSystem-wellbeing-concepts.html"><code>http://hl7.org/fhir/us/pco/CodeSystem/wellbeing-concepts</code></a><table class="none"><tr><td style="white-space:nowrap"><b>Code</b></td><td><b>Display</b></td><td><b>Definition</b></td></tr><tr><td><a href="CodeSystem-wellbeing-concepts.html#wellbeing-concepts-what-matters">what-matters</a></td><td>What Matters</td><td>Know and align care with each person's specific health outcome goals and care preferences including, but not limited to, end-of-life care, and across settings of care.</td></tr><tr><td><a href="CodeSystem-wellbeing-concepts.html#wellbeing-concepts-mentation">mentation</a></td><td>Mentation</td><td>Prevent, identify, treat, and manage dementia, depression, and delirium and other mental health conditions across settings of care.</td></tr><tr><td><a href="CodeSystem-wellbeing-concepts.html#wellbeing-concepts-mobility">mobility</a></td><td>Mobility</td><td>Ensure that person can move safely every day in order to maintain function and do What Matters.</td></tr><tr><td><a href="CodeSystem-wellbeing-concepts.html#wellbeing-concepts-medication">medication</a></td><td>Medication</td><td>If medication is necessary, use Age-Friendly medication that does not interfere with What Matters to the person, Mobility, or Mentation across settings of care.</td></tr><tr><td><a href="CodeSystem-wellbeing-concepts.html#wellbeing-concepts-person-centered">person-centered</a></td><td>Person-Centered</td><td>General category for person-centered goals and observations</td></tr></table></li></ul></div></text><extension url="http://hl7.org/fhir/StructureDefinition/structuredefinition-wg"><valueCode value="pc"/></extension><url value="http://hl7.org/fhir/us/pco/ValueSet/wellbeing-categories"/><version value="0.2.0"/><name value="WellBeingCategories"/><title value="Well-Being Categories"/><status value="draft"/><experimental value="false"/><date value="2025-01-19T16:32:23+00:00"/><publisher value="HL7 International / Patient Care"/><contact><name value="HL7 International / Patient Care"/><telecom><system value="url"/><value value="http://www.hl7.org/Special/committees/patientcare"/></telecom><telecom><system value="email"/><value value="patientcare@lists.HL7.org"/></telecom></contact><description value="Categories for well-being assessment or goals."/><jurisdiction><coding><system value="urn:iso:std:iso:3166"/><code value="US"/></coding></jurisdiction><compose><include><system value="http://hl7.org/fhir/us/pco/CodeSystem/wellbeing-concepts"/><concept><code value="what-matters"/><display value="What Matters"/></concept><concept><code value="mentation"/><display value="Mentation"/></concept><concept><code value="mobility"/><display value="Mobility"/></concept><concept><code value="medication"/><display value="Medication"/></concept><concept><code value="person-centered"/><display value="Person-Centered"/></concept></include></compose></ValueSet>