<?xml version="1.0" encoding="UTF-8"?><ValueSet xmlns="http://hl7.org/fhir"><id value="pco-survey-category-vs"/><text><status value="extensions"/><div xmlns="http://www.w3.org/1999/xhtml"><p class="res-header-id"><b>Generated Narrative: ValueSet pco-survey-category-vs</b></p><a name="pco-survey-category-vs"> </a><a name="hcpco-survey-category-vs"> </a><a name="pco-survey-category-vs-en-US"> </a><ul><li>Include these codes as defined in <a href="http://terminology.hl7.org/6.1.0/CodeSystem-observation-category.html"><code>http://terminology.hl7.org/CodeSystem/observation-category</code></a><table class="none"><tr><td style="white-space:nowrap"><b>Code</b></td><td><b>Display</b></td><td><b>Definition</b></td></tr><tr><td><a href="http://terminology.hl7.org/6.1.0/CodeSystem-observation-category.html#observation-category-survey">survey</a></td><td>Survey</td><td>Assessment tool/survey instrument observations (e.g., Apgar Scores, Montreal Cognitive Assessment (MoCA)).</td></tr></table></li></ul></div></text><url value="http://hl7.org/fhir/us/pco/ValueSet/pco-survey-category-vs"/><version value="0.2.0"/><name value="PCOSurveyCategoryVS"/><title value="Person-Centered Outcomes Survey Value Set"/><status value="draft"/><experimental value="false"/><date value="2024-12-12T02:30:34+00:00"/><publisher value="HL7 International / Patient Care"/><contact><name value="HL7 International / Patient Care"/><telecom><system value="url"/><value value="http://www.hl7.org/Special/committees/patientcare"/></telecom><telecom><system value="email"/><value value="patientcare@lists.HL7.org"/></telecom></contact><description value="Used to indicate that PCO observations of of type Survey, as defined by US-Core."/><jurisdiction><coding><system value="urn:iso:std:iso:3166"/><code value="US"/></coding></jurisdiction><compose><include><system value="http://terminology.hl7.org/CodeSystem/observation-category"/><concept><code value="survey"/><display value="Survey"/></concept></include></compose></ValueSet>