<?xml version="1.0" encoding="UTF-8"?><ValueSet xmlns="http://hl7.org/fhir"><id value="what-matters-vs"/><text><status value="extensions"/><div xmlns="http://www.w3.org/1999/xhtml"><p class="res-header-id"><b>Generated Narrative: ValueSet what-matters-vs</b></p><a name="what-matters-vs"> </a><a name="hcwhat-matters-vs"> </a><a name="what-matters-vs-en-US"> </a><ul><li>Include these codes as defined in <a href="CodeSystem-wellbeing-concepts.html"><code>http://hl7.org/fhir/us/pco/CodeSystem/wellbeing-concepts</code></a><table class="none"><tr><td style="white-space:nowrap"><b>Code</b></td><td><b>Display</b></td><td><b>Definition</b></td></tr><tr><td><a href="CodeSystem-wellbeing-concepts.html#wellbeing-concepts-what-matters">what-matters</a></td><td>What Matters</td><td>What matters most for a person's well-being</td></tr></table></li></ul></div></text><extension url="http://hl7.org/fhir/StructureDefinition/structuredefinition-wg"><valueCode value="pc"/></extension><url value="http://hl7.org/fhir/us/pco/ValueSet/what-matters-vs"/><version value="0.2.0"/><name value="WhatMattersValueSet"/><title value="What Matters Categories"/><status value="draft"/><experimental value="false"/><date value="2025-01-09T14:13:32+00:00"/><publisher value="HL7 International / Patient Care"/><contact><name value="HL7 International / Patient Care"/><telecom><system value="url"/><value value="http://www.hl7.org/Special/committees/patientcare"/></telecom><telecom><system value="email"/><value value="patientcare@lists.HL7.org"/></telecom></contact><description value="Value set containing well-being concepts for What Matters Most."/><jurisdiction><coding><system value="urn:iso:std:iso:3166"/><code value="US"/></coding></jurisdiction><compose><include><system value="http://hl7.org/fhir/us/pco/CodeSystem/wellbeing-concepts"/><concept><code value="what-matters"/><display value="What Matters"/></concept></include></compose></ValueSet>