<?xml version="1.0" encoding="UTF-8"?><ValueSet xmlns="http://hl7.org/fhir"><id value="pco-care-tradeoff-choices-valueset"/><text><status value="generated"/><div xmlns="http://www.w3.org/1999/xhtml"><p class="res-header-id"><b>Generated Narrative: ValueSet pco-care-tradeoff-choices-valueset</b></p><a name="pco-care-tradeoff-choices-valueset"> </a><a name="hcpco-care-tradeoff-choices-valueset"> </a><a name="pco-care-tradeoff-choices-valueset-en-US"> </a><ul><li>Include all codes defined in <a href="CodeSystem-pco-care-tradeoff-choices.html"><code>http://hl7.org/fhir/us/pco/CodeSystem/pco-care-tradeoff-choices</code></a></li></ul></div></text><extension url="http://hl7.org/fhir/StructureDefinition/structuredefinition-wg"><valueCode value="pc"/></extension><url value="http://hl7.org/fhir/us/pco/ValueSet/pco-care-tradeoff-choices-valueset"/><version value="0.2.0"/><name value="CareTradeOffChoicesValueSet"/><title value="Care Trade-off Choices ValueSet"/><status value="draft"/><experimental value="false"/><date value="2024-12-27T16:03:14+00:00"/><publisher value="HL7 International / Patient Care"/><contact><name value="HL7 International / Patient Care"/><telecom><system value="url"/><value value="http://www.hl7.org/Special/committees/patientcare"/></telecom><telecom><system value="email"/><value value="patientcare@lists.HL7.org"/></telecom></contact><description value="Example value set containing options for a care trade-off."/><jurisdiction><coding><system value="urn:iso:std:iso:3166"/><code value="US"/></coding></jurisdiction><compose><include><system value="http://hl7.org/fhir/us/pco/CodeSystem/pco-care-tradeoff-choices"/></include></compose></ValueSet>