<?xml version="1.0" encoding="UTF-8"?><ValueSet xmlns="http://hl7.org/fhir"><id value="gas-score-answers"/><text><status value="generated"/><div xmlns="http://www.w3.org/1999/xhtml"><p class="res-header-id"><b>Generated Narrative: ValueSet gas-score-answers</b></p><a name="gas-score-answers"> </a><a name="hcgas-score-answers"> </a><a name="gas-score-answers-en-US"> </a><ul><li>Include these codes as defined in <a href="http://loinc.org"><code>http://loinc.org</code></a><table class="none"><tr><td style="white-space:nowrap"><b>Code</b></td><td><b>Display</b></td></tr><tr><td><a href="https://loinc.org/LA6113-0/">LA6113-0</a></td><td>Much better than expected</td></tr><tr><td><a href="https://loinc.org/LA6112-2/">LA6112-2</a></td><td>Better than expected</td></tr><tr><td><a href="https://loinc.org/LA6111-4/">LA6111-4</a></td><td>Expected outcome</td></tr><tr><td><a href="https://loinc.org/gas-less-than-expected/">gas-less-than-expected</a></td><td>Less than expected</td></tr><tr><td><a href="https://loinc.org/gas-much-less-than-expected/">gas-much-less-than-expected</a></td><td>Much less than expected</td></tr></table></li></ul></div></text><url value="http://hl7.org/fhir/us/pco/ValueSet/gas-score-answers"/><version value="0.2.0"/><name value="GASScoreAnswers"/><title value="Follow-Up GAS Score Answers"/><status value="draft"/><experimental value="false"/><date value="2024-12-09T23:33:01+00:00"/><publisher value="HL7 International / Patient Care"/><contact><name value="HL7 International / Patient Care"/><telecom><system value="url"/><value value="http://www.hl7.org/Special/committees/patientcare"/></telecom><telecom><system value="email"/><value value="patientcare@lists.HL7.org"/></telecom></contact><description value="The progress rating on goal attainment scaling."/><jurisdiction><coding><system value="urn:iso:std:iso:3166"/><code value="US"/></coding></jurisdiction><compose><include><system value="http://loinc.org"/><concept><code value="LA6113-0"/><display value="Much better than expected"/></concept><concept><code value="LA6112-2"/><display value="Better than expected"/></concept><concept><code value="LA6111-4"/><display value="Expected outcome"/></concept><concept><code value="gas-less-than-expected"/><display value="Less than expected"/></concept><concept><code value="gas-much-less-than-expected"/><display value="Much less than expected"/></concept></include></compose></ValueSet>