<?xml version="1.0" encoding="UTF-8"?><ValueSet xmlns="http://hl7.org/fhir"><id value="caregiver-gas-followup-vs"/><text><status value="generated"/><div xmlns="http://www.w3.org/1999/xhtml"><p class="res-header-id"><b>Generated Narrative: ValueSet caregiver-gas-followup-vs</b></p><a name="caregiver-gas-followup-vs"> </a><a name="hccaregiver-gas-followup-vs"> </a><a name="caregiver-gas-followup-vs-en-US"> </a><ul><li>Include these codes as defined in <a href="CodeSystem-pco-gas-codes-temporary.html"><code>http://mtnlotus.com/uv/pco/CodeSystem/pco-gas-codes-temporary</code></a><table class="none"><tr><td style="white-space:nowrap"><b>Code</b></td><td><b>Display</b></td></tr><tr><td><a href="CodeSystem-pco-gas-codes-temporary.html#pco-gas-codes-temporary-caregiver-gas-much-better-than-expected">caregiver-gas-much-better-than-expected</a></td><td>Much better than expected</td></tr><tr><td><a href="CodeSystem-pco-gas-codes-temporary.html#pco-gas-codes-temporary-caregiver-gas-better-than-expected">caregiver-gas-better-than-expected</a></td><td>Better than expected</td></tr><tr><td><a href="CodeSystem-pco-gas-codes-temporary.html#pco-gas-codes-temporary-caregiver-gas-expected-outcome">caregiver-gas-expected-outcome</a></td><td>Expected outcome</td></tr><tr><td><a href="CodeSystem-pco-gas-codes-temporary.html#pco-gas-codes-temporary-caregiver-gas-less-than-expected">caregiver-gas-less-than-expected</a></td><td>Less than expected</td></tr><tr><td><a href="CodeSystem-pco-gas-codes-temporary.html#pco-gas-codes-temporary-caregiver-gas-much-less-than-expected">caregiver-gas-much-less-than-expected</a></td><td>Much less than expected</td></tr></table></li></ul></div></text><url value="http://mtnlotus.com/uv/pco/ValueSet/caregiver-gas-followup-vs"/><version value="0.1.0"/><name value="CaregiverGASFollowupVS"/><title value="Caregiver Follow-Up GAS Score"/><status value="draft"/><experimental value="false"/><date value="2024-08-21T16:21:33+00:00"/><publisher value="Mountain Lotus WellBeing LLC"/><contact><name value="Mountain Lotus WellBeing LLC"/><telecom><system value="url"/><value value="http://mtnlotus.com"/></telecom></contact><description value="The caregiver follow-up score indicates how the caregiver rated either the patient's progress or their own progress on goal attainment scaling."/><jurisdiction><coding><system value="http://unstats.un.org/unsd/methods/m49/m49.htm"/><code value="001"/><display value="World"/></coding></jurisdiction><compose><include><system value="http://mtnlotus.com/uv/pco/CodeSystem/pco-gas-codes-temporary"/><concept><code value="caregiver-gas-much-better-than-expected"/><display value="Much better than expected"/></concept><concept><code value="caregiver-gas-better-than-expected"/><display value="Better than expected"/></concept><concept><code value="caregiver-gas-expected-outcome"/><display value="Expected outcome"/></concept><concept><code value="caregiver-gas-less-than-expected"/><display value="Less than expected"/></concept><concept><code value="caregiver-gas-much-less-than-expected"/><display value="Much less than expected"/></concept></include></compose></ValueSet>