[
  {
    "id" : "FHIRHelpers",
    "type" : "Library",
    "url" : "http://hl7.org/fhir/Library/FHIRHelpers",
    "version" : "0.1.0",
    "name" : "FHIRHelpers"
  },
  {
    "id" : "44249-1",
    "type" : "Questionnaire",
    "url" : "http://loinc.org/q/44249-1",
    "version" : "0.1.0",
    "name" : "PHQ_quick_depression_assessment_panel"
  },
  {
    "id" : "69737-5",
    "type" : "Questionnaire",
    "url" : "http://loinc.org/q/69737-5",
    "version" : "0.1.0",
    "name" : "Generalized_anxiety_disorder_item"
  },
  {
    "id" : "pco",
    "type" : "CodeSystem",
    "url" : "http://mtnlotus.com/uv/pco/CodeSystem/pco",
    "version" : "0.1.0",
    "name" : "PCOCodes"
  },
  {
    "id" : "pco-category-codes-example",
    "type" : "CodeSystem",
    "url" : "http://mtnlotus.com/uv/pco/CodeSystem/pco-category-codes-example",
    "version" : "0.1.0",
    "name" : "PCOCategoryCodesExample"
  },
  {
    "id" : "pco-gas-codes-temporary",
    "type" : "CodeSystem",
    "url" : "http://mtnlotus.com/uv/pco/CodeSystem/pco-gas-codes-temporary",
    "version" : "0.1.0",
    "name" : "PCOGASCodesTemporary"
  },
  {
    "id" : "what-matters-concepts",
    "type" : "CodeSystem",
    "url" : "http://mtnlotus.com/uv/pco/CodeSystem/what-matters-concepts",
    "version" : "0.1.0",
    "name" : "WhatMattersConcepts"
  },
  {
    "id" : "what-matters-rating",
    "type" : "CodeSystem",
    "url" : "http://mtnlotus.com/uv/pco/CodeSystem/what-matters-rating",
    "version" : "0.1.0",
    "name" : "WhatMattersRating"
  },
  {
    "id" : "mtnlotus.fhir.uv.pco",
    "type" : "ImplementationGuide",
    "url" : "http://mtnlotus.com/uv/pco/ImplementationGuide/mtnlotus.fhir.uv.pco",
    "version" : "0.1.0",
    "name" : "PCO"
  },
  {
    "id" : "GoalAttainmentLogic",
    "type" : "Library",
    "url" : "http://mtnlotus.com/uv/pco/Library/GoalAttainmentLogic",
    "version" : "0.1.0",
    "name" : "GoalAttainmentLogic"
  },
  {
    "id" : "GoalIdentificationMeasure",
    "type" : "Library",
    "url" : "http://mtnlotus.com/uv/pco/Library/GoalIdentificationMeasure",
    "version" : "0.1.0",
    "name" : "GoalIdentificationMeasure"
  },
  {
    "id" : "PCOCommon",
    "type" : "Library",
    "url" : "http://mtnlotus.com/uv/pco/Library/PCOCommon",
    "version" : "0.1.0",
    "name" : "PCOCommon"
  },
  {
    "id" : "WhatMattersLogic",
    "type" : "Library",
    "url" : "http://mtnlotus.com/uv/pco/Library/WhatMattersLogic",
    "version" : "0.1.0",
    "name" : "WhatMattersLogic"
  },
  {
    "id" : "GoalIdentificationMeasure",
    "type" : "Measure",
    "url" : "http://mtnlotus.com/uv/pco/Measure/GoalIdentificationMeasure",
    "version" : "0.1.0",
    "name" : "GoalIdentificationMeasure",
    "alt-urls" : [
      "urn:uuid:bc80e4cf-d267-47bf-ad0d-4d37f8ae2328",
      "urn:uuid:5c16a2fb-1882-49aa-802b-a0b73ed17c05"
    ]
  },
  {
    "id" : "pco-care-plan",
    "type" : "StructureDefinition",
    "url" : "http://mtnlotus.com/uv/pco/StructureDefinition/pco-care-plan",
    "version" : "0.1.0",
    "name" : "PCOCarePlan"
  },
  {
    "id" : "pco-caregiver-gas-score",
    "type" : "StructureDefinition",
    "url" : "http://mtnlotus.com/uv/pco/StructureDefinition/pco-caregiver-gas-score",
    "version" : "0.1.0",
    "name" : "PCOCaregiverGASScore"
  },
  {
    "id" : "pco-goal",
    "type" : "StructureDefinition",
    "url" : "http://mtnlotus.com/uv/pco/StructureDefinition/pco-goal",
    "version" : "0.1.0",
    "name" : "PCOGoal"
  },
  {
    "id" : "pco-goal-attainment-scaling",
    "type" : "StructureDefinition",
    "url" : "http://mtnlotus.com/uv/pco/StructureDefinition/pco-goal-attainment-scaling",
    "version" : "0.1.0",
    "name" : "PCOGoalAttainmentScaling"
  },
  {
    "id" : "pco-patient-gas-score",
    "type" : "StructureDefinition",
    "url" : "http://mtnlotus.com/uv/pco/StructureDefinition/pco-patient-gas-score",
    "version" : "0.1.0",
    "name" : "PCOPatientGASScore"
  },
  {
    "id" : "pco-practitioner-gas-score",
    "type" : "StructureDefinition",
    "url" : "http://mtnlotus.com/uv/pco/StructureDefinition/pco-practitioner-gas-score",
    "version" : "0.1.0",
    "name" : "PCOPractitionerGASScore"
  },
  {
    "id" : "pco-what-matters-assessment",
    "type" : "StructureDefinition",
    "url" : "http://mtnlotus.com/uv/pco/StructureDefinition/pco-what-matters-assessment",
    "version" : "0.1.0",
    "name" : "WhatMattersAssessment"
  },
  {
    "id" : "caregiver-gas-followup-vs",
    "type" : "ValueSet",
    "url" : "http://mtnlotus.com/uv/pco/ValueSet/caregiver-gas-followup-vs",
    "version" : "0.1.0",
    "name" : "CaregiverGASFollowupVS"
  },
  {
    "id" : "patient-gas-followup-vs",
    "type" : "ValueSet",
    "url" : "http://mtnlotus.com/uv/pco/ValueSet/patient-gas-followup-vs",
    "version" : "0.1.0",
    "name" : "PatientGASFollowupVS"
  },
  {
    "id" : "pco-category-valueset",
    "type" : "ValueSet",
    "url" : "http://mtnlotus.com/uv/pco/ValueSet/pco-category-valueset",
    "version" : "0.1.0",
    "name" : "PCOCategoryValueSet"
  },
  {
    "id" : "practitioner-gas-followup-vs",
    "type" : "ValueSet",
    "url" : "http://mtnlotus.com/uv/pco/ValueSet/practitioner-gas-followup-vs",
    "version" : "0.1.0",
    "name" : "PractitionerGASFollowupVS"
  },
  {
    "id" : "what-matters-focus-areas",
    "type" : "ValueSet",
    "url" : "http://mtnlotus.com/uv/pco/ValueSet/what-matters-focus-areas",
    "version" : "0.1.0",
    "name" : "WhatMattersFocusAreas"
  }
]
