[
  {
    "id" : "pco-concepts",
    "type" : "CodeSystem",
    "url" : "http://hl7.org/fhir/us/pco/CodeSystem/pco-concepts",
    "version" : "0.2.0",
    "name" : "PCOConcepts"
  },
  {
    "id" : "pco-goal-domains",
    "type" : "CodeSystem",
    "url" : "http://hl7.org/fhir/us/pco/CodeSystem/pco-goal-domains",
    "version" : "0.2.0",
    "name" : "PCOGoalDomains"
  },
  {
    "id" : "readiness-assessment-concepts",
    "type" : "CodeSystem",
    "url" : "http://hl7.org/fhir/us/pco/CodeSystem/readiness-assessment-concepts",
    "version" : "0.2.0",
    "name" : "ReadinessConcepts"
  },
  {
    "id" : "va-whole-health",
    "type" : "CodeSystem",
    "url" : "http://hl7.org/fhir/us/pco/CodeSystem/va-whole-health",
    "version" : "0.2.0",
    "name" : "VAWholeHealth"
  },
  {
    "id" : "what-matters-concepts",
    "type" : "CodeSystem",
    "url" : "http://hl7.org/fhir/us/pco/CodeSystem/what-matters-concepts",
    "version" : "0.2.0",
    "name" : "WhatMattersConcepts"
  },
  {
    "id" : "hl7.fhir.us.pco",
    "type" : "ImplementationGuide",
    "url" : "http://hl7.org/fhir/us/pco/ImplementationGuide/hl7.fhir.us.pco",
    "version" : "0.2.0",
    "name" : "PCO"
  },
  {
    "id" : "FHIRHelpers",
    "type" : "Library",
    "url" : "http://hl7.org/fhir/us/pco/Library/FHIRHelpers",
    "version" : "0.2.0",
    "name" : "FHIRHelpers"
  },
  {
    "id" : "GoalAttainmentLogic",
    "type" : "Library",
    "url" : "http://hl7.org/fhir/us/pco/Library/GoalAttainmentLogic",
    "version" : "0.2.0",
    "name" : "GoalAttainmentLogic"
  },
  {
    "id" : "GoalFollowUpMeasure",
    "type" : "Library",
    "url" : "http://hl7.org/fhir/us/pco/Library/GoalFollowUpMeasure",
    "version" : "0.2.0",
    "name" : "GoalFollowUpMeasure"
  },
  {
    "id" : "GoalIdentificationMeasure",
    "type" : "Library",
    "url" : "http://hl7.org/fhir/us/pco/Library/GoalIdentificationMeasure",
    "version" : "0.2.0",
    "name" : "GoalIdentificationMeasure"
  },
  {
    "id" : "PCOCommon",
    "type" : "Library",
    "url" : "http://hl7.org/fhir/us/pco/Library/PCOCommon",
    "version" : "0.2.0",
    "name" : "PCOCommon"
  },
  {
    "id" : "WhatMattersLogic",
    "type" : "Library",
    "url" : "http://hl7.org/fhir/us/pco/Library/WhatMattersLogic",
    "version" : "0.2.0",
    "name" : "WhatMattersLogic"
  },
  {
    "id" : "GoalFollowUpMeasure",
    "type" : "Measure",
    "url" : "http://hl7.org/fhir/us/pco/Measure/GoalFollowUpMeasure",
    "version" : "0.2.0",
    "name" : "GoalFollowUpMeasure",
    "alt-urls" : [
      "urn:uuid:bc80e4cf-d267-47bf-ad0d-4d37f8ae2328",
      "urn:uuid:5c16a2fb-1882-49aa-802b-a0b73ed17c05"
    ]
  },
  {
    "id" : "GoalIdentificationMeasure",
    "type" : "Measure",
    "url" : "http://hl7.org/fhir/us/pco/Measure/GoalIdentificationMeasure",
    "version" : "0.2.0",
    "name" : "GoalIdentificationMeasure",
    "alt-urls" : [
      "urn:uuid:bc80e4cf-d267-47bf-ad0d-4d37f8ae2328",
      "urn:uuid:5c16a2fb-1882-49aa-802b-a0b73ed17c05"
    ]
  },
  {
    "id" : "44249-1",
    "type" : "Questionnaire",
    "url" : "http://hl7.org/fhir/us/pco/Questionnaire/44249-1",
    "version" : "0.2.0",
    "name" : "PHQ_quick_depression_assessment_panel"
  },
  {
    "id" : "69737-5",
    "type" : "Questionnaire",
    "url" : "http://hl7.org/fhir/us/pco/Questionnaire/69737-5",
    "version" : "0.2.0",
    "name" : "Generalized_anxiety_disorder_item"
  },
  {
    "id" : "health-inventory-example",
    "type" : "Questionnaire",
    "url" : "http://hl7.org/fhir/us/pco/Questionnaire/health-inventory-example",
    "version" : "0.2.0",
    "name" : "PersonalHealthInventory"
  },
  {
    "id" : "pco-care-plan",
    "type" : "StructureDefinition",
    "url" : "http://hl7.org/fhir/us/pco/StructureDefinition/pco-care-plan",
    "version" : "0.2.0",
    "name" : "PCOCarePlan"
  },
  {
    "id" : "pco-gas-goal-profile",
    "type" : "StructureDefinition",
    "url" : "http://hl7.org/fhir/us/pco/StructureDefinition/pco-gas-goal-profile",
    "version" : "0.2.0",
    "name" : "PCOGoalAttainmentScaleProfile"
  },
  {
    "id" : "pco-gas-score-observation",
    "type" : "StructureDefinition",
    "url" : "http://hl7.org/fhir/us/pco/StructureDefinition/pco-gas-score-observation",
    "version" : "0.2.0",
    "name" : "PCOGoalAttainmentScoreObservation"
  },
  {
    "id" : "pco-goal-attainment-scaling",
    "type" : "StructureDefinition",
    "url" : "http://hl7.org/fhir/us/pco/StructureDefinition/pco-goal-attainment-scaling",
    "version" : "0.2.0",
    "name" : "PCOGoalAttainmentScaling"
  },
  {
    "id" : "pco-goal-barrier",
    "type" : "StructureDefinition",
    "url" : "http://hl7.org/fhir/us/pco/StructureDefinition/pco-goal-barrier",
    "version" : "0.2.0",
    "name" : "PCOGoalBarrierProfile"
  },
  {
    "id" : "pco-goal-profile",
    "type" : "StructureDefinition",
    "url" : "http://hl7.org/fhir/us/pco/StructureDefinition/pco-goal-profile",
    "version" : "0.2.0",
    "name" : "PCOGoalProfile"
  },
  {
    "id" : "pco-personal-priorities-organizer",
    "type" : "StructureDefinition",
    "url" : "http://hl7.org/fhir/us/pco/StructureDefinition/pco-personal-priorities-organizer",
    "version" : "0.2.0",
    "name" : "PCOPersonalPrioritiesOrganizer"
  },
  {
    "id" : "pco-prom-goal-profile",
    "type" : "StructureDefinition",
    "url" : "http://hl7.org/fhir/us/pco/StructureDefinition/pco-prom-goal-profile",
    "version" : "0.2.0",
    "name" : "PCOGoalOutcomeMeasureProfile"
  },
  {
    "id" : "pco-prom-score-observation",
    "type" : "StructureDefinition",
    "url" : "http://hl7.org/fhir/us/pco/StructureDefinition/pco-prom-score-observation",
    "version" : "0.2.0",
    "name" : "PCOPatientReportedOutcomeScore"
  },
  {
    "id" : "pco-readiness-assessment",
    "type" : "StructureDefinition",
    "url" : "http://hl7.org/fhir/us/pco/StructureDefinition/pco-readiness-assessment",
    "version" : "0.2.0",
    "name" : "PCOReadinessAssessmentProfile"
  },
  {
    "id" : "pco-what-matters-assessment",
    "type" : "StructureDefinition",
    "url" : "http://hl7.org/fhir/us/pco/StructureDefinition/pco-what-matters-assessment",
    "version" : "0.2.0",
    "name" : "WhatMattersAssessment"
  },
  {
    "id" : "gas-score-answers",
    "type" : "ValueSet",
    "url" : "http://hl7.org/fhir/us/pco/ValueSet/gas-score-answers",
    "version" : "0.2.0",
    "name" : "GASScoreAnswers"
  },
  {
    "id" : "goal-attainment-scaling-score",
    "type" : "ValueSet",
    "url" : "http://hl7.org/fhir/us/pco/ValueSet/goal-attainment-scaling-score",
    "version" : "0.2.0",
    "name" : "GoalAttainmentScalingScore"
  },
  {
    "id" : "goal-barrier-codes",
    "type" : "ValueSet",
    "url" : "http://hl7.org/fhir/us/pco/ValueSet/goal-barrier-codes",
    "version" : "0.2.0",
    "name" : "GoalBarrierCodes"
  },
  {
    "id" : "pco-categories",
    "type" : "ValueSet",
    "url" : "http://hl7.org/fhir/us/pco/ValueSet/pco-categories",
    "version" : "0.2.0",
    "name" : "PCOCategories"
  },
  {
    "id" : "pco-goal-barrier-types-example-vs",
    "type" : "ValueSet",
    "url" : "http://hl7.org/fhir/us/pco/ValueSet/pco-goal-barrier-types-example-vs",
    "version" : "0.2.0",
    "name" : "GoalBarrierTypesExample"
  },
  {
    "id" : "pco-goal-domains-example-vs",
    "type" : "ValueSet",
    "url" : "http://hl7.org/fhir/us/pco/ValueSet/pco-goal-domains-example-vs",
    "version" : "0.2.0",
    "name" : "PCOGoalDomainsExample"
  },
  {
    "id" : "prom-target-measures",
    "type" : "ValueSet",
    "url" : "http://hl7.org/fhir/us/pco/ValueSet/prom-target-measures",
    "version" : "0.2.0",
    "name" : "PROMTargetMeasures"
  },
  {
    "id" : "readiness-assessment-codes",
    "type" : "ValueSet",
    "url" : "http://hl7.org/fhir/us/pco/ValueSet/readiness-assessment-codes",
    "version" : "0.2.0",
    "name" : "ReadinessAssessmentType"
  },
  {
    "id" : "wellbeing-domains-example",
    "type" : "ValueSet",
    "url" : "http://hl7.org/fhir/us/pco/ValueSet/wellbeing-domains-example",
    "version" : "0.2.0",
    "name" : "WellBeingDomainValueSet"
  },
  {
    "id" : "what-matters-codes-example",
    "type" : "ValueSet",
    "url" : "http://hl7.org/fhir/us/pco/ValueSet/what-matters-codes-example",
    "version" : "0.2.0",
    "name" : "WhatMattersCodesExample"
  }
]
