{
  "codeSystems" : [
    {
      "url" : "http://hl7.org/fhir/us/pco/CodeSystem/ncqa-goal-domains",
      "version" : "0.2.0",
      "status" : "active",
      "name" : "NCQAGoalDomains",
      "title" : "NCQA Goal Domains",
      "description" : "NCQA goal domain codes used to identify the category for PCO resources."
    },
    {
      "url" : "http://hl7.org/fhir/us/pco/CodeSystem/pco-codes",
      "version" : "0.2.0",
      "status" : "active",
      "name" : "PCOCodes",
      "title" : "Codes for PCO",
      "description" : "Codes to identify content associated with this IG"
    },
    {
      "url" : "http://hl7.org/fhir/us/pco/CodeSystem/va-whole-health",
      "version" : "0.2.0",
      "status" : "active",
      "name" : "VAWholeHealth",
      "title" : "VA Whole Health Concepts",
      "description" : "Code system to identify \"What Matters\" concepts from the VA Whole Health appraoch and Circle of Health."
    },
    {
      "url" : "http://hl7.org/fhir/us/pco/CodeSystem/what-matters-rating",
      "version" : "0.2.0",
      "status" : "active",
      "name" : "WhatMattersRating",
      "title" : "What Matters Rating Concepts",
      "description" : "Code system to identify \"What Matters\" rating concepts."
    }
  ]
}
