URL,Version,Status,OIDs,Name,Title,Descriptino,Used
http://mtnlotus.com/uv/pco/CodeSystem/pco,0.1.0,active,,PCOCodes,Codes for PCO,"Codes to identify content associated with this IG",
http://mtnlotus.com/uv/pco/CodeSystem/pco-category-codes-example,0.1.0,active,,PCOCategoryCodesExample,Category Code Examples,"Example code system to identify the category for PCO resources.",
http://mtnlotus.com/uv/pco/CodeSystem/pco-gas-codes-temporary,0.1.0,active,,PCOGASCodesTemporary,Goal Attainment Scaling (GAS) Codes,"Temporary code system for GAS codes until publication by LOINC. All of these codes have been submitted to LOINC.",
http://mtnlotus.com/uv/pco/CodeSystem/what-matters-concepts,0.1.0,active,,WhatMattersConcepts,What Matters Concepts,"Code system to identify ""What Matters"" concepts, example from the VA Circle of Health.",
http://mtnlotus.com/uv/pco/CodeSystem/what-matters-rating,0.1.0,active,,WhatMattersRating,What Matters Rating Concepts,"Code system to identify ""What Matters"" rating concepts.",
