<?xml version="1.0" encoding="UTF-8"?>

<CodeSystem xmlns="http://hl7.org/fhir">
  <id value="readiness-assessment-concepts"/>
  <text>
    <status value="generated"/><div xmlns="http://www.w3.org/1999/xhtml"><p class="res-header-id"><b>Generated Narrative: CodeSystem readiness-assessment-concepts</b></p><a name="readiness-assessment-concepts"> </a><a name="hcreadiness-assessment-concepts"> </a><a name="readiness-assessment-concepts-en-US"> </a><p>This case-sensitive code system <code>http://hl7.org/fhir/us/pco/CodeSystem/readiness-assessment-concepts</code> defines the following codes:</p><table class="codes"><tr><td style="white-space:nowrap"><b>Code</b></td><td><b>Display</b></td><td><b>Definition</b></td></tr><tr><td style="white-space:nowrap">readiness-assessment<a name="readiness-assessment-concepts-readiness-assessment"> </a></td><td>Readiness assessment</td><td>Panel code for readiness scales</td></tr><tr><td style="white-space:nowrap">importance<a name="readiness-assessment-concepts-importance"> </a></td><td>Importance of change</td><td/></tr><tr><td style="white-space:nowrap">confidence<a name="readiness-assessment-concepts-confidence"> </a></td><td>Confidence to change</td><td/></tr></table></div>
  </text>
  <extension url="http://hl7.org/fhir/StructureDefinition/structuredefinition-wg">
    <valueCode value="pc"/>
  </extension>
  <url value="http://hl7.org/fhir/us/pco/CodeSystem/readiness-assessment-concepts"/>
  <version value="0.2.0"/>
  <name value="ReadinessConcepts"/>
  <title value="Readiness Assessment Concepts"/>
  <status value="active"/>
  <experimental value="false"/>
  <date value="2025-02-03T23:01:50+00:00"/>
  <publisher value="HL7 International / Patient Care"/>
  <contact>
    <name value="HL7 International / Patient Care"/>
    <telecom>
      <system value="url"/>
      <value value="http://www.hl7.org/Special/committees/patientcare"/>
    </telecom>
    <telecom>
      <system value="email"/>
      <value value="patientcare@lists.HL7.org"/>
    </telecom>
  </contact>
  <description value="Code system to types of readiness for change."/>
  <jurisdiction>
    <coding>
      <system value="urn:iso:std:iso:3166"/>
      <code value="US"/>
    </coding>
  </jurisdiction>
  <caseSensitive value="true"/>
  <content value="complete"/>
  <count value="3"/>
  <concept>
    <code value="readiness-assessment"/>
    <display value="Readiness assessment"/>
    <definition value="Panel code for readiness scales"/>
  </concept>
  <concept>
    <code value="importance"/>
    <display value="Importance of change"/>
  </concept>
  <concept>
    <code value="confidence"/>
    <display value="Confidence to change"/>
  </concept>
</CodeSystem>