URL,Version,Status,OIDs,Name,Title,Description,Used
http://hl7.org/fhir/us/pco/CodeSystem/pco-bothersome-health-concern-concepts,0.2.0,active,,BothersomeHealthConcernConcepts,Bothersome Health Concern Concepts,"Code system to identify bothersome symptoms or health concerns..",
http://hl7.org/fhir/us/pco/CodeSystem/pco-care-tradeoff-choices,0.2.0,active,,CareTradeOffChoices,Care Trade-off Choices,"Code system to identify care trade-off choices.",
http://hl7.org/fhir/us/pco/CodeSystem/pco-care-tradeoff-concepts,0.2.0,active,,CareTradeOffConcepts,Care Trade-off Concepts,"Code system to identify care trade-off concepts.",
http://hl7.org/fhir/us/pco/CodeSystem/pco-codes,0.2.0,active,,PCOCodes,Codes for PCO,"Codes to identify content associated with this IG",
http://hl7.org/fhir/us/pco/CodeSystem/pco-goal-domains,0.2.0,active,,PCOGoalDomains,PCO Goal Domains,"Goal domain codes used to identify the category for PCO resources.",
http://hl7.org/fhir/us/pco/CodeSystem/va-whole-health,0.2.0,active,,VAWholeHealth,VA Whole Health Concepts,"Code system to identify ""What Matters"" concepts from the VA Whole Health appraoch and Circle of Health.",
http://hl7.org/fhir/us/pco/CodeSystem/wellbeing-concepts,0.2.0,active,,WellBeingConcepts,Well-Being Concepts,"Code system to identify resource codes and category domains for ""What Matters"".",
