{
  "codeSystems" : [
    {
      "url" : "http://hl7.org/fhir/us/pco/CodeSystem/pco-codes",
      "version" : "0.2.0",
      "status" : "active",
      "name" : "PCOCodes",
      "title" : "Codes for PCO",
      "description" : "Codes to identify content associated with this IG"
    },
    {
      "url" : "http://hl7.org/fhir/us/pco/CodeSystem/pco-goal-domains",
      "version" : "0.2.0",
      "status" : "active",
      "name" : "PCOGoalDomains",
      "title" : "PCO Goal Domains",
      "description" : "Goal domain codes used to identify the category for PCO resources."
    },
    {
      "url" : "http://hl7.org/fhir/us/pco/CodeSystem/va-whole-health",
      "version" : "0.2.0",
      "status" : "active",
      "name" : "VAWholeHealth",
      "title" : "VA Whole Health Concepts",
      "description" : "Code system to identify \"What Matters\" concepts from the VA Whole Health appraoch and Circle of Health."
    },
    {
      "url" : "http://hl7.org/fhir/us/pco/CodeSystem/wellbeing-concepts",
      "version" : "0.2.0",
      "status" : "active",
      "name" : "WellBeingConcepts",
      "title" : "Well-Being Concepts",
      "description" : "Code system to identify resource codes and category domains for \"What Matters\"."
    }
  ]
}
