{
  "codeSystems" : [
    {
      "url" : "http://mtnlotus.com/uv/pco/CodeSystem/pco",
      "version" : "0.1.0",
      "status" : "active",
      "name" : "PCOCodes",
      "title" : "Codes for PCO",
      "description" : "Codes to identify content associated with this IG"
    },
    {
      "url" : "http://mtnlotus.com/uv/pco/CodeSystem/pco-category-codes-example",
      "version" : "0.1.0",
      "status" : "active",
      "name" : "PCOCategoryCodesExample",
      "title" : "Category Code Examples",
      "description" : "Example code system to identify the category for PCO resources."
    },
    {
      "url" : "http://mtnlotus.com/uv/pco/CodeSystem/pco-gas-codes-temporary",
      "version" : "0.1.0",
      "status" : "active",
      "name" : "PCOGASCodesTemporary",
      "title" : "Goal Attainment Scaling (GAS) Codes",
      "description" : "Temporary code system for GAS codes until publication by LOINC. All of these codes have been submitted to LOINC."
    },
    {
      "url" : "http://mtnlotus.com/uv/pco/CodeSystem/what-matters-concepts",
      "version" : "0.1.0",
      "status" : "active",
      "name" : "WhatMattersConcepts",
      "title" : "What Matters Concepts",
      "description" : "Code system to identify \"What Matters\" concepts, example from the VA Circle of Health."
    },
    {
      "url" : "http://mtnlotus.com/uv/pco/CodeSystem/what-matters-rating",
      "version" : "0.1.0",
      "status" : "active",
      "name" : "WhatMattersRating",
      "title" : "What Matters Rating Concepts",
      "description" : "Code system to identify \"What Matters\" rating concepts."
    }
  ]
}
