{
  "codeSystems" : [
    {
      "url" : "http://loinc.org",
      "version" : "3.1.0",
      "status" : "active",
      "name" : "LOINC",
      "title" : "Logical Observation Identifiers, Names and Codes (LOINC)",
      "description" : "LOINC provides a set of universal names and ID codes for identifying laboratory and clinical test results.1,2 LOINC facilitates the exchange and pooling of results, such as blood hemoglobin, serum potassium, or vital signs, for clinical care, outcomes management, and research. LOINC's universal identifiers (names and codes) can be used in the context of order and observation exchanges between information systems that use syntax standards such as HL73, CEN TC251, ISO TC215, ASTM4, and DICOM. Specifically, the identifier can be used as the coded value for an observation in any other standard that uses the observation/observation value paradigm, whether messages, documents, application programming interface (API), etc. For example, LOINC codes are used widely in the OBX segment Observation Identifier field (OBX-3) of an ORU HL7 (HL7 version 2.x or ASTM 1238-9410) message that may be sent between a Clinical Laboratory Information Management Systems (LIMS) and Electronic Health Record Systems (EHR).5, 6 In this way, LOINC codes provide universal identifiers that allow the exchange of clinical data between heterogeneous computing environments.",
      "oids" : ["2.16.840.1.113883.6.1"],
      "uses" : {
      },
      "ValueSet-prom-target-measures.html" : "PROM Target Measures"
    },
    {
      "url" : "http://mtnlotus.com/uv/pco/CodeSystem/ncqa-goal-domains",
      "version" : "0.1.0",
      "status" : "active",
      "name" : "NCQAGoalDomains",
      "title" : "NCQA Goal Domains",
      "description" : "NCQA goal domain codes used to identify the category for PCO resources.",
      "uses" : {
      },
      "ValueSet-pco-category-valueset.html" : "PCO Categories"
    },
    {
      "url" : "http://mtnlotus.com/uv/pco/CodeSystem/pco-gas-codes-temporary",
      "version" : "0.1.0",
      "status" : "active",
      "name" : "PCOGASCodesTemporary",
      "title" : "Goal Attainment Scaling (GAS) Codes",
      "description" : "Temporary code system for GAS codes until publication by LOINC. All of these codes have been submitted to LOINC.",
      "uses" : {
      },
      "ValueSet-caregiver-gas-followup.html" : "Caregiver Follow-Up GAS Score",
      "ValueSet-practitioner-gas-followup.html" : "Practitioner Follow-Up GAS Score",
      "ValueSet-patient-gas-followup.html" : "Patient Follow-Up GAS Score"
    },
    {
      "url" : "http://mtnlotus.com/uv/pco/CodeSystem/va-whole-health",
      "version" : "0.1.0",
      "status" : "active",
      "name" : "VAWholeHealth",
      "title" : "VA Whole Health Concepts",
      "description" : "Code system to identify \"What Matters\" concepts from the VA Whole Health appraoch and Circle of Health.",
      "uses" : {
      },
      "ValueSet-what-matters-focus-areas.html" : "What Matters Focus Areas",
      "ValueSet-pco-category-valueset.html" : "PCO Categories"
    }
  ]
}
