{
  "codeSystems" : [
    {
      "url" : "http://hl7.org/fhir/us/pco/CodeSystem/pco-care-tradeoff-choice-codes",
      "version" : "0.2.0",
      "status" : "active",
      "name" : "CareTradeOffChoiceCodes",
      "title" : "Care Trade-off Choices",
      "description" : "Code system to identify care trade-off choices.",
      "uses" : {
      },
      "ValueSet-pco-care-tradeoff-choices-vs.html" : "Care Trade-off Choices"
    },
    {
      "url" : "http://hl7.org/fhir/us/pco/CodeSystem/pco-goal-domains",
      "version" : "0.2.0",
      "status" : "active",
      "name" : "PCOGoalDomains",
      "title" : "PCO Goal Domains",
      "description" : "Goal domain codes used to identify the category for PCO resources.",
      "uses" : {
      },
      "ValueSet-pco-goal-domains-example-vs.html" : "PCO Goal Domain Categories Example"
    },
    {
      "url" : "http://hl7.org/fhir/us/pco/CodeSystem/ppc-bothersome-health-concern-concepts",
      "version" : "0.2.0",
      "status" : "active",
      "name" : "PPCBothersomeHealthConcernConcepts",
      "title" : "Bothersome Health Concern Concepts",
      "description" : "Code system to identify bothersome symptoms or health concerns..",
      "uses" : {
      },
      "ValueSet-ppc-bothersome-health-concern-examples-vs.html" : "Bothersome Health Concern Example ValueSet"
    },
    {
      "url" : "http://hl7.org/fhir/us/pco/CodeSystem/ppc-care-tradeoff-concepts",
      "version" : "0.2.0",
      "status" : "active",
      "name" : "PPCCareTradeOffConcepts",
      "title" : "Care Trade-off Concepts",
      "description" : "Code system to identify care trade-off concepts.",
      "uses" : {
      },
      "ValueSet-ppc-care-tradeoff-examples-vs.html" : "Care Trade-off Examples"
    },
    {
      "url" : "http://hl7.org/fhir/us/pco/CodeSystem/ppc-what-matters-concepts",
      "version" : "0.2.0",
      "status" : "active",
      "name" : "PPCWhatMattersConcepts",
      "title" : "PPC What Matters Concepts",
      "description" : "Code system to identify What Matters concepts from Patient Priories Care (PPC)",
      "uses" : {
      },
      "ValueSet-ppc-what-matters-example-vs.html" : "PPC What Matters Example ValueSet"
    },
    {
      "url" : "http://hl7.org/fhir/us/pco/CodeSystem/va-whole-health-example",
      "version" : "0.2.0",
      "status" : "active",
      "name" : "VAWholeHealthExample",
      "title" : "VA Whole Health Concepts",
      "description" : "Code system to identify \"What Matters\" concepts from the VA Whole Health appraoch and Circle of Health.",
      "uses" : {
      },
      "ValueSet-wellbeing-domains-example-vs.html" : "Well-Being Domains Example"
    },
    {
      "url" : "http://hl7.org/fhir/us/pco/CodeSystem/wellbeing-concepts",
      "version" : "0.2.0",
      "status" : "active",
      "name" : "WellBeingConcepts",
      "title" : "Well-Being Concepts",
      "description" : "Code system to identify resource codes and category domains for \"What Matters\".",
      "uses" : {
      },
      "ValueSet-wellbeing-category-vs.html" : "Well-Being Categories",
      "ValueSet-what-matters-vs.html" : "What Matters Categories"
    },
    {
      "url" : "http://loinc.org",
      "version" : "3.1.0",
      "status" : "active",
      "name" : "LOINC",
      "title" : "Logical Observation Identifiers, Names and Codes (LOINC)",
      "description" : "LOINC provides a set of universal names and ID codes for identifying laboratory and clinical test results.1,2 LOINC facilitates the exchange and pooling of results, such as blood hemoglobin, serum potassium, or vital signs, for clinical care, outcomes management, and research. LOINC's universal identifiers (names and codes) can be used in the context of order and observation exchanges between information systems that use syntax standards such as HL73, CEN TC251, ISO TC215, ASTM4, and DICOM. Specifically, the identifier can be used as the coded value for an observation in any other standard that uses the observation/observation value paradigm, whether messages, documents, application programming interface (API), etc. For example, LOINC codes are used widely in the OBX segment Observation Identifier field (OBX-3) of an ORU HL7 (HL7 version 2.x or ASTM 1238-9410) message that may be sent between a Clinical Laboratory Information Management Systems (LIMS) and Electronic Health Record Systems (EHR).5, 6 In this way, LOINC codes provide universal identifiers that allow the exchange of clinical data between heterogeneous computing environments.",
      "oids" : ["2.16.840.1.113883.6.1"],
      "uses" : {
      },
      "ValueSet-prom-target-measures.html" : "PROM Target Measures",
      "ValueSet-goal-attainment-scaling-score.html" : "Goal Attainment Scaling (GAS) Score",
      "ValueSet-gas-score-answers.html" : "Follow-Up GAS Score Answers"
    },
    {
      "url" : "http://snomed.info/sct",
      "version" : null,
      "status" : "active",
      "name" : "SNOMED_CT",
      "title" : "SNOMED CT (all versions)",
      "description" : "SNOMED CT is the most comprehensive and precise clinical health terminology product in the world, owned and distributed around the world by The International Health Terminology Standards Development Organisation (IHTSDO).",
      "oids" : ["2.16.840.1.113883.6.96"],
      "uses" : {
      },
      "ValueSet-goal-barrier-codes.html" : "Goal Barrier Assessment Codes"
    },
    {
      "url" : "http://terminology.hl7.org/CodeSystem/observation-category",
      "version" : "1.0.1",
      "status" : "active",
      "name" : "ObservationCategoryCodes",
      "title" : "Observation Category Codes",
      "description" : "Observation Category codes.",
      "oids" : ["2.16.840.1.113883.4.642.1.1125"],
      "uses" : {
      },
      "ValueSet-pco-survey-category-vs.html" : "Person-Centered Outcomes Survey Value Set"
    }
  ]
}
