<?xml version="1.0" encoding="UTF-8"?>

<CodeSystem xmlns="http://hl7.org/fhir">
  <id value="ppc-care-tradeoff-concepts"/>
  <text>
    <status value="generated"/><div xmlns="http://www.w3.org/1999/xhtml"><p class="res-header-id"><b>Generated Narrative: CodeSystem ppc-care-tradeoff-concepts</b></p><a name="ppc-care-tradeoff-concepts"> </a><a name="hcppc-care-tradeoff-concepts"> </a><a name="ppc-care-tradeoff-concepts-en-US"> </a><p>This case-sensitive code system <code>http://hl7.org/fhir/us/pco/CodeSystem/ppc-care-tradeoff-concepts</code> defines the following codes in a Is-A hierarchy:</p><table class="codes"><tr><td><b>Lvl</b></td><td style="white-space:nowrap"><b>Code</b></td><td><b>Display</b></td></tr><tr><td>1</td><td style="white-space:nowrap">medications<a name="ppc-care-tradeoff-concepts-medications"> </a></td><td>Medications</td></tr><tr><td>1</td><td style="white-space:nowrap">self-care-tasks<a name="ppc-care-tradeoff-concepts-self-care-tasks"> </a></td><td>Self-care tasks</td></tr><tr><td>2</td><td style="white-space:nowrap">  diet<a name="ppc-care-tradeoff-concepts-diet"> </a></td><td>Following a special diet</td></tr><tr><td>2</td><td style="white-space:nowrap">  exercise<a name="ppc-care-tradeoff-concepts-exercise"> </a></td><td>Exercising</td></tr><tr><td>2</td><td style="white-space:nowrap">  checking-vitals<a name="ppc-care-tradeoff-concepts-checking-vitals"> </a></td><td>Checking health signs (e.g., weight, blood pressure)</td></tr><tr><td>2</td><td style="white-space:nowrap">  checking-blood-sugar<a name="ppc-care-tradeoff-concepts-checking-blood-sugar"> </a></td><td>Checking blood sugar</td></tr><tr><td>2</td><td style="white-space:nowrap">  wearing-cpap-mask<a name="ppc-care-tradeoff-concepts-wearing-cpap-mask"> </a></td><td>Wearing CPAP mask</td></tr><tr><td>2</td><td style="white-space:nowrap">  wearing-oxygen<a name="ppc-care-tradeoff-concepts-wearing-oxygen"> </a></td><td>Wearing oxygen</td></tr><tr><td>2</td><td style="white-space:nowrap">  using-cane-or-walker<a name="ppc-care-tradeoff-concepts-using-cane-or-walker"> </a></td><td>Using a cane or walker</td></tr><tr><td>1</td><td style="white-space:nowrap">treatments-procedures<a name="ppc-care-tradeoff-concepts-treatments-procedures"> </a></td><td>Tests, treatments, and procedures</td></tr><tr><td>2</td><td style="white-space:nowrap">  dialysis<a name="ppc-care-tradeoff-concepts-dialysis"> </a></td><td>Doing Dialysis</td></tr><tr><td>2</td><td style="white-space:nowrap">  chemotherapy<a name="ppc-care-tradeoff-concepts-chemotherapy"> </a></td><td>Doing Chemotherapy</td></tr><tr><td>2</td><td style="white-space:nowrap">  radiation<a name="ppc-care-tradeoff-concepts-radiation"> </a></td><td>Going through Radiation</td></tr><tr><td>2</td><td style="white-space:nowrap">  blood-tests<a name="ppc-care-tradeoff-concepts-blood-tests"> </a></td><td>Having Blood Tests done</td></tr><tr><td>2</td><td style="white-space:nowrap">  x-rays<a name="ppc-care-tradeoff-concepts-x-rays"> </a></td><td>Having X-Rays done</td></tr><tr><td>2</td><td style="white-space:nowrap">  other-diagnostic-tests<a name="ppc-care-tradeoff-concepts-other-diagnostic-tests"> </a></td><td>Going through other Diagnostic Tests (e.g. mammography)</td></tr><tr><td>2</td><td style="white-space:nowrap">  surgeries<a name="ppc-care-tradeoff-concepts-surgeries"> </a></td><td>Having Surgeries</td></tr><tr><td>2</td><td style="white-space:nowrap">  other-procedures<a name="ppc-care-tradeoff-concepts-other-procedures"> </a></td><td>Having other procedures done (e.g. colonoscopy)</td></tr><tr><td>1</td><td style="white-space:nowrap">health-care-visits<a name="ppc-care-tradeoff-concepts-health-care-visits"> </a></td><td>Health Care visits</td></tr><tr><td>2</td><td style="white-space:nowrap">  pcp<a name="ppc-care-tradeoff-concepts-pcp"> </a></td><td>Visiting PCP primary clinician</td></tr><tr><td>2</td><td style="white-space:nowrap">  specialists<a name="ppc-care-tradeoff-concepts-specialists"> </a></td><td>Visiting specialists (e.g., cardiologist, pulmonologist, urologist)</td></tr><tr><td>2</td><td style="white-space:nowrap">  counselor<a name="ppc-care-tradeoff-concepts-counselor"> </a></td><td>Visiting counselor (e.g., psychologist, social worker, therapist)</td></tr><tr><td>2</td><td style="white-space:nowrap">  rehabilitation<a name="ppc-care-tradeoff-concepts-rehabilitation"> </a></td><td>Doing rehabilitation (e.g., physical therapy, cardio rehabilitation)</td></tr><tr><td>1</td><td style="white-space:nowrap">community-services<a name="ppc-care-tradeoff-concepts-community-services"> </a></td><td>Community programs, services and supports</td></tr><tr><td>2</td><td style="white-space:nowrap">  in-home-help<a name="ppc-care-tradeoff-concepts-in-home-help"> </a></td><td>In-home help</td></tr><tr><td>2</td><td style="white-space:nowrap">  transportation<a name="ppc-care-tradeoff-concepts-transportation"> </a></td><td>Transportation</td></tr><tr><td>2</td><td style="white-space:nowrap">  meal-delivery<a name="ppc-care-tradeoff-concepts-meal-delivery"> </a></td><td>Meal delivery</td></tr><tr><td>2</td><td style="white-space:nowrap">  community-based-program<a name="ppc-care-tradeoff-concepts-community-based-program"> </a></td><td>Community-based program</td></tr><tr><td>1</td><td style="white-space:nowrap">other<a name="ppc-care-tradeoff-concepts-other"> </a></td><td>Other</td></tr></table></div>
  </text>
  <extension url="http://hl7.org/fhir/StructureDefinition/structuredefinition-wg">
    <valueCode value="pc"/>
  </extension>
  <url value="http://hl7.org/fhir/us/pco/CodeSystem/ppc-care-tradeoff-concepts"/>
  <version value="0.2.0"/>
  <name value="PPCCareTradeOffConcepts"/>
  <title value="Care Trade-off Concepts"/>
  <status value="active"/>
  <experimental value="false"/>
  <date value="2025-01-06T17:40:57+00:00"/>
  <publisher value="HL7 International / Patient Care"/>
  <contact>
    <name value="HL7 International / Patient Care"/>
    <telecom>
      <system value="url"/>
      <value value="http://www.hl7.org/Special/committees/patientcare"/>
    </telecom>
    <telecom>
      <system value="email"/>
      <value value="patientcare@lists.HL7.org"/>
    </telecom>
  </contact>
  <description value="Code system to identify care trade-off concepts."/>
  <jurisdiction>
    <coding>
      <system value="urn:iso:std:iso:3166"/>
      <code value="US"/>
    </coding>
  </jurisdiction>
  <caseSensitive value="true"/>
  <hierarchyMeaning value="is-a"/>
  <content value="complete"/>
  <count value="29"/>
  <concept>
    <code value="medications"/>
    <display value="Medications"/>
  </concept>
  <concept>
    <code value="self-care-tasks"/>
    <display value="Self-care tasks"/>
    <concept>
      <code value="diet"/>
      <display value="Following a special diet"/>
    </concept>
    <concept>
      <code value="exercise"/>
      <display value="Exercising"/>
    </concept>
    <concept>
      <code value="checking-vitals"/>
      <display value="Checking health signs (e.g., weight, blood pressure)"/>
    </concept>
    <concept>
      <code value="checking-blood-sugar"/>
      <display value="Checking blood sugar"/>
    </concept>
    <concept>
      <code value="wearing-cpap-mask"/>
      <display value="Wearing CPAP mask"/>
    </concept>
    <concept>
      <code value="wearing-oxygen"/>
      <display value="Wearing oxygen"/>
    </concept>
    <concept>
      <code value="using-cane-or-walker"/>
      <display value="Using a cane or walker"/>
    </concept>
  </concept>
  <concept>
    <code value="treatments-procedures"/>
    <display value="Tests, treatments, and procedures"/>
    <concept>
      <code value="dialysis"/>
      <display value="Doing Dialysis"/>
    </concept>
    <concept>
      <code value="chemotherapy"/>
      <display value="Doing Chemotherapy"/>
    </concept>
    <concept>
      <code value="radiation"/>
      <display value="Going through Radiation"/>
    </concept>
    <concept>
      <code value="blood-tests"/>
      <display value="Having Blood Tests done"/>
    </concept>
    <concept>
      <code value="x-rays"/>
      <display value="Having X-Rays done"/>
    </concept>
    <concept>
      <code value="other-diagnostic-tests"/>
      <display value="Going through other Diagnostic Tests (e.g. mammography)"/>
    </concept>
    <concept>
      <code value="surgeries"/>
      <display value="Having Surgeries"/>
    </concept>
    <concept>
      <code value="other-procedures"/>
      <display value="Having other procedures done (e.g. colonoscopy)"/>
    </concept>
  </concept>
  <concept>
    <code value="health-care-visits"/>
    <display value="Health Care visits"/>
    <concept>
      <code value="pcp"/>
      <display value="Visiting PCP primary clinician"/>
    </concept>
    <concept>
      <code value="specialists"/>
      <display value="Visiting specialists (e.g., cardiologist, pulmonologist, urologist)"/>
    </concept>
    <concept>
      <code value="counselor"/>
      <display value="Visiting counselor (e.g., psychologist, social worker, therapist)"/>
    </concept>
    <concept>
      <code value="rehabilitation"/>
      <display value="Doing rehabilitation (e.g., physical therapy, cardio rehabilitation)"/>
    </concept>
  </concept>
  <concept>
    <code value="community-services"/>
    <display value="Community programs, services and supports"/>
    <concept>
      <code value="in-home-help"/>
      <display value="In-home help"/>
    </concept>
    <concept>
      <code value="transportation"/>
      <display value="Transportation"/>
    </concept>
    <concept>
      <code value="meal-delivery"/>
      <display value="Meal delivery"/>
    </concept>
    <concept>
      <code value="community-based-program"/>
      <display value="Community-based program"/>
    </concept>
  </concept>
  <concept>
    <code value="other"/>
    <display value="Other"/>
  </concept>
</CodeSystem>