{
  "codeSystems" : [
    {
      "url" : "http://hl7.org/fhir/care-plan-activity-status",
      "version" : "4.0.1",
      "status" : "draft",
      "name" : "CarePlanActivityStatus",
      "title" : "CarePlanActivityStatus",
      "description" : "Codes that reflect the current state of a care plan activity within its overall life cycle.",
      "oids" : ["2.16.840.1.113883.4.642.4.147"],
      "uses" : {
      },
      "http://hl7.org/fhir/R4/valueset-care-plan-activity-status.html" : "CarePlanActivityStatus"
    },
    {
      "url" : "http://hl7.org/fhir/goal-status",
      "version" : "4.0.1",
      "status" : "draft",
      "name" : "GoalLifecycleStatus",
      "title" : "GoalLifecycleStatus",
      "description" : "Codes that reflect the current state of a goal and whether the goal is still being targeted.",
      "oids" : ["2.16.840.1.113883.4.642.4.272"],
      "uses" : {
      },
      "http://hl7.org/fhir/R4/valueset-goal-status.html" : "GoalLifecycleStatus"
    },
    {
      "url" : "http://hl7.org/fhir/narrative-status",
      "version" : "4.0.1",
      "status" : "draft",
      "name" : "NarrativeStatus",
      "title" : "NarrativeStatus",
      "description" : "The status of a resource narrative.",
      "oids" : ["2.16.840.1.113883.4.642.4.56"],
      "uses" : {
      },
      "http://hl7.org/fhir/us/core/STU6.1/ValueSet-us-core-narrative-status.html" : "US Core Narrative Status"
    },
    {
      "url" : "http://hl7.org/fhir/observation-status",
      "version" : "4.0.1",
      "status" : "active",
      "name" : "ObservationStatus",
      "title" : "ObservationStatus",
      "description" : "Codes providing the status of an observation.",
      "oids" : ["2.16.840.1.113883.4.642.4.401"],
      "uses" : {
      },
      "http://hl7.org/fhir/R4/valueset-observation-status.html" : "ObservationStatus"
    },
    {
      "url" : "http://hl7.org/fhir/request-intent",
      "version" : "4.0.1",
      "status" : "draft",
      "name" : "RequestIntent",
      "title" : "RequestIntent",
      "description" : "Codes indicating the degree of authority/intentionality associated with a request.",
      "oids" : ["2.16.840.1.113883.4.642.4.114"],
      "uses" : {
      },
      "http://hl7.org/fhir/R4/valueset-care-plan-intent.html" : "Care Plan Intent"
    },
    {
      "url" : "http://hl7.org/fhir/request-status",
      "version" : "4.0.1",
      "status" : "draft",
      "name" : "RequestStatus",
      "title" : "RequestStatus",
      "description" : "Codes identifying the lifecycle stage of a request.",
      "oids" : ["2.16.840.1.113883.4.642.4.112"],
      "uses" : {
      },
      "http://hl7.org/fhir/R4/valueset-request-status.html" : "RequestStatus"
    },
    {
      "url" : "http://hl7.org/fhir/resource-types",
      "version" : "4.0.1",
      "status" : "active",
      "name" : "ResourceType",
      "title" : "ResourceType",
      "description" : "One of the resource types defined as part of this version of FHIR.",
      "uses" : {
      },
      "http://hl7.org/fhir/R4/valueset-care-plan-activity-kind.html" : "Care Plan Activity Kind"
    },
    {
      "url" : "http://hl7.org/fhir/us/core/CodeSystem/us-core-category",
      "version" : "6.1.0",
      "status" : "active",
      "name" : "USCoreCategory",
      "title" : "US Core Category",
      "description" : "Category codes used across US Core Profiles and resource types. They are typically used when there is a need for categorization for searching and finding resources or workflow hints.",
      "uses" : {
      },
      "http://hl7.org/fhir/us/core/STU6.1/ValueSet-us-core-screening-assessment-observation-category.html" : "US Core Screening Assessment Observation Category"
    },
    {
      "url" : "http://loinc.org",
      "version" : "3.1.0",
      "status" : "active",
      "name" : "LOINC",
      "title" : "Logical Observation Identifiers, Names and Codes (LOINC)",
      "description" : "LOINC provides a set of universal names and ID codes for identifying laboratory and clinical test results.1,2 LOINC facilitates the exchange and pooling of results, such as blood hemoglobin, serum potassium, or vital signs, for clinical care, outcomes management, and research. LOINC's universal identifiers (names and codes) can be used in the context of order and observation exchanges between information systems that use syntax standards such as HL73, CEN TC251, ISO TC215, ASTM4, and DICOM. Specifically, the identifier can be used as the coded value for an observation in any other standard that uses the observation/observation value paradigm, whether messages, documents, application programming interface (API), etc. For example, LOINC codes are used widely in the OBX segment Observation Identifier field (OBX-3) of an ORU HL7 (HL7 version 2.x or ASTM 1238-9410) message that may be sent between a Clinical Laboratory Information Management Systems (LIMS) and Electronic Health Record Systems (EHR).5, 6 In this way, LOINC codes provide universal identifiers that allow the exchange of clinical data between heterogeneous computing environments.",
      "oids" : ["2.16.840.1.113883.6.1"],
      "uses" : {
      },
      "ValueSet-goal-attainment-scaling-score.html" : "Goal Attainment Scaling (GAS) Score",
      "ValueSet-gas-score-answers.html" : "Follow-Up GAS Score Answers",
      "http://hl7.org/fhir/R4/valueset-observation-codes.html" : "LOINC Codes",
      "http://hl7.org/fhir/us/core/STU6.1/ValueSet-us-core-goal-description.html" : "US Core Goal Codes",
      "http://hl7.org/fhir/us/core/STU6.1/ValueSet-us-core-survey-codes.html" : "US Core Survey Codes",
      "ValueSet-prom-target-measures.html" : "PROM Target Measures"
    },
    {
      "url" : "http://mtnlotus.com/uv/pco/CodeSystem/ncqa-goal-domains",
      "version" : "0.1.0",
      "status" : "active",
      "name" : "NCQAGoalDomains",
      "title" : "NCQA Goal Domains",
      "description" : "NCQA goal domain codes used to identify the category for PCO resources.",
      "uses" : {
      },
      "ValueSet-pco-category-valueset.html" : "PCO Categories"
    },
    {
      "url" : "http://mtnlotus.com/uv/pco/CodeSystem/va-whole-health",
      "version" : "0.1.0",
      "status" : "active",
      "name" : "VAWholeHealth",
      "title" : "VA Whole Health Concepts",
      "description" : "Code system to identify \"What Matters\" concepts from the VA Whole Health appraoch and Circle of Health.",
      "uses" : {
      },
      "ValueSet-what-matters-focus-areas.html" : "What Matters Focus Areas",
      "ValueSet-pco-category-valueset.html" : "PCO Categories"
    },
    {
      "url" : "http://snomed.info/sct",
      "version" : null,
      "status" : "active",
      "name" : "SNOMED_CT",
      "title" : "SNOMED CT (all versions)",
      "description" : "SNOMED CT is the most comprehensive and precise clinical health terminology product in the world, owned and distributed around the world by The International Health Terminology Standards Development Organisation (IHTSDO).",
      "oids" : ["2.16.840.1.113883.6.96"],
      "uses" : {
      },
      "http://hl7.org/fhir/R4/valueset-medication-codes.html" : "SNOMED CT Medication Codes",
      "http://hl7.org/fhir/R4/valueset-observation-methods.html" : "Observation Methods",
      "http://hl7.org/fhir/R4/valueset-care-plan-category.html" : "Care Plan Category",
      "http://hl7.org/fhir/R4/valueset-clinical-findings.html" : "SNOMED CT Clinical Findings",
      "http://hl7.org/fhir/us/core/STU6.1/ValueSet-us-core-goal-description.html" : "US Core Goal Codes",
      "http://hl7.org/fhir/R4/valueset-care-plan-activity-outcome.html" : "Care Plan Activity Outcome",
      "http://hl7.org/fhir/R4/valueset-procedure-code.html" : "Procedure Codes (SNOMED CT)",
      "http://hl7.org/fhir/R4/valueset-body-site.html" : "SNOMED CT Body Structures",
      "http://hl7.org/fhir/R4/valueset-referencerange-appliesto.html" : "Observation Reference Range Applies To Codes"
    },
    {
      "url" : "http://terminology.hl7.org/CodeSystem/data-absent-reason",
      "version" : "1.0.0",
      "status" : "active",
      "name" : "DataAbsentReason",
      "title" : "DataAbsentReason",
      "description" : "Used to specify why the normally expected content of the data element is missing.",
      "oids" : ["2.16.840.1.113883.4.642.4.1048"],
      "uses" : {
      },
      "http://hl7.org/fhir/R4/valueset-data-absent-reason.html" : "DataAbsentReason"
    },
    {
      "url" : "http://terminology.hl7.org/CodeSystem/goal-achievement",
      "version" : "1.0.1",
      "status" : "active",
      "name" : "GoalAchievementStatus",
      "title" : "Goal achievement status",
      "description" : "Describes the progression, or lack thereof, towards the goal against the target.",
      "oids" : ["2.16.840.1.113883.4.642.1.1375"],
      "uses" : {
      },
      "http://hl7.org/fhir/R4/valueset-goal-achievement.html" : "Goal achievement status"
    },
    {
      "url" : "http://terminology.hl7.org/CodeSystem/goal-category",
      "version" : "1.0.1",
      "status" : "active",
      "name" : "GoalCategory",
      "title" : "Goal category",
      "description" : "Example codes for grouping goals to use for filtering or presentation.",
      "oids" : ["2.16.840.1.113883.4.642.1.1097"],
      "uses" : {
      },
      "http://hl7.org/fhir/R4/valueset-goal-category.html" : "Goal category"
    },
    {
      "url" : "http://terminology.hl7.org/CodeSystem/goal-priority",
      "version" : "1.0.1",
      "status" : "active",
      "name" : "GoalPriority",
      "title" : "Goal priority",
      "description" : "Indicates the level of importance associated with reaching or sustaining a goal.",
      "oids" : ["2.16.840.1.113883.4.642.1.1096"],
      "uses" : {
      },
      "http://hl7.org/fhir/R4/valueset-goal-priority.html" : "Goal priority"
    },
    {
      "url" : "http://terminology.hl7.org/CodeSystem/observation-category",
      "version" : "1.0.1",
      "status" : "active",
      "name" : "ObservationCategoryCodes",
      "title" : "Observation Category Codes",
      "description" : "Observation Category codes.",
      "oids" : ["2.16.840.1.113883.4.642.1.1125"],
      "uses" : {
      },
      "http://hl7.org/fhir/R4/valueset-observation-category.html" : "Observation Category Codes"
    },
    {
      "url" : "http://terminology.hl7.org/CodeSystem/referencerange-meaning",
      "version" : "1.0.1",
      "status" : "active",
      "name" : "ObservationReferenceRangeMeaningCodes",
      "title" : "Observation Reference Range Meaning Codes",
      "description" : "This value set defines a set of codes that can be used to indicate the meaning/use of a reference range for a particular target population.",
      "oids" : ["2.16.840.1.113883.4.642.1.1124"],
      "uses" : {
      },
      "http://hl7.org/fhir/R4/valueset-referencerange-meaning.html" : "Observation Reference Range Meaning Codes"
    },
    {
      "url" : "http://terminology.hl7.org/CodeSystem/v3-ObservationInterpretation",
      "version" : "3.0.0",
      "status" : "active",
      "name" : "ObservationInterpretation",
      "title" : "ObservationInterpretation",
      "description" : "One or more codes providing a rough qualitative interpretation of the observation, such as \"normal\" / \"abnormal\", \"low\" / \"high\", \"better\" / \"worse\", \"resistant\" / \"susceptible\", \"expected\" / \"not expected\". The value set is intended to be for ANY use where coded representation of an interpretation is needed.",
      "oids" : ["2.16.840.1.113883.5.83"],
      "uses" : {
      },
      "http://hl7.org/fhir/R4/valueset-observation-interpretation.html" : "Observation Interpretation Codes"
    },
    {
      "url" : "urn:ietf:bcp:47",
      "version" : "2.0.1",
      "status" : "active",
      "name" : "Ietf3066",
      "title" : "Tags for the Identification of Languages",
      "description" : "Older value from OID registry.  Superceded; see recommendations in BCP-47.",
      "oids" : ["2.16.840.1.113883.6.121"],
      "uses" : {
      },
      "http://hl7.org/fhir/R4/valueset-languages.html" : "Common Languages"
    }
  ]
}
