{
  "resourceType" : "CodeSystem",
  "id" : "pco-goal-domain-codes-example",
  "text" : {
    "status" : "generated",
    "div" : "<div xmlns=\"http://www.w3.org/1999/xhtml\"><p class=\"res-header-id\"><b>Generated Narrative: CodeSystem pco-goal-domain-codes-example</b></p><a name=\"pco-goal-domain-codes-example\"> </a><a name=\"hcpco-goal-domain-codes-example\"> </a><a name=\"pco-goal-domain-codes-example-en-US\"> </a><p>This case-sensitive code system <code>http://mtnlotus.com/uv/pco/CodeSystem/pco-goal-domain-codes-example</code> defines the following codes:</p><table class=\"codes\"><tr><td style=\"white-space:nowrap\"><b>Code</b></td><td><b>Display</b></td></tr><tr><td style=\"white-space:nowrap\">housing<a name=\"pco-goal-domain-codes-example-housing\"> </a></td><td>Housing</td></tr><tr><td style=\"white-space:nowrap\">access-to-services<a name=\"pco-goal-domain-codes-example-access-to-services\"> </a></td><td>Access To Services</td></tr><tr><td style=\"white-space:nowrap\">caregiver-needs<a name=\"pco-goal-domain-codes-example-caregiver-needs\"> </a></td><td>Caregiver Needs</td></tr><tr><td style=\"white-space:nowrap\">end-of-life<a name=\"pco-goal-domain-codes-example-end-of-life\"> </a></td><td>End Of Life</td></tr><tr><td style=\"white-space:nowrap\">independence<a name=\"pco-goal-domain-codes-example-independence\"> </a></td><td>Independence</td></tr><tr><td style=\"white-space:nowrap\">legal<a name=\"pco-goal-domain-codes-example-legal\"> </a></td><td>Legal</td></tr><tr><td style=\"white-space:nowrap\">managing-conditions<a name=\"pco-goal-domain-codes-example-managing-conditions\"> </a></td><td>Managing Conditions</td></tr><tr><td style=\"white-space:nowrap\">medication-management<a name=\"pco-goal-domain-codes-example-medication-management\"> </a></td><td>Medication Management</td></tr><tr><td style=\"white-space:nowrap\">improving-health-and-wellness<a name=\"pco-goal-domain-codes-example-improving-health-and-wellness\"> </a></td><td>Improving Health And Wellness</td></tr><tr><td style=\"white-space:nowrap\">physical-function<a name=\"pco-goal-domain-codes-example-physical-function\"> </a></td><td>Physical Function</td></tr><tr><td style=\"white-space:nowrap\">social-functioning<a name=\"pco-goal-domain-codes-example-social-functioning\"> </a></td><td>Social Functioning</td></tr><tr><td style=\"white-space:nowrap\">emotional-and-mental-health<a name=\"pco-goal-domain-codes-example-emotional-and-mental-health\"> </a></td><td>Emotional And Mental Health</td></tr></table></div>"
  },
  "url" : "http://mtnlotus.com/uv/pco/CodeSystem/pco-goal-domain-codes-example",
  "version" : "0.1.0",
  "name" : "PCOGoalDomainCodesExample",
  "title" : "Goal Domain Code Examples",
  "status" : "active",
  "experimental" : false,
  "date" : "2024-08-08T17:33:11+00:00",
  "publisher" : "Mountain Lotus WellBeing LLC",
  "contact" : [{
    "name" : "Mountain Lotus WellBeing LLC",
    "telecom" : [{
      "system" : "url",
      "value" : "http://mtnlotus.com"
    }]
  }],
  "description" : "Example code system to identify the domain of a PCO Goal.",
  "jurisdiction" : [{
    "coding" : [{
      "system" : "http://unstats.un.org/unsd/methods/m49/m49.htm",
      "code" : "001",
      "display" : "World"
    }]
  }],
  "caseSensitive" : true,
  "content" : "complete",
  "count" : 12,
  "concept" : [{
    "code" : "housing",
    "display" : "Housing"
  },
  {
    "code" : "access-to-services",
    "display" : "Access To Services"
  },
  {
    "code" : "caregiver-needs",
    "display" : "Caregiver Needs"
  },
  {
    "code" : "end-of-life",
    "display" : "End Of Life"
  },
  {
    "code" : "independence",
    "display" : "Independence"
  },
  {
    "code" : "legal",
    "display" : "Legal"
  },
  {
    "code" : "managing-conditions",
    "display" : "Managing Conditions"
  },
  {
    "code" : "medication-management",
    "display" : "Medication Management"
  },
  {
    "code" : "improving-health-and-wellness",
    "display" : "Improving Health And Wellness"
  },
  {
    "code" : "physical-function",
    "display" : "Physical Function"
  },
  {
    "code" : "social-functioning",
    "display" : "Social Functioning"
  },
  {
    "code" : "emotional-and-mental-health",
    "display" : "Emotional And Mental Health"
  }]
}