URL,Version,Status,OIDs,Name,Title,Descriptino,Used
http://mtnlotus.com/uv/pco/CodeSystem/mtnlotus-concepts,0.1.0,active,,MtnLotusConcepts,My Lotus Lifestyle Concepts,"Code system to identify ""What Matters"" concepts from Mountain Lotus WellBeing.",
http://mtnlotus.com/uv/pco/CodeSystem/ncqa-goal-domains,0.1.0,active,,NCQAGoalDomains,NCQA Goal Domains,"NCQA goal domain codes used to identify the category for PCO resources.",
http://mtnlotus.com/uv/pco/CodeSystem/pco,0.1.0,active,,PCOCodes,Codes for PCO,"Codes to identify content associated with this IG",
http://mtnlotus.com/uv/pco/CodeSystem/pco-gas-codes-temporary,0.1.0,active,,PCOGASCodesTemporary,Goal Attainment Scaling (GAS) Codes,"Temporary code system for GAS codes until publication by LOINC. All of these codes have been submitted to LOINC.",
http://mtnlotus.com/uv/pco/CodeSystem/va-whole-health,0.1.0,active,,VAWholeHealth,VA Whole Health Concepts,"Code system to identify ""What Matters"" concepts from the VA Whole Health appraoch and Circle of Health.",
http://mtnlotus.com/uv/pco/CodeSystem/what-matters-rating,0.1.0,active,,WhatMattersRating,What Matters Rating Concepts,"Code system to identify ""What Matters"" rating concepts.",
