URL,Version,Status,OIDs,Name,Title,Description,Used
http://hl7.org/fhir/us/pco/CodeSystem/pco-bothersome-health-concern-concepts,0.2.0,active,,BothersomeHealthConcernConcepts,Bothersome Health Concern Concepts,"Code system to identify bothersome symptoms or health concerns..","ValueSet/pco-bothersome-health-concern-valueset"
http://hl7.org/fhir/us/pco/CodeSystem/pco-care-tradeoff-choices,0.2.0,active,,CareTradeOffChoices,Care Trade-off Choices,"Code system to identify care trade-off choices.","ValueSet/pco-care-tradeoff-choices-valueset"
http://hl7.org/fhir/us/pco/CodeSystem/pco-care-tradeoff-concepts,0.2.0,active,,CareTradeOffConcepts,Care Trade-off Concepts,"Code system to identify care trade-off concepts.","ValueSet/pco-care-tradeoff-valueset"
http://hl7.org/fhir/us/pco/CodeSystem/pco-codes,0.2.0,active,,PCOCodes,Codes for PCO,"Codes to identify content associated with this IG","ValueSet/pco-category-vs"
http://hl7.org/fhir/us/pco/CodeSystem/pco-goal-domains,0.2.0,active,,PCOGoalDomains,PCO Goal Domains,"Goal domain codes used to identify the category for PCO resources.","ValueSet/pco-domain-category-valueset"
http://hl7.org/fhir/us/pco/CodeSystem/va-whole-health-example,0.2.0,active,,VAWholeHealthExample,VA Whole Health Concepts,"Code system to identify ""What Matters"" concepts from the VA Whole Health appraoch and Circle of Health.","ValueSet/wellbeing-domains-example-vs"
http://hl7.org/fhir/us/pco/CodeSystem/wellbeing-concepts,0.2.0,active,,WellBeingConcepts,Well-Being Concepts,"Code system to identify resource codes and category domains for ""What Matters"".","ValueSet/wellbeing-category-vs,ValueSet/wellbeing-priority-focus-vs"
http://loinc.org,3.1.0,active,"2.16.840.1.113883.6.1",LOINC,Logical Observation Identifiers, Names and Codes (LOINC),"LOINC provides a set of universal names and ID codes for identifying laboratory and clinical test results.1,2 LOINC facilitates the exchange and pooling of results, such as blood hemoglobin, serum potassium, or vital signs, for clinical care, outcomes management, and research. LOINC's universal identifiers (names and codes) can be used in the context of order and observation exchanges between information systems that use syntax standards such as HL73, CEN TC251, ISO TC215, ASTM4, and DICOM. Specifically, the identifier can be used as the coded value for an observation in any other standard that uses the observation/observation value paradigm, whether messages, documents, application programming interface (API), etc. For example, LOINC codes are used widely in the OBX segment Observation Identifier field (OBX-3) of an ORU HL7 (HL7 version 2.x or ASTM 1238-9410) message that may be sent between a Clinical Laboratory Information Management Systems (LIMS) and Electronic Health Record Systems (EHR).5, 6 In this way, LOINC codes provide universal identifiers that allow the exchange of clinical data between heterogeneous computing environments.","ValueSet/gas-score-answers,ValueSet/goal-attainment-scaling-score,ValueSet/prom-target-measures"
http://terminology.hl7.org/CodeSystem/observation-category,1.0.1,active,"2.16.840.1.113883.4.642.1.1125",ObservationCategoryCodes,Observation Category Codes,"Observation Category codes.","ValueSet/pco-survey-category-vs"
