URL,Version,Status,OIDs,Name,Title,Description,Used
http://hl7.org/fhir/us/pco/CodeSystem/ncqa-goal-domains,0.2.0,active,,NCQAGoalDomains,NCQA Goal Domains,"NCQA goal domain codes used to identify the category for PCO resources.",
http://hl7.org/fhir/us/pco/CodeSystem/pco,0.2.0,active,,PCOCodes,Codes for PCO,"Codes to identify content associated with this IG",
http://hl7.org/fhir/us/pco/CodeSystem/va-whole-health,0.2.0,active,,VAWholeHealth,VA Whole Health Concepts,"Code system to identify ""What Matters"" concepts from the VA Whole Health appraoch and Circle of Health.",
http://hl7.org/fhir/us/pco/CodeSystem/what-matters-rating,0.2.0,active,,WhatMattersRating,What Matters Rating Concepts,"Code system to identify ""What Matters"" rating concepts.",
