<?xml version="1.0" encoding="UTF-8"?>

<Device xmlns="http://hl7.org/fhir">
  <id value="cqf-tooling"/>
  <meta>
    <profile value="http://hl7.org/fhir/us/cqfmeasures/StructureDefinition/device-softwaresystem-cqfm"/>
  </meta>
  <text>
    <status value="generated"/><div xmlns="http://www.w3.org/1999/xhtml"><p class="res-header-id"><b>Generated Narrative: Device cqf-tooling</b></p><a name="cqf-tooling"> </a><a name="hccqf-tooling"> </a><a name="cqf-tooling-en-US"> </a><p><b>manufacturer</b>: CQFramework</p><h3>DeviceNames</h3><table class="grid"><tr><td style="display: none">-</td><td><b>Name</b></td><td><b>Type</b></td></tr><tr><td style="display: none">*</td><td>cqf-tooling</td><td>Manufacturer name</td></tr></table><p><b>type</b>: <span title="Codes:{http://hl7.org/fhir/us/cqfmeasures/CodeSystem/software-system-type tooling}">Tooling</span></p><h3>Versions</h3><table class="grid"><tr><td style="display: none">-</td><td><b>Value</b></td></tr><tr><td style="display: none">*</td><td>3.6.0</td></tr></table></div>
  </text>
  <manufacturer value="CQFramework"/>
  <deviceName>
    <name value="cqf-tooling"/>
    <type value="manufacturer-name"/>
  </deviceName>
  <type>
    <coding>
      <system value="http://hl7.org/fhir/us/cqfmeasures/CodeSystem/software-system-type"/>
      <code value="tooling"/>
    </coding>
  </type>
  <version>
    <value value="3.6.0"/>
  </version>
</Device>