<?xml version="1.0" encoding="UTF-8"?>

<Bundle xmlns="http://hl7.org/fhir">
  <id value="be62b009-4695-4d8d-992d-27c46dc06a24"/>
  <meta>
    <lastUpdated value="2024-08-19T20:32:01.551+00:00"/>
  </meta>
  <type value="collection"/>
  <entry>
    <fullUrl value="http://mtnlotus.com/uv/pco/ValueSet/caregiver-gas-followup-vs"/>
    <resource>
      <ValueSet>
        <text>
          <status value="generated"/>
          <div xmlns="http://www.w3.org/1999/xhtml">
            <p class="res-header-id">
              <b>Generated Narrative: ValueSet </b>
            </p>
            <p style="border: black 1px dotted; background-color: #EEEEEE; padding: 8px; margin-bottom: 8px">Expansion based on 
              <a href="CodeSystem-pco-gas-codes-temporary.html">codesystem Goal Attainment Scaling (GAS) Codes v0.1.0 (CodeSystem)</a>
            </p>
            <p>This value set contains 5 concepts</p>
            <table class="codes">
              <tr>
                <td style="white-space:nowrap">
                  <b>Code</b>
                </td>
                <td>
                  <b>System</b>
                </td>
                <td>
                  <b>Display</b>
                </td>
              </tr>
              <tr>
                <td style="white-space:nowrap">
                  <a name="x-http://mtnlotus.com/uv/pco/CodeSystem/pco-gas-codes-temporary-caregiver-gas-much-better-than-expected"> </a>  
                  <a href="CodeSystem-pco-gas-codes-temporary.html#pco-gas-codes-temporary-caregiver-gas-much-better-than-expected">caregiver-gas-much-better-than-expected</a>
                </td>
                <td>http://mtnlotus.com/uv/pco/CodeSystem/pco-gas-codes-temporary</td>
                <td>Much better than expected</td>
              </tr>
              <tr>
                <td style="white-space:nowrap">
                  <a name="x-http://mtnlotus.com/uv/pco/CodeSystem/pco-gas-codes-temporary-caregiver-gas-better-than-expected"> </a>  
                  <a href="CodeSystem-pco-gas-codes-temporary.html#pco-gas-codes-temporary-caregiver-gas-better-than-expected">caregiver-gas-better-than-expected</a>
                </td>
                <td>http://mtnlotus.com/uv/pco/CodeSystem/pco-gas-codes-temporary</td>
                <td>Better than expected</td>
              </tr>
              <tr>
                <td style="white-space:nowrap">
                  <a name="x-http://mtnlotus.com/uv/pco/CodeSystem/pco-gas-codes-temporary-caregiver-gas-expected-outcome"> </a>  
                  <a href="CodeSystem-pco-gas-codes-temporary.html#pco-gas-codes-temporary-caregiver-gas-expected-outcome">caregiver-gas-expected-outcome</a>
                </td>
                <td>http://mtnlotus.com/uv/pco/CodeSystem/pco-gas-codes-temporary</td>
                <td>Expected outcome</td>
              </tr>
              <tr>
                <td style="white-space:nowrap">
                  <a name="x-http://mtnlotus.com/uv/pco/CodeSystem/pco-gas-codes-temporary-caregiver-gas-less-than-expected"> </a>  
                  <a href="CodeSystem-pco-gas-codes-temporary.html#pco-gas-codes-temporary-caregiver-gas-less-than-expected">caregiver-gas-less-than-expected</a>
                </td>
                <td>http://mtnlotus.com/uv/pco/CodeSystem/pco-gas-codes-temporary</td>
                <td>Less than expected</td>
              </tr>
              <tr>
                <td style="white-space:nowrap">
                  <a name="x-http://mtnlotus.com/uv/pco/CodeSystem/pco-gas-codes-temporary-caregiver-gas-much-less-than-expected"> </a>  
                  <a href="CodeSystem-pco-gas-codes-temporary.html#pco-gas-codes-temporary-caregiver-gas-much-less-than-expected">caregiver-gas-much-less-than-expected</a>
                </td>
                <td>http://mtnlotus.com/uv/pco/CodeSystem/pco-gas-codes-temporary</td>
                <td>Much less than expected</td>
              </tr>
            </table>
          </div>
        </text>
        <url value="http://mtnlotus.com/uv/pco/ValueSet/caregiver-gas-followup-vs"/>
        <version value="0.1.0"/>
        <name value="CaregiverGASFollowupVS"/>
        <title value="Caregiver Follow-Up GAS Score"/>
        <status value="draft"/>
        <experimental value="false"/>
        <date value="2024-08-19T20:32:01+00:00"/>
        <jurisdiction>
          <coding>
            <system value="http://unstats.un.org/unsd/methods/m49/m49.htm"/>
            <code value="001"/>
            <display value="World"/>
          </coding>
        </jurisdiction>
        <expansion>
          <identifier value="urn:uuid:5eb28659-36d4-4cf8-978b-fa04a37dac38"/>
          <timestamp value="2024-08-19T20:32:52+00:00"/>
          <total value="5"/>
          <offset value="0"/>
          <parameter>
            <name value="count"/>
            <valueInteger value="1000"/>
          </parameter>
          <parameter>
            <name value="offset"/>
            <valueInteger value="0"/>
          </parameter>
          <parameter>
            <name value="excludeNested"/>
            <valueBoolean value="false"/>
          </parameter>
          <parameter>
            <name value="used-codesystem"/>
            <valueUri value="http://mtnlotus.com/uv/pco/CodeSystem/pco-gas-codes-temporary|0.1.0"/>
          </parameter>
          <contains>
            <system value="http://mtnlotus.com/uv/pco/CodeSystem/pco-gas-codes-temporary"/>
            <code value="caregiver-gas-much-better-than-expected"/>
            <display value="Much better than expected"/>
          </contains>
          <contains>
            <system value="http://mtnlotus.com/uv/pco/CodeSystem/pco-gas-codes-temporary"/>
            <code value="caregiver-gas-better-than-expected"/>
            <display value="Better than expected"/>
          </contains>
          <contains>
            <system value="http://mtnlotus.com/uv/pco/CodeSystem/pco-gas-codes-temporary"/>
            <code value="caregiver-gas-expected-outcome"/>
            <display value="Expected outcome"/>
          </contains>
          <contains>
            <system value="http://mtnlotus.com/uv/pco/CodeSystem/pco-gas-codes-temporary"/>
            <code value="caregiver-gas-less-than-expected"/>
            <display value="Less than expected"/>
          </contains>
          <contains>
            <system value="http://mtnlotus.com/uv/pco/CodeSystem/pco-gas-codes-temporary"/>
            <code value="caregiver-gas-much-less-than-expected"/>
            <display value="Much less than expected"/>
          </contains>
        </expansion>
      </ValueSet>
    </resource>
  </entry>
  <entry>
    <fullUrl value="http://mtnlotus.com/uv/pco/ValueSet/patient-gas-followup-vs"/>
    <resource>
      <ValueSet>
        <text>
          <status value="generated"/>
          <div xmlns="http://www.w3.org/1999/xhtml">
            <p class="res-header-id">
              <b>Generated Narrative: ValueSet </b>
            </p>
            <p style="border: black 1px dotted; background-color: #EEEEEE; padding: 8px; margin-bottom: 8px">Expansion based on 
              <a href="CodeSystem-pco-gas-codes-temporary.html">codesystem Goal Attainment Scaling (GAS) Codes v0.1.0 (CodeSystem)</a>
            </p>
            <p>This value set contains 5 concepts</p>
            <table class="codes">
              <tr>
                <td style="white-space:nowrap">
                  <b>Code</b>
                </td>
                <td>
                  <b>System</b>
                </td>
                <td>
                  <b>Display</b>
                </td>
              </tr>
              <tr>
                <td style="white-space:nowrap">
                  <a name="x-http://mtnlotus.com/uv/pco/CodeSystem/pco-gas-codes-temporary-patient-gas-much-better-than-expected"> </a>  
                  <a href="CodeSystem-pco-gas-codes-temporary.html#pco-gas-codes-temporary-patient-gas-much-better-than-expected">patient-gas-much-better-than-expected</a>
                </td>
                <td>http://mtnlotus.com/uv/pco/CodeSystem/pco-gas-codes-temporary</td>
                <td>Much better than expected</td>
              </tr>
              <tr>
                <td style="white-space:nowrap">
                  <a name="x-http://mtnlotus.com/uv/pco/CodeSystem/pco-gas-codes-temporary-patient-gas-better-than-expected"> </a>  
                  <a href="CodeSystem-pco-gas-codes-temporary.html#pco-gas-codes-temporary-patient-gas-better-than-expected">patient-gas-better-than-expected</a>
                </td>
                <td>http://mtnlotus.com/uv/pco/CodeSystem/pco-gas-codes-temporary</td>
                <td>Better than expected</td>
              </tr>
              <tr>
                <td style="white-space:nowrap">
                  <a name="x-http://mtnlotus.com/uv/pco/CodeSystem/pco-gas-codes-temporary-patient-gas-expected-outcome"> </a>  
                  <a href="CodeSystem-pco-gas-codes-temporary.html#pco-gas-codes-temporary-patient-gas-expected-outcome">patient-gas-expected-outcome</a>
                </td>
                <td>http://mtnlotus.com/uv/pco/CodeSystem/pco-gas-codes-temporary</td>
                <td>Expected outcome</td>
              </tr>
              <tr>
                <td style="white-space:nowrap">
                  <a name="x-http://mtnlotus.com/uv/pco/CodeSystem/pco-gas-codes-temporary-patient-gas-less-than-expected"> </a>  
                  <a href="CodeSystem-pco-gas-codes-temporary.html#pco-gas-codes-temporary-patient-gas-less-than-expected">patient-gas-less-than-expected</a>
                </td>
                <td>http://mtnlotus.com/uv/pco/CodeSystem/pco-gas-codes-temporary</td>
                <td>Less than expected</td>
              </tr>
              <tr>
                <td style="white-space:nowrap">
                  <a name="x-http://mtnlotus.com/uv/pco/CodeSystem/pco-gas-codes-temporary-patient-gas-much-less-than-expected"> </a>  
                  <a href="CodeSystem-pco-gas-codes-temporary.html#pco-gas-codes-temporary-patient-gas-much-less-than-expected">patient-gas-much-less-than-expected</a>
                </td>
                <td>http://mtnlotus.com/uv/pco/CodeSystem/pco-gas-codes-temporary</td>
                <td>Much less than expected</td>
              </tr>
            </table>
          </div>
        </text>
        <url value="http://mtnlotus.com/uv/pco/ValueSet/patient-gas-followup-vs"/>
        <version value="0.1.0"/>
        <name value="PatientGASFollowupVS"/>
        <title value="Patient Follow-Up GAS Score"/>
        <status value="draft"/>
        <experimental value="false"/>
        <date value="2024-08-19T20:32:01+00:00"/>
        <jurisdiction>
          <coding>
            <system value="http://unstats.un.org/unsd/methods/m49/m49.htm"/>
            <code value="001"/>
            <display value="World"/>
          </coding>
        </jurisdiction>
        <expansion>
          <identifier value="urn:uuid:2bc06437-7cf6-4e71-8ca3-4df123bba48e"/>
          <timestamp value="2024-08-19T20:32:52+00:00"/>
          <total value="5"/>
          <offset value="0"/>
          <parameter>
            <name value="count"/>
            <valueInteger value="1000"/>
          </parameter>
          <parameter>
            <name value="offset"/>
            <valueInteger value="0"/>
          </parameter>
          <parameter>
            <name value="excludeNested"/>
            <valueBoolean value="false"/>
          </parameter>
          <parameter>
            <name value="used-codesystem"/>
            <valueUri value="http://mtnlotus.com/uv/pco/CodeSystem/pco-gas-codes-temporary|0.1.0"/>
          </parameter>
          <contains>
            <system value="http://mtnlotus.com/uv/pco/CodeSystem/pco-gas-codes-temporary"/>
            <code value="patient-gas-much-better-than-expected"/>
            <display value="Much better than expected"/>
          </contains>
          <contains>
            <system value="http://mtnlotus.com/uv/pco/CodeSystem/pco-gas-codes-temporary"/>
            <code value="patient-gas-better-than-expected"/>
            <display value="Better than expected"/>
          </contains>
          <contains>
            <system value="http://mtnlotus.com/uv/pco/CodeSystem/pco-gas-codes-temporary"/>
            <code value="patient-gas-expected-outcome"/>
            <display value="Expected outcome"/>
          </contains>
          <contains>
            <system value="http://mtnlotus.com/uv/pco/CodeSystem/pco-gas-codes-temporary"/>
            <code value="patient-gas-less-than-expected"/>
            <display value="Less than expected"/>
          </contains>
          <contains>
            <system value="http://mtnlotus.com/uv/pco/CodeSystem/pco-gas-codes-temporary"/>
            <code value="patient-gas-much-less-than-expected"/>
            <display value="Much less than expected"/>
          </contains>
        </expansion>
      </ValueSet>
    </resource>
  </entry>
  <entry>
    <fullUrl value="http://mtnlotus.com/uv/pco/ValueSet/pco-category-valueset"/>
    <resource>
      <ValueSet>
        <text>
          <status value="generated"/>
          <div xmlns="http://www.w3.org/1999/xhtml">
            <p class="res-header-id">
              <b>Generated Narrative: ValueSet </b>
            </p>
            <p style="border: black 1px dotted; background-color: #EEEEEE; padding: 8px; margin-bottom: 8px">Expansion based on 
              <a href="CodeSystem-pco-category-codes-example.html">codesystem Category Code Examples v0.1.0 (CodeSystem)</a>
            </p>
            <p>This value set contains 12 concepts</p>
            <table class="codes">
              <tr>
                <td style="white-space:nowrap">
                  <b>Code</b>
                </td>
                <td>
                  <b>System</b>
                </td>
                <td>
                  <b>Display</b>
                </td>
                <td>
                  <b>Definition</b>
                </td>
              </tr>
              <tr>
                <td style="white-space:nowrap">
                  <a name="x-http://mtnlotus.com/uv/pco/CodeSystem/pco-category-codes-example-housing"> </a>  
                  <a href="CodeSystem-pco-category-codes-example.html#pco-category-codes-example-housing">housing</a>
                </td>
                <td>http://mtnlotus.com/uv/pco/CodeSystem/pco-category-codes-example</td>
                <td>Housing</td>
                <td>
                  <div>
                    <p>Having acceptable housing that is appropriate for a person's needs.</p>

                  </div>
                </td>
              </tr>
              <tr>
                <td style="white-space:nowrap">
                  <a name="x-http://mtnlotus.com/uv/pco/CodeSystem/pco-category-codes-example-access-to-services"> </a>  
                  <a href="CodeSystem-pco-category-codes-example.html#pco-category-codes-example-access-to-services">access-to-services</a>
                </td>
                <td>http://mtnlotus.com/uv/pco/CodeSystem/pco-category-codes-example</td>
                <td>Access To Services</td>
                <td>
                  <div>
                    <p>Ability to access, afford, and utilize appropriate health and community resources. Includes access to transportation, stable food resources, and assistance with financial concerns.</p>

                  </div>
                </td>
              </tr>
              <tr>
                <td style="white-space:nowrap">
                  <a name="x-http://mtnlotus.com/uv/pco/CodeSystem/pco-category-codes-example-caregiver-needs"> </a>  
                  <a href="CodeSystem-pco-category-codes-example.html#pco-category-codes-example-caregiver-needs">caregiver-needs</a>
                </td>
                <td>http://mtnlotus.com/uv/pco/CodeSystem/pco-category-codes-example</td>
                <td>Caregiver Needs</td>
                <td>
                  <div/>
                </td>
              </tr>
              <tr>
                <td style="white-space:nowrap">
                  <a name="x-http://mtnlotus.com/uv/pco/CodeSystem/pco-category-codes-example-end-of-life"> </a>  
                  <a href="CodeSystem-pco-category-codes-example.html#pco-category-codes-example-end-of-life">end-of-life</a>
                </td>
                <td>http://mtnlotus.com/uv/pco/CodeSystem/pco-category-codes-example</td>
                <td>End Of Life</td>
                <td>
                  <div>
                    <p>Planning for end-of-life care and desires to reduce burden on family or others.</p>

                  </div>
                </td>
              </tr>
              <tr>
                <td style="white-space:nowrap">
                  <a name="x-http://mtnlotus.com/uv/pco/CodeSystem/pco-category-codes-example-independence"> </a>  
                  <a href="CodeSystem-pco-category-codes-example.html#pco-category-codes-example-independence">independence</a>
                </td>
                <td>http://mtnlotus.com/uv/pco/CodeSystem/pco-category-codes-example</td>
                <td>Independence</td>
                <td>
                  <div>
                    <p>Ability to live independently without help or assistance from others.</p>

                  </div>
                </td>
              </tr>
              <tr>
                <td style="white-space:nowrap">
                  <a name="x-http://mtnlotus.com/uv/pco/CodeSystem/pco-category-codes-example-legal"> </a>  
                  <a href="CodeSystem-pco-category-codes-example.html#pco-category-codes-example-legal">legal</a>
                </td>
                <td>http://mtnlotus.com/uv/pco/CodeSystem/pco-category-codes-example</td>
                <td>Legal</td>
                <td>
                  <div>
                    <p>Having adequate support for legal issues such as child custody, medical power of attorney, etc.</p>

                  </div>
                </td>
              </tr>
              <tr>
                <td style="white-space:nowrap">
                  <a name="x-http://mtnlotus.com/uv/pco/CodeSystem/pco-category-codes-example-managing-conditions"> </a>  
                  <a href="CodeSystem-pco-category-codes-example.html#pco-category-codes-example-managing-conditions">managing-conditions</a>
                </td>
                <td>http://mtnlotus.com/uv/pco/CodeSystem/pco-category-codes-example</td>
                <td>Managing Conditions</td>
                <td>
                  <div>
                    <p>Satisfaction with health care received or desired, and experiences with providers and the health care system.</p>

                  </div>
                </td>
              </tr>
              <tr>
                <td style="white-space:nowrap">
                  <a name="x-http://mtnlotus.com/uv/pco/CodeSystem/pco-category-codes-example-medication-management"> </a>  
                  <a href="CodeSystem-pco-category-codes-example.html#pco-category-codes-example-medication-management">medication-management</a>
                </td>
                <td>http://mtnlotus.com/uv/pco/CodeSystem/pco-category-codes-example</td>
                <td>Medication Management</td>
                <td>
                  <div>
                    <p>Satisfaction with ability to manage medications.</p>

                  </div>
                </td>
              </tr>
              <tr>
                <td style="white-space:nowrap">
                  <a name="x-http://mtnlotus.com/uv/pco/CodeSystem/pco-category-codes-example-improving-health-and-wellness"> </a>  
                  <a href="CodeSystem-pco-category-codes-example.html#pco-category-codes-example-improving-health-and-wellness">improving-health-and-wellness</a>
                </td>
                <td>http://mtnlotus.com/uv/pco/CodeSystem/pco-category-codes-example</td>
                <td>Improving Health And Wellness</td>
                <td>
                  <div>
                    <p>Ability to develop, improve and maintain positive health and wellness habits.</p>

                  </div>
                </td>
              </tr>
              <tr>
                <td style="white-space:nowrap">
                  <a name="x-http://mtnlotus.com/uv/pco/CodeSystem/pco-category-codes-example-physical-function"> </a>  
                  <a href="CodeSystem-pco-category-codes-example.html#pco-category-codes-example-physical-function">physical-function</a>
                </td>
                <td>http://mtnlotus.com/uv/pco/CodeSystem/pco-category-codes-example</td>
                <td>Physical Function</td>
                <td>
                  <div>
                    <p>Ability to manage physical functioning, physical symptoms or conditions, and improve or maintain ability to participate in physical activities.</p>

                  </div>
                </td>
              </tr>
              <tr>
                <td style="white-space:nowrap">
                  <a name="x-http://mtnlotus.com/uv/pco/CodeSystem/pco-category-codes-example-social-functioning"> </a>  
                  <a href="CodeSystem-pco-category-codes-example.html#pco-category-codes-example-social-functioning">social-functioning</a>
                </td>
                <td>http://mtnlotus.com/uv/pco/CodeSystem/pco-category-codes-example</td>
                <td>Social Functioning</td>
                <td>
                  <div/>
                </td>
              </tr>
              <tr>
                <td style="white-space:nowrap">
                  <a name="x-http://mtnlotus.com/uv/pco/CodeSystem/pco-category-codes-example-emotional-and-mental-health"> </a>  
                  <a href="CodeSystem-pco-category-codes-example.html#pco-category-codes-example-emotional-and-mental-health">emotional-and-mental-health</a>
                </td>
                <td>http://mtnlotus.com/uv/pco/CodeSystem/pco-category-codes-example</td>
                <td>Emotional And Mental Health</td>
                <td>
                  <div/>
                </td>
              </tr>
            </table>
          </div>
        </text>
        <url value="http://mtnlotus.com/uv/pco/ValueSet/pco-category-valueset"/>
        <version value="0.1.0"/>
        <name value="PCOCategoryValueSet"/>
        <title value="PCO Categories"/>
        <status value="draft"/>
        <date value="2024-08-19T20:32:01+00:00"/>
        <jurisdiction>
          <coding>
            <system value="http://unstats.un.org/unsd/methods/m49/m49.htm"/>
            <code value="001"/>
            <display value="World"/>
          </coding>
        </jurisdiction>
        <expansion>
          <identifier value="urn:uuid:9d2b1bbf-8e1b-47b7-af1f-0e887d762e64"/>
          <timestamp value="2024-08-19T20:32:53+00:00"/>
          <total value="12"/>
          <offset value="0"/>
          <parameter>
            <name value="count"/>
            <valueInteger value="1000"/>
          </parameter>
          <parameter>
            <name value="offset"/>
            <valueInteger value="0"/>
          </parameter>
          <parameter>
            <name value="excludeNested"/>
            <valueBoolean value="false"/>
          </parameter>
          <parameter>
            <name value="used-codesystem"/>
            <valueUri value="http://mtnlotus.com/uv/pco/CodeSystem/pco-category-codes-example|0.1.0"/>
          </parameter>
          <contains>
            <system value="http://mtnlotus.com/uv/pco/CodeSystem/pco-category-codes-example"/>
            <code value="housing"/>
            <display value="Housing"/>
          </contains>
          <contains>
            <system value="http://mtnlotus.com/uv/pco/CodeSystem/pco-category-codes-example"/>
            <code value="access-to-services"/>
            <display value="Access To Services"/>
          </contains>
          <contains>
            <system value="http://mtnlotus.com/uv/pco/CodeSystem/pco-category-codes-example"/>
            <code value="caregiver-needs"/>
            <display value="Caregiver Needs"/>
          </contains>
          <contains>
            <system value="http://mtnlotus.com/uv/pco/CodeSystem/pco-category-codes-example"/>
            <code value="end-of-life"/>
            <display value="End Of Life"/>
          </contains>
          <contains>
            <system value="http://mtnlotus.com/uv/pco/CodeSystem/pco-category-codes-example"/>
            <code value="independence"/>
            <display value="Independence"/>
          </contains>
          <contains>
            <system value="http://mtnlotus.com/uv/pco/CodeSystem/pco-category-codes-example"/>
            <code value="legal"/>
            <display value="Legal"/>
          </contains>
          <contains>
            <system value="http://mtnlotus.com/uv/pco/CodeSystem/pco-category-codes-example"/>
            <code value="managing-conditions"/>
            <display value="Managing Conditions"/>
          </contains>
          <contains>
            <system value="http://mtnlotus.com/uv/pco/CodeSystem/pco-category-codes-example"/>
            <code value="medication-management"/>
            <display value="Medication Management"/>
          </contains>
          <contains>
            <system value="http://mtnlotus.com/uv/pco/CodeSystem/pco-category-codes-example"/>
            <code value="improving-health-and-wellness"/>
            <display value="Improving Health And Wellness"/>
          </contains>
          <contains>
            <system value="http://mtnlotus.com/uv/pco/CodeSystem/pco-category-codes-example"/>
            <code value="physical-function"/>
            <display value="Physical Function"/>
          </contains>
          <contains>
            <system value="http://mtnlotus.com/uv/pco/CodeSystem/pco-category-codes-example"/>
            <code value="social-functioning"/>
            <display value="Social Functioning"/>
          </contains>
          <contains>
            <system value="http://mtnlotus.com/uv/pco/CodeSystem/pco-category-codes-example"/>
            <code value="emotional-and-mental-health"/>
            <display value="Emotional And Mental Health"/>
          </contains>
        </expansion>
      </ValueSet>
    </resource>
  </entry>
  <entry>
    <fullUrl value="http://mtnlotus.com/uv/pco/ValueSet/practitioner-gas-followup-vs"/>
    <resource>
      <ValueSet>
        <text>
          <status value="generated"/>
          <div xmlns="http://www.w3.org/1999/xhtml">
            <p class="res-header-id">
              <b>Generated Narrative: ValueSet </b>
            </p>
            <p style="border: black 1px dotted; background-color: #EEEEEE; padding: 8px; margin-bottom: 8px">Expansion based on 
              <a href="CodeSystem-pco-gas-codes-temporary.html">codesystem Goal Attainment Scaling (GAS) Codes v0.1.0 (CodeSystem)</a>
            </p>
            <p>This value set contains 5 concepts</p>
            <table class="codes">
              <tr>
                <td style="white-space:nowrap">
                  <b>Code</b>
                </td>
                <td>
                  <b>System</b>
                </td>
                <td>
                  <b>Display</b>
                </td>
              </tr>
              <tr>
                <td style="white-space:nowrap">
                  <a name="x-http://mtnlotus.com/uv/pco/CodeSystem/pco-gas-codes-temporary-practitioner-gas-much-better-than-expected"> </a>  
                  <a href="CodeSystem-pco-gas-codes-temporary.html#pco-gas-codes-temporary-practitioner-gas-much-better-than-expected">practitioner-gas-much-better-than-expected</a>
                </td>
                <td>http://mtnlotus.com/uv/pco/CodeSystem/pco-gas-codes-temporary</td>
                <td>Much better than expected</td>
              </tr>
              <tr>
                <td style="white-space:nowrap">
                  <a name="x-http://mtnlotus.com/uv/pco/CodeSystem/pco-gas-codes-temporary-practitioner-gas-better-than-expected"> </a>  
                  <a href="CodeSystem-pco-gas-codes-temporary.html#pco-gas-codes-temporary-practitioner-gas-better-than-expected">practitioner-gas-better-than-expected</a>
                </td>
                <td>http://mtnlotus.com/uv/pco/CodeSystem/pco-gas-codes-temporary</td>
                <td>Better than expected</td>
              </tr>
              <tr>
                <td style="white-space:nowrap">
                  <a name="x-http://mtnlotus.com/uv/pco/CodeSystem/pco-gas-codes-temporary-practitioner-gas-expected-outcome"> </a>  
                  <a href="CodeSystem-pco-gas-codes-temporary.html#pco-gas-codes-temporary-practitioner-gas-expected-outcome">practitioner-gas-expected-outcome</a>
                </td>
                <td>http://mtnlotus.com/uv/pco/CodeSystem/pco-gas-codes-temporary</td>
                <td>Expected outcome</td>
              </tr>
              <tr>
                <td style="white-space:nowrap">
                  <a name="x-http://mtnlotus.com/uv/pco/CodeSystem/pco-gas-codes-temporary-practitioner-gas-less-than-expected"> </a>  
                  <a href="CodeSystem-pco-gas-codes-temporary.html#pco-gas-codes-temporary-practitioner-gas-less-than-expected">practitioner-gas-less-than-expected</a>
                </td>
                <td>http://mtnlotus.com/uv/pco/CodeSystem/pco-gas-codes-temporary</td>
                <td>Less than expected</td>
              </tr>
              <tr>
                <td style="white-space:nowrap">
                  <a name="x-http://mtnlotus.com/uv/pco/CodeSystem/pco-gas-codes-temporary-practitioner-gas-much-less-than-expected"> </a>  
                  <a href="CodeSystem-pco-gas-codes-temporary.html#pco-gas-codes-temporary-practitioner-gas-much-less-than-expected">practitioner-gas-much-less-than-expected</a>
                </td>
                <td>http://mtnlotus.com/uv/pco/CodeSystem/pco-gas-codes-temporary</td>
                <td>Much less than expected</td>
              </tr>
            </table>
          </div>
        </text>
        <url value="http://mtnlotus.com/uv/pco/ValueSet/practitioner-gas-followup-vs"/>
        <version value="0.1.0"/>
        <name value="PractitionerGASFollowupVS"/>
        <title value="Practitioner Follow-Up GAS Score"/>
        <status value="draft"/>
        <experimental value="false"/>
        <date value="2024-08-19T20:32:01+00:00"/>
        <jurisdiction>
          <coding>
            <system value="http://unstats.un.org/unsd/methods/m49/m49.htm"/>
            <code value="001"/>
            <display value="World"/>
          </coding>
        </jurisdiction>
        <expansion>
          <identifier value="urn:uuid:20947d9c-7f59-473e-b87b-581ab62dbb4b"/>
          <timestamp value="2024-08-19T20:32:53+00:00"/>
          <total value="5"/>
          <offset value="0"/>
          <parameter>
            <name value="count"/>
            <valueInteger value="1000"/>
          </parameter>
          <parameter>
            <name value="offset"/>
            <valueInteger value="0"/>
          </parameter>
          <parameter>
            <name value="excludeNested"/>
            <valueBoolean value="false"/>
          </parameter>
          <parameter>
            <name value="used-codesystem"/>
            <valueUri value="http://mtnlotus.com/uv/pco/CodeSystem/pco-gas-codes-temporary|0.1.0"/>
          </parameter>
          <contains>
            <system value="http://mtnlotus.com/uv/pco/CodeSystem/pco-gas-codes-temporary"/>
            <code value="practitioner-gas-much-better-than-expected"/>
            <display value="Much better than expected"/>
          </contains>
          <contains>
            <system value="http://mtnlotus.com/uv/pco/CodeSystem/pco-gas-codes-temporary"/>
            <code value="practitioner-gas-better-than-expected"/>
            <display value="Better than expected"/>
          </contains>
          <contains>
            <system value="http://mtnlotus.com/uv/pco/CodeSystem/pco-gas-codes-temporary"/>
            <code value="practitioner-gas-expected-outcome"/>
            <display value="Expected outcome"/>
          </contains>
          <contains>
            <system value="http://mtnlotus.com/uv/pco/CodeSystem/pco-gas-codes-temporary"/>
            <code value="practitioner-gas-less-than-expected"/>
            <display value="Less than expected"/>
          </contains>
          <contains>
            <system value="http://mtnlotus.com/uv/pco/CodeSystem/pco-gas-codes-temporary"/>
            <code value="practitioner-gas-much-less-than-expected"/>
            <display value="Much less than expected"/>
          </contains>
        </expansion>
      </ValueSet>
    </resource>
  </entry>
  <entry>
    <fullUrl value="http://mtnlotus.com/uv/pco/ValueSet/what-matters-focus-areas"/>
    <resource>
      <ValueSet>
        <text>
          <status value="generated"/>
          <div xmlns="http://www.w3.org/1999/xhtml">
            <p class="res-header-id">
              <b>Generated Narrative: ValueSet </b>
            </p>
            <p style="border: black 1px dotted; background-color: #EEEEEE; padding: 8px; margin-bottom: 8px">Expansion based on 
              <a href="CodeSystem-what-matters-concepts.html">codesystem What Matters Concepts v0.1.0 (CodeSystem)</a>
            </p>
            <p>This value set contains 9 concepts</p>
            <table class="codes">
              <tr>
                <td style="white-space:nowrap">
                  <b>Code</b>
                </td>
                <td>
                  <b>System</b>
                </td>
                <td>
                  <b>Display</b>
                </td>
                <td>
                  <b>Definition</b>
                </td>
              </tr>
              <tr>
                <td style="white-space:nowrap">
                  <a name="x-http://mtnlotus.com/uv/pco/CodeSystem/what-matters-concepts-body"> </a>  
                  <a href="CodeSystem-what-matters-concepts.html#what-matters-concepts-body">body</a>
                </td>
                <td>http://mtnlotus.com/uv/pco/CodeSystem/what-matters-concepts</td>
                <td>Moving the Body</td>
                <td>
                  <div>
                    <p>Our physical, mental, and emotional health are impacted by the amount and kind of movement we do. Moving the body can take many forms such as dancing, walking, gardening, yoga, and exercise.</p>

                  </div>
                </td>
              </tr>
              <tr>
                <td style="white-space:nowrap">
                  <a name="x-http://mtnlotus.com/uv/pco/CodeSystem/what-matters-concepts-mind"> </a>  
                  <a href="CodeSystem-what-matters-concepts.html#what-matters-concepts-mind">mind</a>
                </td>
                <td>http://mtnlotus.com/uv/pco/CodeSystem/what-matters-concepts</td>
                <td>Power of the Mind</td>
                <td>
                  <div>
                    <p>Our thoughts are powerful and can affect our physical, mental, and emotional health. Changing our mindset can aid in healing and coping. Breathing techniques, guided imagery, Tai Chi, yoga, or gratitude can buffer the impact of stress and other emotions.</p>

                  </div>
                </td>
              </tr>
              <tr>
                <td style="white-space:nowrap">
                  <a name="x-http://mtnlotus.com/uv/pco/CodeSystem/what-matters-concepts-nourishment"> </a>  
                  <a href="CodeSystem-what-matters-concepts.html#what-matters-concepts-nourishment">nourishment</a>
                </td>
                <td>http://mtnlotus.com/uv/pco/CodeSystem/what-matters-concepts</td>
                <td>Food &amp; Drink</td>
                <td>
                  <div>
                    <p>What we eat and drink can have a huge effect on how we experience life, both physically and mentally. Energy, mood, weight, how long we live, and overall health are all impacted by what and how we choose to eat and drink.</p>

                  </div>
                </td>
              </tr>
              <tr>
                <td style="white-space:nowrap">
                  <a name="x-http://mtnlotus.com/uv/pco/CodeSystem/what-matters-concepts-recharge"> </a>  
                  <a href="CodeSystem-what-matters-concepts.html#what-matters-concepts-recharge">recharge</a>
                </td>
                <td>http://mtnlotus.com/uv/pco/CodeSystem/what-matters-concepts</td>
                <td>Recharge</td>
                <td>
                  <div>
                    <p>Our bodies and minds must rest and recharge in order to optimize our health. Getting a good night’s rest, as well as recharging our mental and physical energy throughout the day, are vital to well-being. Taking short breaks or doing something you enjoy or feels good for moments throughout the day are examples of ways to refresh.</p>

                  </div>
                </td>
              </tr>
              <tr>
                <td style="white-space:nowrap">
                  <a name="x-http://mtnlotus.com/uv/pco/CodeSystem/what-matters-concepts-surroundings"> </a>  
                  <a href="CodeSystem-what-matters-concepts.html#what-matters-concepts-surroundings">surroundings</a>
                </td>
                <td>http://mtnlotus.com/uv/pco/CodeSystem/what-matters-concepts</td>
                <td>Surroundings</td>
                <td>
                  <div>
                    <p>Our surroundings, both at work and where we live, indoors and out, can affect our health and outlook on life. Changes within our control such as organizing, decluttering, adding a plant or artwork can improve mood and health.</p>

                  </div>
                </td>
              </tr>
              <tr>
                <td style="white-space:nowrap">
                  <a name="x-http://mtnlotus.com/uv/pco/CodeSystem/what-matters-concepts-personalDevelopment"> </a>  
                  <a href="CodeSystem-what-matters-concepts.html#what-matters-concepts-personalDevelopment">personalDevelopment</a>
                </td>
                <td>http://mtnlotus.com/uv/pco/CodeSystem/what-matters-concepts</td>
                <td>Personal Development</td>
                <td>
                  <div>
                    <p>Our health is impacted by how we choose to spend our time. Aligning our work and personal activities with what really matters to us, or what brings us joy, can have a big effect on our health and outlook on life.</p>

                  </div>
                </td>
              </tr>
              <tr>
                <td style="white-space:nowrap">
                  <a name="x-http://mtnlotus.com/uv/pco/CodeSystem/what-matters-concepts-spiritSoul"> </a>  
                  <a href="CodeSystem-what-matters-concepts.html#what-matters-concepts-spiritSoul">spiritSoul</a>
                </td>
                <td>http://mtnlotus.com/uv/pco/CodeSystem/what-matters-concepts</td>
                <td>Spirit &amp; Soul</td>
                <td>
                  <div>
                    <p>Connecting with something greater than ourselves may provide a sense of meaning and purpose, peace, or comfort. Connecting and aligning spiritually is very individual and may take the form of religious affiliation, connection to nature, or engaging in things like music or art.</p>

                  </div>
                </td>
              </tr>
              <tr>
                <td style="white-space:nowrap">
                  <a name="x-http://mtnlotus.com/uv/pco/CodeSystem/what-matters-concepts-relationships"> </a>  
                  <a href="CodeSystem-what-matters-concepts.html#what-matters-concepts-relationships">relationships</a>
                </td>
                <td>http://mtnlotus.com/uv/pco/CodeSystem/what-matters-concepts</td>
                <td>Family, Friends &amp; Co-Workers</td>
                <td>
                  <div>
                    <p>Our relationships, including those with pets, have as significant an effect on our physical and emotional health as any other factor associated with well-being. Spending more time in relationships that &quot;fuel&quot; us and less in relationships that &quot;drain&quot; us is one potential option. Improving our relationship skills or creating new relationships through community activities are other options to consider.</p>

                  </div>
                </td>
              </tr>
              <tr>
                <td style="white-space:nowrap">
                  <a name="x-http://mtnlotus.com/uv/pco/CodeSystem/what-matters-concepts-professionalCare"> </a>  
                  <a href="CodeSystem-what-matters-concepts.html#what-matters-concepts-professionalCare">professionalCare</a>
                </td>
                <td>http://mtnlotus.com/uv/pco/CodeSystem/what-matters-concepts</td>
                <td>Professional Care</td>
                <td>
                  <div>
                    <p>Staying up to date on prevention and understanding your health concerns, care options, treatment plan, and their role in your health.</p>

                  </div>
                </td>
              </tr>
            </table>
          </div>
        </text>
        <url value="http://mtnlotus.com/uv/pco/ValueSet/what-matters-focus-areas"/>
        <version value="0.1.0"/>
        <name value="WhatMattersFocusAreas"/>
        <title value="What Matters Focus Areas"/>
        <status value="draft"/>
        <date value="2024-08-19T20:32:01+00:00"/>
        <jurisdiction>
          <coding>
            <system value="http://unstats.un.org/unsd/methods/m49/m49.htm"/>
            <code value="001"/>
            <display value="World"/>
          </coding>
        </jurisdiction>
        <expansion>
          <identifier value="urn:uuid:9eac174d-0895-40aa-9ccf-225e8c0fc7fb"/>
          <timestamp value="2024-08-19T20:32:53+00:00"/>
          <total value="9"/>
          <offset value="0"/>
          <parameter>
            <name value="count"/>
            <valueInteger value="1000"/>
          </parameter>
          <parameter>
            <name value="offset"/>
            <valueInteger value="0"/>
          </parameter>
          <parameter>
            <name value="excludeNested"/>
            <valueBoolean value="false"/>
          </parameter>
          <parameter>
            <name value="used-codesystem"/>
            <valueUri value="http://mtnlotus.com/uv/pco/CodeSystem/what-matters-concepts|0.1.0"/>
          </parameter>
          <contains>
            <system value="http://mtnlotus.com/uv/pco/CodeSystem/what-matters-concepts"/>
            <code value="body"/>
            <display value="Moving the Body"/>
          </contains>
          <contains>
            <system value="http://mtnlotus.com/uv/pco/CodeSystem/what-matters-concepts"/>
            <code value="mind"/>
            <display value="Power of the Mind"/>
          </contains>
          <contains>
            <system value="http://mtnlotus.com/uv/pco/CodeSystem/what-matters-concepts"/>
            <code value="nourishment"/>
            <display value="Food &amp; Drink"/>
          </contains>
          <contains>
            <system value="http://mtnlotus.com/uv/pco/CodeSystem/what-matters-concepts"/>
            <code value="recharge"/>
            <display value="Recharge"/>
          </contains>
          <contains>
            <system value="http://mtnlotus.com/uv/pco/CodeSystem/what-matters-concepts"/>
            <code value="surroundings"/>
            <display value="Surroundings"/>
          </contains>
          <contains>
            <system value="http://mtnlotus.com/uv/pco/CodeSystem/what-matters-concepts"/>
            <code value="personalDevelopment"/>
            <display value="Personal Development"/>
          </contains>
          <contains>
            <system value="http://mtnlotus.com/uv/pco/CodeSystem/what-matters-concepts"/>
            <code value="spiritSoul"/>
            <display value="Spirit &amp; Soul"/>
          </contains>
          <contains>
            <system value="http://mtnlotus.com/uv/pco/CodeSystem/what-matters-concepts"/>
            <code value="relationships"/>
            <display value="Family, Friends &amp; Co-Workers"/>
          </contains>
          <contains>
            <system value="http://mtnlotus.com/uv/pco/CodeSystem/what-matters-concepts"/>
            <code value="professionalCare"/>
            <display value="Professional Care"/>
          </contains>
        </expansion>
      </ValueSet>
    </resource>
  </entry>
</Bundle>