<?xml version="1.0" encoding="UTF-8"?>

<Goal xmlns="http://hl7.org/fhir">
  <id value="pcoGoalPainLevelExample"/>
  <text>
    <status value="generated"/><div xmlns="http://www.w3.org/1999/xhtml"><p class="res-header-id"><b>Generated Narrative: Goal pcoGoalPainLevelExample</b></p><a name="pcoGoalPainLevelExample"> </a><a name="hcpcoGoalPainLevelExample"> </a><a name="pcoGoalPainLevelExample-en-US"> </a><p><b>lifecycleStatus</b>: Active</p><p><b>achievementStatus</b>: <span title="Codes:{http://terminology.hl7.org/CodeSystem/goal-achievement in-progress}">In Progress</span></p><p><b>category</b>: <span title="Codes:{http://hl7.org/fhir/us/pco/CodeSystem/pco-goal-domains physical-function}">Physical Function</span>, <span title="Codes:{http://hl7.org/fhir/us/pco/CodeSystem/pco-codes person-centered-goal}">Person-Centered Goal</span></p><p><b>description</b>: <span title="Codes:">Maintain pain level below 5 while walking</span></p><p><b>subject</b>: <a href="Patient-pcoPatientJones.html">Dorothy Jones  Female, DoB: 1947-11-25 ( http://example.org#ee8d4ac0-545c-4501-8d7e-646bfbda1db5 (use: official, ))</a></p><p><b>start</b>: 2024-02-15</p><h3>Targets</h3><table class="grid"><tr><td style="display: none">-</td><td><b>Due[x]</b></td></tr><tr><td style="display: none">*</td><td>2024-06-30</td></tr></table><p><b>expressedBy</b>: <a href="Patient-pcoPatientJones.html">Dorothy Jones  Female, DoB: 1947-11-25 ( http://example.org#ee8d4ac0-545c-4501-8d7e-646bfbda1db5 (use: official, ))</a></p></div>
  </text>
  <lifecycleStatus value="active"/>
  <achievementStatus>
    <coding>
      <system value="http://terminology.hl7.org/CodeSystem/goal-achievement"/>
      <code value="in-progress"/>
    </coding>
  </achievementStatus>
  <category>
    <coding>
      <system value="http://hl7.org/fhir/us/pco/CodeSystem/pco-goal-domains"/>
      <code value="physical-function"/>
      <display value="Physical Function"/>
    </coding>
  </category>
  <category>
    <coding>
      <system value="http://hl7.org/fhir/us/pco/CodeSystem/pco-codes"/>
      <code value="person-centered-goal"/>
    </coding>
  </category>
  <description>
    <text value="Maintain pain level below 5 while walking"/>
  </description>
  <subject>
    <reference value="Patient/pcoPatientJones"/>
  </subject>
  <startDate value="2024-02-15"/>
  <target>
    <dueDate value="2024-06-30"/>
  </target>
  <expressedBy>
    <reference value="Patient/pcoPatientJones"/>
  </expressedBy>
</Goal>