{
  "resourceType" : "Goal",
  "id" : "pcoGoalWalkDogExample",
  "extension" : [{
    "extension" : [{
      "url" : "level",
      "valueCoding" : {
        "system" : "http://loinc.org",
        "code" : "patient-gas-much-better-than-expected",
        "display" : "Much better than expected"
      }
    },
    {
      "url" : "text",
      "valueString" : "Walk dog outside three times a week"
    }],
    "url" : "http://mtnlotus.com/uv/pco/StructureDefinition/pco-goal-attainment-scaling"
  },
  {
    "extension" : [{
      "url" : "level",
      "valueCoding" : {
        "system" : "http://loinc.org",
        "code" : "patient-gas-better-than-expected",
        "display" : "Better than expected"
      }
    },
    {
      "url" : "text",
      "valueString" : "Walk dog outside twice a week"
    }],
    "url" : "http://mtnlotus.com/uv/pco/StructureDefinition/pco-goal-attainment-scaling"
  },
  {
    "extension" : [{
      "url" : "level",
      "valueCoding" : {
        "system" : "http://loinc.org",
        "code" : "patient-gas-expected-outcome",
        "display" : "Expected outcome"
      }
    },
    {
      "url" : "text",
      "valueString" : "Walk dog outside once a week"
    }],
    "url" : "http://mtnlotus.com/uv/pco/StructureDefinition/pco-goal-attainment-scaling"
  },
  {
    "extension" : [{
      "url" : "level",
      "valueCoding" : {
        "system" : "http://loinc.org",
        "code" : "patient-gas-less-than-expected",
        "display" : "Less than expected"
      }
    },
    {
      "url" : "text",
      "valueString" : "Does not walk dog but goes outside with dog"
    }],
    "url" : "http://mtnlotus.com/uv/pco/StructureDefinition/pco-goal-attainment-scaling"
  },
  {
    "extension" : [{
      "url" : "level",
      "valueCoding" : {
        "system" : "http://loinc.org",
        "code" : "patient-gas-much-less-than-expected",
        "display" : "Much less than expected"
      }
    },
    {
      "url" : "text",
      "valueString" : "Unable to go outside with dog"
    }],
    "url" : "http://mtnlotus.com/uv/pco/StructureDefinition/pco-goal-attainment-scaling"
  }],
  "lifecycleStatus" : "active",
  "achievementStatus" : {
    "coding" : [{
      "system" : "http://terminology.hl7.org/CodeSystem/goal-achievement",
      "code" : "in-progress"
    }]
  },
  "category" : [{
    "coding" : [{
      "system" : "http://mtnlotus.com/uv/pco/CodeSystem/pco-category-codes-example",
      "code" : "physical-function",
      "display" : "Physical Function"
    }]
  }],
  "description" : {
    "text" : "Walk dog outside once a week"
  },
  "subject" : {
    "reference" : "Patient/pcoPatientJones"
  },
  "startDate" : "2024-04-03",
  "target" : [{
    "dueDate" : "2024-09-30"
  }],
  "expressedBy" : {
    "reference" : "Patient/pcoPatientJones"
  }
}