{
  "resourceType" : "Goal",
  "id" : "pcoGoalPainLevelExample",
  "meta" : {
    "profile" : ["http://hl7.org/fhir/us/pco/StructureDefinition/pco-goal-profile"]
  },
  "text" : {
    "status" : "generated",
    "div" : "<div xmlns=\"http://www.w3.org/1999/xhtml\"><p class=\"res-header-id\"><b>Generated Narrative: Goal pcoGoalPainLevelExample</b></p><a name=\"pcoGoalPainLevelExample\"> </a><a name=\"hcpcoGoalPainLevelExample\"> </a><a name=\"pcoGoalPainLevelExample-en-US\"> </a><p><b>lifecycleStatus</b>: Active</p><p><b>achievementStatus</b>: <span title=\"Codes:{http://terminology.hl7.org/CodeSystem/goal-achievement in-progress}\">In Progress</span></p><p><b>category</b>: <span title=\"Codes:{http://hl7.org/fhir/us/pco/CodeSystem/wellbeing-concepts what-matters}\">What Matters</span>, <span title=\"Codes:{http://hl7.org/fhir/us/pco/CodeSystem/pco-goal-domains physical-function}\">Physical Function</span></p><p><b>description</b>: <span title=\"Codes:\">Maintain pain level below 5 while walking</span></p><p><b>subject</b>: <a href=\"Patient-pcoPatientJones.html\">Dorothy Jones  Female, DoB: 1947-11-25 ( http://example.org#ee8d4ac0-545c-4501-8d7e-646bfbda1db5\u00a0(use:\u00a0official,\u00a0))</a></p><p><b>start</b>: 2024-02-15</p><h3>Targets</h3><table class=\"grid\"><tr><td style=\"display: none\">-</td><td><b>Due[x]</b></td></tr><tr><td style=\"display: none\">*</td><td>2024-06-30</td></tr></table><p><b>expressedBy</b>: <a href=\"Patient-pcoPatientJones.html\">Dorothy Jones  Female, DoB: 1947-11-25 ( http://example.org#ee8d4ac0-545c-4501-8d7e-646bfbda1db5\u00a0(use:\u00a0official,\u00a0))</a></p></div>"
  },
  "lifecycleStatus" : "active",
  "achievementStatus" : {
    "coding" : [{
      "system" : "http://terminology.hl7.org/CodeSystem/goal-achievement",
      "code" : "in-progress"
    }]
  },
  "category" : [{
    "coding" : [{
      "system" : "http://hl7.org/fhir/us/pco/CodeSystem/wellbeing-concepts",
      "code" : "what-matters",
      "display" : "What Matters"
    }]
  },
  {
    "coding" : [{
      "system" : "http://hl7.org/fhir/us/pco/CodeSystem/pco-goal-domains",
      "code" : "physical-function",
      "display" : "Physical Function"
    }]
  }],
  "description" : {
    "text" : "Maintain pain level below 5 while walking"
  },
  "subject" : {
    "reference" : "Patient/pcoPatientJones"
  },
  "startDate" : "2024-02-15",
  "target" : [{
    "dueDate" : "2024-06-30"
  }],
  "expressedBy" : {
    "reference" : "Patient/pcoPatientJones"
  }
}