<?xml version="1.0" encoding="UTF-8"?>

<ImplementationGuide xmlns="http://hl7.org/fhir">
  <id value="hl7.fhir.us.pco"/>
  <text>
    <status value="generated"/><div xmlns="http://www.w3.org/1999/xhtml"><p class="res-header-id"><b>Generated Narrative: ImplementationGuide hl7.fhir.us.pco</b></p><a name="hl7.fhir.us.pco"> </a><a name="hchl7.fhir.us.pco"> </a><a name="hl7.fhir.us.pco-en-US"> </a><h2>PCO</h2><p>The official URL for this implementation guide is: </p><pre>http://hl7.org/fhir/us/pco/ImplementationGuide/hl7.fhir.us.pco</pre><div><p>Person-Centered Outcomes (PCO) FHIR Implementation Guide</p>
</div></div>
  </text>
  <extension url="http://hl7.org/fhir/StructureDefinition/structuredefinition-wg">
    <valueCode value="pc"/>
  </extension>
  <url value="http://hl7.org/fhir/us/pco/ImplementationGuide/hl7.fhir.us.pco"/>
  <version value="0.2.0"/>
  <name value="PCO"/>
  <title value="Person-Centered Outcomes"/>
  <status value="draft"/>
  <date value="2025-01-06T22:35:31+00:00"/>
  <publisher value="HL7 International / Patient Care"/>
  <contact>
    <name value="HL7 International / Patient Care"/>
    <telecom>
      <system value="url"/>
      <value value="http://www.hl7.org/Special/committees/patientcare"/>
    </telecom>
    <telecom>
      <system value="email"/>
      <value value="patientcare@lists.HL7.org"/>
    </telecom>
  </contact>
  <description value="Person-Centered Outcomes (PCO) FHIR Implementation Guide"/>
  <jurisdiction>
    <coding>
      <system value="urn:iso:std:iso:3166"/>
      <code value="US"/>
    </coding>
  </jurisdiction>
  <packageId value="hl7.fhir.us.pco"/>
  <license value="CC0-1.0"/>
  <fhirVersion value="4.0.1"/>
  <dependsOn id="hl7tx">
    <extension url="http://hl7.org/fhir/tools/StructureDefinition/implementationguide-dependency-comment">
      <valueMarkdown value="Automatically added as a dependency - all IGs depend on HL7 Terminology"/>
    </extension>
    <uri value="http://terminology.hl7.org/ImplementationGuide/hl7.terminology"/>
    <packageId value="hl7.terminology.r4"/>
    <version value="6.1.0"/>
  </dependsOn>
  <dependsOn id="hl7ext">
    <extension url="http://hl7.org/fhir/tools/StructureDefinition/implementationguide-dependency-comment">
      <valueMarkdown value="Automatically added as a dependency - all IGs depend on the HL7 Extension Pack"/>
    </extension>
    <uri value="http://hl7.org/fhir/extensions/ImplementationGuide/hl7.fhir.uv.extensions"/>
    <packageId value="hl7.fhir.uv.extensions.r4"/>
    <version value="5.1.0"/>
  </dependsOn>
  <dependsOn id="hl7_fhir_us_core">
    <uri value="http://hl7.org/fhir/us/core/ImplementationGuide/hl7.fhir.us.core"/>
    <packageId value="hl7.fhir.us.core"/>
    <version value="6.1.0"/>
  </dependsOn>
  <dependsOn id="hl7_fhir_uv_cpg">
    <uri value="http://hl7.org/fhir/uv/cpg/ImplementationGuide/hl7.fhir.uv.cpg"/>
    <packageId value="hl7.fhir.uv.cpg"/>
    <version value="1.0.0"/>
  </dependsOn>
  <dependsOn id="fhir_cqf_common">
    <uri value="http://fhir.org/guides/cqf/common/ImplementationGuide/fhir.cqf.common"/>
    <packageId value="fhir.cqf.common"/>
    <version value="4.0.1"/>
  </dependsOn>
  <dependsOn id="hl7_fhir_us_cqfmeasures">
    <uri value="http://hl7.org/fhir/us/cqfmeasures/ImplementationGuide/hl7.fhir.us.cqfmeasures"/>
    <packageId value="hl7.fhir.us.cqfmeasures"/>
    <version value="4.0.0"/>
  </dependsOn>
  <definition>
    <extension url="http://hl7.org/fhir/tools/StructureDefinition/ig-parameter">
      <extension url="code">
        <valueString value="copyrightyear"/>
      </extension>
      <extension url="value">
        <valueString value="2024+"/>
      </extension>
    </extension>
    <extension url="http://hl7.org/fhir/tools/StructureDefinition/ig-parameter">
      <extension url="code">
        <valueString value="releaselabel"/>
      </extension>
      <extension url="value">
        <valueString value="ci-build"/>
      </extension>
    </extension>
    <extension url="http://hl7.org/fhir/tools/StructureDefinition/ig-parameter">
      <extension url="code">
        <valueString value="path-expansion-params"/>
      </extension>
      <extension url="value">
        <valueString value="../../input/_resources/terminology-settings.json"/>
      </extension>
    </extension>
    <extension url="http://hl7.org/fhir/tools/StructureDefinition/ig-parameter">
      <extension url="code">
        <valueString value="show-inherited-invariants"/>
      </extension>
      <extension url="value">
        <valueString value="false"/>
      </extension>
    </extension>
    <extension url="http://hl7.org/fhir/tools/StructureDefinition/ig-parameter">
      <extension url="code">
        <valueString value="apply-jurisdiction"/>
      </extension>
      <extension url="value">
        <valueString value="true"/>
      </extension>
    </extension>
    <extension url="http://hl7.org/fhir/tools/StructureDefinition/ig-parameter">
      <extension url="code">
        <valueString value="apply-publisher"/>
      </extension>
      <extension url="value">
        <valueString value="true"/>
      </extension>
    </extension>
    <extension url="http://hl7.org/fhir/tools/StructureDefinition/ig-parameter">
      <extension url="code">
        <valueString value="path-liquid"/>
      </extension>
      <extension url="value">
        <valueString value="templates/liquid"/>
      </extension>
    </extension>
    <extension url="http://hl7.org/fhir/tools/StructureDefinition/ig-parameter">
      <extension url="code">
        <valueString value="path-history"/>
      </extension>
      <extension url="value">
        <valueString value="http://hl7.org/fhir/us/pco/history.html"/>
      </extension>
    </extension>
    <extension url="http://hl7.org/fhir/tools/StructureDefinition/ig-parameter">
      <extension url="code">
        <valueString value="autoload-resources"/>
      </extension>
      <extension url="value">
        <valueString value="true"/>
      </extension>
    </extension>
    <extension url="http://hl7.org/fhir/tools/StructureDefinition/ig-parameter">
      <extension url="code">
        <valueString value="path-liquid"/>
      </extension>
      <extension url="value">
        <valueString value="template/liquid"/>
      </extension>
    </extension>
    <extension url="http://hl7.org/fhir/tools/StructureDefinition/ig-parameter">
      <extension url="code">
        <valueString value="path-liquid"/>
      </extension>
      <extension url="value">
        <valueString value="input/liquid"/>
      </extension>
    </extension>
    <extension url="http://hl7.org/fhir/tools/StructureDefinition/ig-parameter">
      <extension url="code">
        <valueString value="path-qa"/>
      </extension>
      <extension url="value">
        <valueString value="temp/qa"/>
      </extension>
    </extension>
    <extension url="http://hl7.org/fhir/tools/StructureDefinition/ig-parameter">
      <extension url="code">
        <valueString value="path-temp"/>
      </extension>
      <extension url="value">
        <valueString value="temp/pages"/>
      </extension>
    </extension>
    <extension url="http://hl7.org/fhir/tools/StructureDefinition/ig-parameter">
      <extension url="code">
        <valueString value="path-output"/>
      </extension>
      <extension url="value">
        <valueString value="output"/>
      </extension>
    </extension>
    <extension url="http://hl7.org/fhir/tools/StructureDefinition/ig-parameter">
      <extension url="code">
        <valueString value="path-suppressed-warnings"/>
      </extension>
      <extension url="value">
        <valueString value="input/ignoreWarnings.txt"/>
      </extension>
    </extension>
    <extension url="http://hl7.org/fhir/tools/StructureDefinition/ig-parameter">
      <extension url="code">
        <valueString value="template-html"/>
      </extension>
      <extension url="value">
        <valueString value="template-page.html"/>
      </extension>
    </extension>
    <extension url="http://hl7.org/fhir/tools/StructureDefinition/ig-parameter">
      <extension url="code">
        <valueString value="template-md"/>
      </extension>
      <extension url="value">
        <valueString value="template-page-md.html"/>
      </extension>
    </extension>
    <extension url="http://hl7.org/fhir/tools/StructureDefinition/ig-parameter">
      <extension url="code">
        <valueString value="apply-contact"/>
      </extension>
      <extension url="value">
        <valueString value="true"/>
      </extension>
    </extension>
    <extension url="http://hl7.org/fhir/tools/StructureDefinition/ig-parameter">
      <extension url="code">
        <valueString value="apply-context"/>
      </extension>
      <extension url="value">
        <valueString value="true"/>
      </extension>
    </extension>
    <extension url="http://hl7.org/fhir/tools/StructureDefinition/ig-parameter">
      <extension url="code">
        <valueString value="apply-copyright"/>
      </extension>
      <extension url="value">
        <valueString value="true"/>
      </extension>
    </extension>
    <extension url="http://hl7.org/fhir/tools/StructureDefinition/ig-parameter">
      <extension url="code">
        <valueString value="apply-license"/>
      </extension>
      <extension url="value">
        <valueString value="true"/>
      </extension>
    </extension>
    <extension url="http://hl7.org/fhir/tools/StructureDefinition/ig-parameter">
      <extension url="code">
        <valueString value="apply-version"/>
      </extension>
      <extension url="value">
        <valueString value="true"/>
      </extension>
    </extension>
    <extension url="http://hl7.org/fhir/tools/StructureDefinition/ig-parameter">
      <extension url="code">
        <valueString value="apply-wg"/>
      </extension>
      <extension url="value">
        <valueString value="true"/>
      </extension>
    </extension>
    <extension url="http://hl7.org/fhir/tools/StructureDefinition/ig-parameter">
      <extension url="code">
        <valueString value="active-tables"/>
      </extension>
      <extension url="value">
        <valueString value="true"/>
      </extension>
    </extension>
    <extension url="http://hl7.org/fhir/tools/StructureDefinition/ig-parameter">
      <extension url="code">
        <valueString value="fmm-definition"/>
      </extension>
      <extension url="value">
        <valueString value="http://hl7.org/fhir/versions.html#maturity"/>
      </extension>
    </extension>
    <extension url="http://hl7.org/fhir/tools/StructureDefinition/ig-parameter">
      <extension url="code">
        <valueString value="propagate-status"/>
      </extension>
      <extension url="value">
        <valueString value="true"/>
      </extension>
    </extension>
    <extension url="http://hl7.org/fhir/tools/StructureDefinition/ig-parameter">
      <extension url="code">
        <valueString value="excludelogbinaryformat"/>
      </extension>
      <extension url="value">
        <valueString value="true"/>
      </extension>
    </extension>
    <extension url="http://hl7.org/fhir/tools/StructureDefinition/ig-parameter">
      <extension url="code">
        <valueString value="tabbed-snapshots"/>
      </extension>
      <extension url="value">
        <valueString value="true"/>
      </extension>
    </extension>
    <extension url="http://hl7.org/fhir/tools/StructureDefinition/ig-internal-dependency">
      <valueCode value="hl7.fhir.uv.tools.r4#0.3.0"/>
    </extension>
    <extension url="http://hl7.org/fhir/tools/StructureDefinition/ig-parameter">
      <extension url="code">
        <valueCode value="copyrightyear"/>
      </extension>
      <extension url="value">
        <valueString value="2024+"/>
      </extension>
    </extension>
    <extension url="http://hl7.org/fhir/tools/StructureDefinition/ig-parameter">
      <extension url="code">
        <valueCode value="releaselabel"/>
      </extension>
      <extension url="value">
        <valueString value="ci-build"/>
      </extension>
    </extension>
    <extension url="http://hl7.org/fhir/tools/StructureDefinition/ig-parameter">
      <extension url="code">
        <valueCode value="path-expansion-params"/>
      </extension>
      <extension url="value">
        <valueString value="../../input/_resources/terminology-settings.json"/>
      </extension>
    </extension>
    <extension url="http://hl7.org/fhir/tools/StructureDefinition/ig-parameter">
      <extension url="code">
        <valueCode value="show-inherited-invariants"/>
      </extension>
      <extension url="value">
        <valueString value="false"/>
      </extension>
    </extension>
    <extension url="http://hl7.org/fhir/tools/StructureDefinition/ig-parameter">
      <extension url="code">
        <valueCode value="apply-jurisdiction"/>
      </extension>
      <extension url="value">
        <valueString value="true"/>
      </extension>
    </extension>
    <extension url="http://hl7.org/fhir/tools/StructureDefinition/ig-parameter">
      <extension url="code">
        <valueCode value="apply-publisher"/>
      </extension>
      <extension url="value">
        <valueString value="true"/>
      </extension>
    </extension>
    <extension url="http://hl7.org/fhir/tools/StructureDefinition/ig-parameter">
      <extension url="code">
        <valueCode value="path-liquid"/>
      </extension>
      <extension url="value">
        <valueString value="templates/liquid"/>
      </extension>
    </extension>
    <extension url="http://hl7.org/fhir/tools/StructureDefinition/ig-parameter">
      <extension url="code">
        <valueCode value="path-history"/>
      </extension>
      <extension url="value">
        <valueString value="http://hl7.org/fhir/us/pco/history.html"/>
      </extension>
    </extension>
    <extension url="http://hl7.org/fhir/tools/StructureDefinition/ig-parameter">
      <extension url="code">
        <valueCode value="autoload-resources"/>
      </extension>
      <extension url="value">
        <valueString value="true"/>
      </extension>
    </extension>
    <extension url="http://hl7.org/fhir/tools/StructureDefinition/ig-parameter">
      <extension url="code">
        <valueCode value="path-liquid"/>
      </extension>
      <extension url="value">
        <valueString value="template/liquid"/>
      </extension>
    </extension>
    <extension url="http://hl7.org/fhir/tools/StructureDefinition/ig-parameter">
      <extension url="code">
        <valueCode value="path-liquid"/>
      </extension>
      <extension url="value">
        <valueString value="input/liquid"/>
      </extension>
    </extension>
    <extension url="http://hl7.org/fhir/tools/StructureDefinition/ig-parameter">
      <extension url="code">
        <valueCode value="path-qa"/>
      </extension>
      <extension url="value">
        <valueString value="temp/qa"/>
      </extension>
    </extension>
    <extension url="http://hl7.org/fhir/tools/StructureDefinition/ig-parameter">
      <extension url="code">
        <valueCode value="path-temp"/>
      </extension>
      <extension url="value">
        <valueString value="temp/pages"/>
      </extension>
    </extension>
    <extension url="http://hl7.org/fhir/tools/StructureDefinition/ig-parameter">
      <extension url="code">
        <valueCode value="path-output"/>
      </extension>
      <extension url="value">
        <valueString value="output"/>
      </extension>
    </extension>
    <extension url="http://hl7.org/fhir/tools/StructureDefinition/ig-parameter">
      <extension url="code">
        <valueCode value="path-suppressed-warnings"/>
      </extension>
      <extension url="value">
        <valueString value="input/ignoreWarnings.txt"/>
      </extension>
    </extension>
    <extension url="http://hl7.org/fhir/tools/StructureDefinition/ig-parameter">
      <extension url="code">
        <valueCode value="template-html"/>
      </extension>
      <extension url="value">
        <valueString value="template-page.html"/>
      </extension>
    </extension>
    <extension url="http://hl7.org/fhir/tools/StructureDefinition/ig-parameter">
      <extension url="code">
        <valueCode value="template-md"/>
      </extension>
      <extension url="value">
        <valueString value="template-page-md.html"/>
      </extension>
    </extension>
    <extension url="http://hl7.org/fhir/tools/StructureDefinition/ig-parameter">
      <extension url="code">
        <valueCode value="apply-contact"/>
      </extension>
      <extension url="value">
        <valueString value="true"/>
      </extension>
    </extension>
    <extension url="http://hl7.org/fhir/tools/StructureDefinition/ig-parameter">
      <extension url="code">
        <valueCode value="apply-context"/>
      </extension>
      <extension url="value">
        <valueString value="true"/>
      </extension>
    </extension>
    <extension url="http://hl7.org/fhir/tools/StructureDefinition/ig-parameter">
      <extension url="code">
        <valueCode value="apply-copyright"/>
      </extension>
      <extension url="value">
        <valueString value="true"/>
      </extension>
    </extension>
    <extension url="http://hl7.org/fhir/tools/StructureDefinition/ig-parameter">
      <extension url="code">
        <valueCode value="apply-license"/>
      </extension>
      <extension url="value">
        <valueString value="true"/>
      </extension>
    </extension>
    <extension url="http://hl7.org/fhir/tools/StructureDefinition/ig-parameter">
      <extension url="code">
        <valueCode value="apply-version"/>
      </extension>
      <extension url="value">
        <valueString value="true"/>
      </extension>
    </extension>
    <extension url="http://hl7.org/fhir/tools/StructureDefinition/ig-parameter">
      <extension url="code">
        <valueCode value="apply-wg"/>
      </extension>
      <extension url="value">
        <valueString value="true"/>
      </extension>
    </extension>
    <extension url="http://hl7.org/fhir/tools/StructureDefinition/ig-parameter">
      <extension url="code">
        <valueCode value="active-tables"/>
      </extension>
      <extension url="value">
        <valueString value="true"/>
      </extension>
    </extension>
    <extension url="http://hl7.org/fhir/tools/StructureDefinition/ig-parameter">
      <extension url="code">
        <valueCode value="fmm-definition"/>
      </extension>
      <extension url="value">
        <valueString value="http://hl7.org/fhir/versions.html#maturity"/>
      </extension>
    </extension>
    <extension url="http://hl7.org/fhir/tools/StructureDefinition/ig-parameter">
      <extension url="code">
        <valueCode value="propagate-status"/>
      </extension>
      <extension url="value">
        <valueString value="true"/>
      </extension>
    </extension>
    <extension url="http://hl7.org/fhir/tools/StructureDefinition/ig-parameter">
      <extension url="code">
        <valueCode value="excludelogbinaryformat"/>
      </extension>
      <extension url="value">
        <valueString value="true"/>
      </extension>
    </extension>
    <extension url="http://hl7.org/fhir/tools/StructureDefinition/ig-parameter">
      <extension url="code">
        <valueCode value="tabbed-snapshots"/>
      </extension>
      <extension url="value">
        <valueString value="true"/>
      </extension>
    </extension>
    <resource>
      <extension url="http://hl7.org/fhir/tools/StructureDefinition/resource-information">
        <valueString value="CodeSystem"/>
      </extension>
      <reference>
        <reference value="CodeSystem/ppc-bothersome-health-concern-concepts"/>
      </reference>
      <name value="Bothersome Health Concern Concepts"/>
      <description value="Code system to identify bothersome symptoms or health concerns.."/>
      <exampleBoolean value="false"/>
    </resource>
    <resource>
      <extension url="http://hl7.org/fhir/tools/StructureDefinition/resource-information">
        <valueString value="ValueSet"/>
      </extension>
      <reference>
        <reference value="ValueSet/ppc-bothersome-health-concern-examples-vs"/>
      </reference>
      <name value="Bothersome Health Concern Example ValueSet"/>
      <description value="Example value set containing types of bothersome symptoms or health concerns."/>
      <exampleBoolean value="false"/>
    </resource>
    <resource>
      <extension url="http://hl7.org/fhir/tools/StructureDefinition/resource-information">
        <valueString value="CarePlan"/>
      </extension>
      <reference>
        <reference value="CarePlan/pcoAnxietyCarePlanExample"/>
      </reference>
      <name value="Care Plan for PCO Anxiety Goal"/>
      <description value="Care Plan for a person-centered goal using a PROM score measure."/>
      <exampleCanonical value="http://hl7.org/fhir/us/pco/StructureDefinition/pco-care-plan"/>
    </resource>
    <resource>
      <extension url="http://hl7.org/fhir/tools/StructureDefinition/resource-information">
        <valueString value="CarePlan"/>
      </extension>
      <reference>
        <reference value="CarePlan/pcoPhyicalFunctionCarePlanExample"/>
      </reference>
      <name value="Care Plan for person-centered goal"/>
      <description value="Care Plan for a person-centered goal with action steps for achieving what matters most to that person."/>
      <exampleCanonical value="http://hl7.org/fhir/us/pco/StructureDefinition/pco-care-plan"/>
    </resource>
    <resource>
      <extension url="http://hl7.org/fhir/tools/StructureDefinition/resource-information">
        <valueString value="ServiceRequest"/>
      </extension>
      <reference>
        <reference value="ServiceRequest/pcoMindfulnessSupportProgram"/>
      </reference>
      <name value="Care Plan: Action step for mindfulness program"/>
      <description value="Care Plan activity: Mindfulness coaching to support anxiety management"/>
      <exampleBoolean value="true"/>
    </resource>
    <resource>
      <extension url="http://hl7.org/fhir/tools/StructureDefinition/resource-information">
        <valueString value="MedicationRequest"/>
      </extension>
      <reference>
        <reference value="MedicationRequest/pcoAntiInflammatoryMedication"/>
      </reference>
      <name value="Care Plan: Anti-Inflammatory Medication"/>
      <description value="Care Plan activity: Anti-inflammatory gel for knee pain to enable walking"/>
      <exampleBoolean value="true"/>
    </resource>
    <resource>
      <extension url="http://hl7.org/fhir/tools/StructureDefinition/resource-information">
        <valueString value="ServiceRequest"/>
      </extension>
      <reference>
        <reference value="ServiceRequest/pcoPhysicalTherapyReferral"/>
      </reference>
      <name value="Care Plan: Clinical action step for PT"/>
      <description value="Care Plan activity: Physical therapy to relieve pain related to walking"/>
      <exampleBoolean value="true"/>
    </resource>
    <resource>
      <extension url="http://hl7.org/fhir/tools/StructureDefinition/resource-information">
        <valueString value="ServiceRequest"/>
      </extension>
      <reference>
        <reference value="ServiceRequest/pcoWalkOutsideActionStep"/>
      </reference>
      <name value="Care Plan: Personal action step"/>
      <description value="Care Plan activity: Initial personal action step toward goal of walking dog outside"/>
      <exampleBoolean value="true"/>
    </resource>
    <resource>
      <extension url="http://hl7.org/fhir/tools/StructureDefinition/resource-information">
        <valueString value="StructureDefinition:resource"/>
      </extension>
      <reference>
        <reference value="StructureDefinition/pco-care-tradeoff"/>
      </reference>
      <name value="Care Trade-off Assessment"/>
      <description value="Assessment observation about a care trade-off that is helpful or burdensome (difficult, uncomfortable, or unhelpful)."/>
      <exampleBoolean value="false"/>
    </resource>
    <resource>
      <extension url="http://hl7.org/fhir/tools/StructureDefinition/resource-information">
        <valueString value="ValueSet"/>
      </extension>
      <reference>
        <reference value="ValueSet/pco-care-tradeoff-choices-vs"/>
      </reference>
      <name value="Care Trade-off Choices"/>
      <description value="Options for a care trade-off."/>
      <exampleBoolean value="false"/>
    </resource>
    <resource>
      <extension url="http://hl7.org/fhir/tools/StructureDefinition/resource-information">
        <valueString value="CodeSystem"/>
      </extension>
      <reference>
        <reference value="CodeSystem/pco-care-tradeoff-choice-codes"/>
      </reference>
      <name value="Care Trade-off Choices"/>
      <description value="Code system to identify care trade-off choices."/>
      <exampleBoolean value="false"/>
    </resource>
    <resource>
      <extension url="http://hl7.org/fhir/tools/StructureDefinition/resource-information">
        <valueString value="CodeSystem"/>
      </extension>
      <reference>
        <reference value="CodeSystem/ppc-care-tradeoff-concepts"/>
      </reference>
      <name value="Care Trade-off Concepts"/>
      <description value="Code system to identify care trade-off concepts."/>
      <exampleBoolean value="false"/>
    </resource>
    <resource>
      <extension url="http://hl7.org/fhir/tools/StructureDefinition/resource-information">
        <valueString value="ValueSet"/>
      </extension>
      <reference>
        <reference value="ValueSet/ppc-care-tradeoff-examples-vs"/>
      </reference>
      <name value="Care Trade-off Examples"/>
      <description value="Example value set containing types of care trade-off."/>
      <exampleBoolean value="false"/>
    </resource>
    <resource>
      <extension url="http://hl7.org/fhir/tools/StructureDefinition/resource-information">
        <valueString value="CodeSystem"/>
      </extension>
      <reference>
        <reference value="CodeSystem/pco-codes"/>
      </reference>
      <name value="Codes for PCO"/>
      <description value="Codes to identify content associated with this IG"/>
      <exampleBoolean value="false"/>
    </resource>
    <resource>
      <extension url="http://hl7.org/fhir/tools/StructureDefinition/resource-information">
        <valueString value="Device"/>
      </extension>
      <reference>
        <reference value="Device/cqf-tooling"/>
      </reference>
      <name value="cqf-tooling"/>
      <exampleBoolean value="false"/>
    </resource>
    <resource>
      <extension url="http://hl7.org/fhir/tools/StructureDefinition/resource-information">
        <valueString value="Library"/>
      </extension>
      <reference>
        <reference value="Library/FHIRHelpers"/>
      </reference>
      <name value="FHIRHelpers"/>
      <exampleBoolean value="false"/>
    </resource>
    <resource>
      <extension url="http://hl7.org/fhir/tools/StructureDefinition/resource-information">
        <valueString value="ValueSet"/>
      </extension>
      <reference>
        <reference value="ValueSet/gas-score-answers"/>
      </reference>
      <name value="Follow-Up GAS Score Answers"/>
      <description value="The progress rating on goal attainment scaling."/>
      <exampleBoolean value="false"/>
    </resource>
    <resource>
      <extension url="http://hl7.org/fhir/tools/StructureDefinition/resource-information">
        <valueString value="Observation"/>
      </extension>
      <reference>
        <reference value="Observation/pcoPROMScoreAnxietyExample"/>
      </reference>
      <name value="GAD-7 PROM Follow-up Score"/>
      <description value="Follow-up GAD-7 PROM score observation recorded by a Patient showing goal progress."/>
      <exampleCanonical value="http://hl7.org/fhir/us/pco/StructureDefinition/pco-prom-score-observation"/>
    </resource>
    <resource>
      <extension url="http://hl7.org/fhir/tools/StructureDefinition/resource-information">
        <valueString value="Observation"/>
      </extension>
      <reference>
        <reference value="Observation/pcoGASScoreBaselineExample"/>
      </reference>
      <name value="GAS Baseline Score"/>
      <description value="Baseline GAS score observation at start of goal."/>
      <exampleCanonical value="http://hl7.org/fhir/us/pco/StructureDefinition/pco-gas-score-observation"/>
    </resource>
    <resource>
      <extension url="http://hl7.org/fhir/tools/StructureDefinition/resource-information">
        <valueString value="Questionnaire"/>
      </extension>
      <reference>
        <reference value="Questionnaire/69737-5"/>
      </reference>
      <name value="Generalized anxiety disorder 7 item"/>
      <exampleBoolean value="false"/>
    </resource>
    <resource>
      <extension url="http://hl7.org/fhir/tools/StructureDefinition/resource-information">
        <valueString value="StructureDefinition:extension"/>
      </extension>
      <reference>
        <reference value="StructureDefinition/pco-goal-attainment-scaling"/>
      </reference>
      <name value="Goal Attainment Scaling"/>
      <description value="Goal Attainment Scaling (GAS) is an extension used to specify five levels of attainment for a person-centered goal."/>
      <exampleBoolean value="false"/>
    </resource>
    <resource>
      <extension url="http://hl7.org/fhir/tools/StructureDefinition/resource-information">
        <valueString value="StructureDefinition:resource"/>
      </extension>
      <reference>
        <reference value="StructureDefinition/pco-gas-score-observation"/>
      </reference>
      <name value="Goal Attainment Scaling (GAS) score"/>
      <description value="The follow-up score indicates how a patient, caregiver, or practitioner rated progress on goal attainment scaling."/>
      <exampleBoolean value="false"/>
    </resource>
    <resource>
      <extension url="http://hl7.org/fhir/tools/StructureDefinition/resource-information">
        <valueString value="ValueSet"/>
      </extension>
      <reference>
        <reference value="ValueSet/goal-attainment-scaling-score"/>
      </reference>
      <name value="Goal Attainment Scaling (GAS) Score"/>
      <description value="The score indicates how a patient, caregiver, or practitioner rated progress on goal attainment scaling."/>
      <exampleBoolean value="false"/>
    </resource>
    <resource>
      <extension url="http://hl7.org/fhir/tools/StructureDefinition/resource-information">
        <valueString value="ValueSet"/>
      </extension>
      <reference>
        <reference value="ValueSet/goal-barrier-codes"/>
      </reference>
      <name value="Goal Barrier Assessment Codes"/>
      <description value="Terminology codes for goal barrier assessment"/>
      <exampleBoolean value="false"/>
    </resource>
    <resource>
      <extension url="http://hl7.org/fhir/tools/StructureDefinition/resource-information">
        <valueString value="Goal"/>
      </extension>
      <reference>
        <reference value="Goal/pcoGoalAnxietyExample"/>
      </reference>
      <name value="Goal for GAD-7 PROM Outcome"/>
      <description value="Person-centered goal with a PROM outcome target for GAD-7 score."/>
      <exampleCanonical value="http://hl7.org/fhir/us/pco/StructureDefinition/pco-prom-goal-profile"/>
    </resource>
    <resource>
      <extension url="http://hl7.org/fhir/tools/StructureDefinition/resource-information">
        <valueString value="Goal"/>
      </extension>
      <reference>
        <reference value="Goal/pcoGoalWalkDogExample"/>
      </reference>
      <name value="Goal with GAS"/>
      <description value="Person-centered goal with attainment scaling extensions"/>
      <exampleCanonical value="http://hl7.org/fhir/us/pco/StructureDefinition/pco-gas-goal-profile"/>
    </resource>
    <resource>
      <extension url="http://hl7.org/fhir/tools/StructureDefinition/resource-information">
        <valueString value="Goal"/>
      </extension>
      <reference>
        <reference value="Goal/pcoGoalWalkDogExampleWithoutExtensions"/>
      </reference>
      <name value="Goal without GAS Extensions"/>
      <description value="Person-centered goal with GAS target measure and without GAS extensions"/>
      <exampleCanonical value="http://hl7.org/fhir/us/pco/StructureDefinition/pco-gas-goal-profile"/>
    </resource>
    <resource>
      <extension url="http://hl7.org/fhir/tools/StructureDefinition/resource-information">
        <valueString value="Goal"/>
      </extension>
      <reference>
        <reference value="Goal/pcoGoalPainLevelExample"/>
      </reference>
      <name value="Goal without GAS or PROM"/>
      <description value="Person-centered goal without attainment scaling or PROM"/>
      <exampleCanonical value="http://hl7.org/fhir/us/pco/StructureDefinition/pco-goal-profile"/>
    </resource>
    <resource>
      <extension url="http://hl7.org/fhir/tools/StructureDefinition/resource-information">
        <valueString value="Library"/>
      </extension>
      <reference>
        <reference value="Library/GoalAttainmentLogic"/>
      </reference>
      <name value="GoalAttainmentLogic"/>
      <exampleBoolean value="false"/>
    </resource>
    <resource>
      <extension url="http://hl7.org/fhir/tools/StructureDefinition/resource-information">
        <valueString value="Library"/>
      </extension>
      <reference>
        <reference value="Library/GoalFollowUpMeasure"/>
      </reference>
      <name value="GoalFollowUpMeasure"/>
      <exampleBoolean value="false"/>
    </resource>
    <resource>
      <extension url="http://hl7.org/fhir/tools/StructureDefinition/resource-information">
        <valueString value="Library"/>
      </extension>
      <reference>
        <reference value="Library/GoalIdentificationMeasure"/>
      </reference>
      <name value="GoalIdentificationMeasure"/>
      <exampleBoolean value="false"/>
    </resource>
    <resource>
      <extension url="http://hl7.org/fhir/tools/StructureDefinition/resource-information">
        <valueString value="Practitioner"/>
      </extension>
      <reference>
        <reference value="Practitioner/pcoPractitionerGonzalez"/>
      </reference>
      <name value="Health &amp; Wellness Coach"/>
      <description value="Maria Gonzalez, NBC-HWC"/>
      <exampleBoolean value="true"/>
    </resource>
    <resource>
      <extension url="http://hl7.org/fhir/tools/StructureDefinition/resource-information">
        <valueString value="Patient"/>
      </extension>
      <reference>
        <reference value="Patient/pcoPatientLopez"/>
      </reference>
      <name value="Patient Camila Lopez"/>
      <description value="Camila Lopez"/>
      <exampleBoolean value="true"/>
    </resource>
    <resource>
      <extension url="http://hl7.org/fhir/tools/StructureDefinition/resource-information">
        <valueString value="Patient"/>
      </extension>
      <reference>
        <reference value="Patient/pcoPatientJones"/>
      </reference>
      <name value="Patient Dorothy Jones"/>
      <description value="Dorothy Jones"/>
      <exampleBoolean value="true"/>
    </resource>
    <resource>
      <extension url="http://hl7.org/fhir/tools/StructureDefinition/resource-information">
        <valueString value="Observation"/>
      </extension>
      <reference>
        <reference value="Observation/pcoGASScorePatientFollowupExample"/>
      </reference>
      <name value="Patient GAS Follow-up Score"/>
      <description value="Follow-up GAS score observation recorded by a Patient showing goal progress."/>
      <exampleCanonical value="http://hl7.org/fhir/us/pco/StructureDefinition/pco-gas-score-observation"/>
    </resource>
    <resource>
      <extension url="http://hl7.org/fhir/tools/StructureDefinition/resource-information">
        <valueString value="Patient"/>
      </extension>
      <reference>
        <reference value="Patient/ppcPatientKay"/>
      </reference>
      <name value="Patient John Kay"/>
      <description value="John Kay for PPC examples"/>
      <exampleBoolean value="true"/>
    </resource>
    <resource>
      <extension url="http://hl7.org/fhir/tools/StructureDefinition/resource-information">
        <valueString value="StructureDefinition:resource"/>
      </extension>
      <reference>
        <reference value="StructureDefinition/pco-prom-score-observation"/>
      </reference>
      <name value="Patient-Reported Outcome Measure (PROM) score"/>
      <description value="This observation records how a patient's progress score is rated using a PROM assessment."/>
      <exampleBoolean value="false"/>
    </resource>
    <resource>
      <extension url="http://hl7.org/fhir/tools/StructureDefinition/resource-information">
        <valueString value="ValueSet"/>
      </extension>
      <reference>
        <reference value="ValueSet/pco-goal-domains-example-vs"/>
      </reference>
      <name value="PCO Goal Domain Categories Example"/>
      <description value="Example value set to identify the goal domains category for PCO resources."/>
      <exampleBoolean value="false"/>
    </resource>
    <resource>
      <extension url="http://hl7.org/fhir/tools/StructureDefinition/resource-information">
        <valueString value="CodeSystem"/>
      </extension>
      <reference>
        <reference value="CodeSystem/pco-goal-domains"/>
      </reference>
      <name value="PCO Goal Domains"/>
      <description value="Goal domain codes used to identify the category for PCO resources."/>
      <exampleBoolean value="false"/>
    </resource>
    <resource>
      <extension url="http://hl7.org/fhir/tools/StructureDefinition/resource-information">
        <valueString value="Library"/>
      </extension>
      <reference>
        <reference value="Library/PCOCommon"/>
      </reference>
      <name value="PCOCommon"/>
      <exampleBoolean value="false"/>
    </resource>
    <resource>
      <extension url="http://hl7.org/fhir/tools/StructureDefinition/resource-information">
        <valueString value="StructureDefinition:resource"/>
      </extension>
      <reference>
        <reference value="StructureDefinition/pco-care-plan"/>
      </reference>
      <name value="Person-Centered Care Plan"/>
      <description value="A person-centered care plan SHALL reference a person-centered goal and SHALL include action steps that support progress toward achievement of the plan's goals and desired outcomes. A plan SHOULD address the person's stated priorities for what matters most to them. Action steps may include both treatment procedures and self-care steps identified by the person."/>
      <exampleBoolean value="false"/>
    </resource>
    <resource>
      <extension url="http://hl7.org/fhir/tools/StructureDefinition/resource-information">
        <valueString value="StructureDefinition:resource"/>
      </extension>
      <reference>
        <reference value="StructureDefinition/pco-gas-goal-profile"/>
      </reference>
      <name value="Person-Centered GAS Goal"/>
      <description value="Person-centered goal with goal attainment scaling."/>
      <exampleBoolean value="false"/>
    </resource>
    <resource>
      <extension url="http://hl7.org/fhir/tools/StructureDefinition/resource-information">
        <valueString value="StructureDefinition:resource"/>
      </extension>
      <reference>
        <reference value="StructureDefinition/pco-goal-profile"/>
      </reference>
      <name value="Person-Centered Goal"/>
      <description value="Person-centered goal focused on what matters most to an individual. A Person-centered goal SHALL include either a Person-Centered Outcome category, or address a What Matters assessment."/>
      <exampleBoolean value="false"/>
    </resource>
    <resource>
      <extension url="http://hl7.org/fhir/tools/StructureDefinition/resource-information">
        <valueString value="StructureDefinition:resource"/>
      </extension>
      <reference>
        <reference value="StructureDefinition/pco-goal-barrier"/>
      </reference>
      <name value="Person-Centered Goal Barrier"/>
      <description value="Assessment observation about a barrier, bothersome symptom or health concern that interferes with goal achievement."/>
      <exampleBoolean value="false"/>
    </resource>
    <resource>
      <extension url="http://hl7.org/fhir/tools/StructureDefinition/resource-information">
        <valueString value="Measure"/>
      </extension>
      <reference>
        <reference value="Measure/GoalFollowUpMeasure"/>
      </reference>
      <name value="Person-Centered Goal Follow-Up"/>
      <description value="Measure 2 - Goal Follow-up: % of individuals 18 years of age or older with a complex care need who received follow-up on their PCO goal within two weeks to six months of when the PCO goal and GAS or PROM were identified."/>
      <exampleBoolean value="false"/>
    </resource>
    <resource>
      <extension url="http://hl7.org/fhir/tools/StructureDefinition/resource-information">
        <valueString value="Measure"/>
      </extension>
      <reference>
        <reference value="Measure/GoalIdentificationMeasure"/>
      </reference>
      <name value="Person-Centered Goal Identification"/>
      <description value="Measure 1 - Goal Identification: % of individuals 18 years of age and older with a complex care need who had a PCO goal identified resulting in completion of goal attainment scaling (GAS) or a Patient-Reported Outcome Measure (PROM) and development of an action plan."/>
      <exampleBoolean value="false"/>
    </resource>
    <resource>
      <extension url="http://hl7.org/fhir/tools/StructureDefinition/resource-information">
        <valueString value="ValueSet"/>
      </extension>
      <reference>
        <reference value="ValueSet/pco-survey-category-vs"/>
      </reference>
      <name value="Person-Centered Outcomes Survey Value Set"/>
      <description value="Used to indicate that PCO observations of of type Survey, as defined by US-Core."/>
      <exampleBoolean value="false"/>
    </resource>
    <resource>
      <extension url="http://hl7.org/fhir/tools/StructureDefinition/resource-information">
        <valueString value="StructureDefinition:resource"/>
      </extension>
      <reference>
        <reference value="StructureDefinition/pco-prom-goal-profile"/>
      </reference>
      <name value="Person-Centered PROM Goal"/>
      <description value="Person-centered goal with a Patient-Reported Outcome Measure (PROM) score target."/>
      <exampleBoolean value="false"/>
    </resource>
    <resource>
      <extension url="http://hl7.org/fhir/tools/StructureDefinition/resource-information">
        <valueString value="StructureDefinition:resource"/>
      </extension>
      <reference>
        <reference value="StructureDefinition/pco-personal-priorities-organizer"/>
      </reference>
      <name value="Personal Priorities Organizer"/>
      <description value="Personal Priorities Organizer is used to represent a set of person-centered goals, preferences or care experiences in a preferred ranked order."/>
      <exampleBoolean value="false"/>
    </resource>
    <resource>
      <extension url="http://hl7.org/fhir/tools/StructureDefinition/resource-information">
        <valueString value="Questionnaire"/>
      </extension>
      <reference>
        <reference value="Questionnaire/44249-1"/>
      </reference>
      <name value="PHQ-9 quick depression assessment panel"/>
      <exampleBoolean value="false"/>
    </resource>
    <resource>
      <extension url="http://hl7.org/fhir/tools/StructureDefinition/resource-information">
        <valueString value="Observation"/>
      </extension>
      <reference>
        <reference value="Observation/ppcBarrierDiabetes"/>
      </reference>
      <name value="PPC Bothersome Health Concern: Diabeted diet (other)"/>
      <description value="PPC Bothersome health problem, other with free-text description"/>
      <exampleCanonical value="http://hl7.org/fhir/us/pco/StructureDefinition/pco-goal-barrier"/>
    </resource>
    <resource>
      <extension url="http://hl7.org/fhir/tools/StructureDefinition/resource-information">
        <valueString value="Observation"/>
      </extension>
      <reference>
        <reference value="Observation/ppcBarrierUnsteady"/>
      </reference>
      <name value="PPC Bothersome Symptom: Feeling Unsteady"/>
      <description value="PPC Bothersome symptom or health problem"/>
      <exampleCanonical value="http://hl7.org/fhir/us/pco/StructureDefinition/pco-goal-barrier"/>
    </resource>
    <resource>
      <extension url="http://hl7.org/fhir/tools/StructureDefinition/resource-information">
        <valueString value="CarePlan"/>
      </extension>
      <reference>
        <reference value="CarePlan/ppcCookingDinnerCarePlanExample"/>
      </reference>
      <name value="PPC Care Plan for person-centered goal"/>
      <description value="Care Plan for a person-centered goal with action steps for achieving what matters most to that person."/>
      <exampleCanonical value="http://hl7.org/fhir/us/pco/StructureDefinition/pco-care-plan"/>
    </resource>
    <resource>
      <extension url="http://hl7.org/fhir/tools/StructureDefinition/resource-information">
        <valueString value="ServiceRequest"/>
      </extension>
      <reference>
        <reference value="ServiceRequest/ppcPhysicalTherapyReferral"/>
      </reference>
      <name value="PPC Care Plan: Clinical action step for PT"/>
      <description value="Care Plan activity: Physical therapy to reduce unsteadiness while cooking dinner"/>
      <exampleBoolean value="true"/>
    </resource>
    <resource>
      <extension url="http://hl7.org/fhir/tools/StructureDefinition/resource-information">
        <valueString value="Observation"/>
      </extension>
      <reference>
        <reference value="Observation/ppcCareTradeOffBothersome"/>
      </reference>
      <name value="PPC Care Trade-Off: Following a special diet"/>
      <description value="PPC Care Trade-off that is bothersome"/>
      <exampleCanonical value="http://hl7.org/fhir/us/pco/StructureDefinition/pco-care-tradeoff"/>
    </resource>
    <resource>
      <extension url="http://hl7.org/fhir/tools/StructureDefinition/resource-information">
        <valueString value="Observation"/>
      </extension>
      <reference>
        <reference value="Observation/ppcCareTradeOffDescription"/>
      </reference>
      <name value="PPC Care Trade-Off: Free-text description"/>
      <description value="PPC Care Trade-off that is bothersome with free-text description"/>
      <exampleCanonical value="http://hl7.org/fhir/us/pco/StructureDefinition/pco-care-tradeoff"/>
    </resource>
    <resource>
      <extension url="http://hl7.org/fhir/tools/StructureDefinition/resource-information">
        <valueString value="Observation"/>
      </extension>
      <reference>
        <reference value="Observation/ppcCareTradeOffHelpful"/>
      </reference>
      <name value="PPC Care Trade-Off: Health care visits"/>
      <description value="PPC Care Trade-off that is helpful"/>
      <exampleCanonical value="http://hl7.org/fhir/us/pco/StructureDefinition/pco-care-tradeoff"/>
    </resource>
    <resource>
      <extension url="http://hl7.org/fhir/tools/StructureDefinition/resource-information">
        <valueString value="Observation"/>
      </extension>
      <reference>
        <reference value="Observation/ppcGASScoreBaselineExample"/>
      </reference>
      <name value="PPC GAS Baseline Score"/>
      <description value="Baseline GAS score observation at start of goal."/>
      <exampleCanonical value="http://hl7.org/fhir/us/pco/StructureDefinition/pco-gas-score-observation"/>
    </resource>
    <resource>
      <extension url="http://hl7.org/fhir/tools/StructureDefinition/resource-information">
        <valueString value="Goal"/>
      </extension>
      <reference>
        <reference value="Goal/ppcGoalCookingDinner"/>
      </reference>
      <name value="PPC Goal: Cooking Dinner"/>
      <description value="Patient Priorities Care goal: cooking dinner"/>
      <exampleCanonical value="http://hl7.org/fhir/us/pco/StructureDefinition/pco-gas-goal-profile"/>
    </resource>
    <resource>
      <extension url="http://hl7.org/fhir/tools/StructureDefinition/resource-information">
        <valueString value="List"/>
      </extension>
      <reference>
        <reference value="List/ppcPrioritiesList"/>
      </reference>
      <name value="PPC Priorities List"/>
      <description value="PPC what matters MOST, and the MOST bothersome Care Trade-off"/>
      <exampleCanonical value="http://hl7.org/fhir/us/pco/StructureDefinition/pco-personal-priorities-organizer"/>
    </resource>
    <resource>
      <extension url="http://hl7.org/fhir/tools/StructureDefinition/resource-information">
        <valueString value="CodeSystem"/>
      </extension>
      <reference>
        <reference value="CodeSystem/ppc-what-matters-concepts"/>
      </reference>
      <name value="PPC What Matters Concepts"/>
      <description value="Code system to identify What Matters concepts from Patient Priories Care (PPC)"/>
      <exampleBoolean value="false"/>
    </resource>
    <resource>
      <extension url="http://hl7.org/fhir/tools/StructureDefinition/resource-information">
        <valueString value="ValueSet"/>
      </extension>
      <reference>
        <reference value="ValueSet/ppc-what-matters-example-vs"/>
      </reference>
      <name value="PPC What Matters Example ValueSet"/>
      <description value="Example value set containing types of What Matters."/>
      <exampleBoolean value="false"/>
    </resource>
    <resource>
      <extension url="http://hl7.org/fhir/tools/StructureDefinition/resource-information">
        <valueString value="Observation"/>
      </extension>
      <reference>
        <reference value="Observation/ppcWhatMattersActivitiesWithFamily"/>
      </reference>
      <name value="PPC What Matters: Activities with Family"/>
      <description value="Patient Priorities Care what matters: doing activities with family"/>
      <exampleCanonical value="http://hl7.org/fhir/us/pco/StructureDefinition/pco-what-matters-priority"/>
    </resource>
    <resource>
      <extension url="http://hl7.org/fhir/tools/StructureDefinition/resource-information">
        <valueString value="Observation"/>
      </extension>
      <reference>
        <reference value="Observation/ppcWhatMattersMovingTheBody"/>
      </reference>
      <name value="PPC What Matters: Walking or moving"/>
      <description value="Patient Priorities Care what matters: Walking or moving"/>
      <exampleCanonical value="http://hl7.org/fhir/us/pco/StructureDefinition/pco-what-matters-priority"/>
    </resource>
    <resource>
      <extension url="http://hl7.org/fhir/tools/StructureDefinition/resource-information">
        <valueString value="Observation"/>
      </extension>
      <reference>
        <reference value="Observation/pcoGASScorePractitionerFollowupExample"/>
      </reference>
      <name value="Practitioner GAS Follow-up Score"/>
      <description value="Follow-up GAS score observation recorded by a Practitioner showing goal progress."/>
      <exampleCanonical value="http://hl7.org/fhir/us/pco/StructureDefinition/pco-gas-score-observation"/>
    </resource>
    <resource>
      <extension url="http://hl7.org/fhir/tools/StructureDefinition/resource-information">
        <valueString value="Practitioner"/>
      </extension>
      <reference>
        <reference value="Practitioner/pcoPractitionerAnderson"/>
      </reference>
      <name value="Primary Care Physician"/>
      <description value="John Anderson, MD"/>
      <exampleBoolean value="true"/>
    </resource>
    <resource>
      <extension url="http://hl7.org/fhir/tools/StructureDefinition/resource-information">
        <valueString value="ValueSet"/>
      </extension>
      <reference>
        <reference value="ValueSet/prom-target-measures"/>
      </reference>
      <name value="PROM Target Measures"/>
      <description value="Target measure codes used to track progress on patient-reported outcome measures (PROMs)."/>
      <exampleBoolean value="false"/>
    </resource>
    <resource>
      <extension url="http://hl7.org/fhir/tools/StructureDefinition/resource-information">
        <valueString value="CodeSystem"/>
      </extension>
      <reference>
        <reference value="CodeSystem/va-whole-health-example"/>
      </reference>
      <name value="VA Whole Health Concepts"/>
      <description value="Code system to identify &quot;What Matters&quot; concepts from the VA Whole Health appraoch and Circle of Health."/>
      <exampleBoolean value="false"/>
    </resource>
    <resource>
      <extension url="http://hl7.org/fhir/tools/StructureDefinition/resource-information">
        <valueString value="ValueSet"/>
      </extension>
      <reference>
        <reference value="ValueSet/wellbeing-category-vs"/>
      </reference>
      <name value="Well-Being Categories"/>
      <description value="Value set containing well-being concepts for observation category."/>
      <exampleBoolean value="false"/>
    </resource>
    <resource>
      <extension url="http://hl7.org/fhir/tools/StructureDefinition/resource-information">
        <valueString value="CodeSystem"/>
      </extension>
      <reference>
        <reference value="CodeSystem/wellbeing-concepts"/>
      </reference>
      <name value="Well-Being Concepts"/>
      <description value="Code system to identify resource codes and category domains for &quot;What Matters&quot;."/>
      <exampleBoolean value="false"/>
    </resource>
    <resource>
      <extension url="http://hl7.org/fhir/tools/StructureDefinition/resource-information">
        <valueString value="ValueSet"/>
      </extension>
      <reference>
        <reference value="ValueSet/wellbeing-domains-example-vs"/>
      </reference>
      <name value="Well-Being Domains Example"/>
      <description value="Example value set containing well-being domains from the VA Circle of Health."/>
      <exampleBoolean value="false"/>
    </resource>
    <resource>
      <extension url="http://hl7.org/fhir/tools/StructureDefinition/resource-information">
        <valueString value="StructureDefinition:resource"/>
      </extension>
      <reference>
        <reference value="StructureDefinition/pco-what-matters-assessment"/>
      </reference>
      <name value="What Matters Assessment"/>
      <description value="Assessment observation for one aspect of What Matters Most to a person, with either free-text description or component values rating where a person is now and where they would like to be in the future."/>
      <exampleBoolean value="false"/>
    </resource>
    <resource>
      <extension url="http://hl7.org/fhir/tools/StructureDefinition/resource-information">
        <valueString value="ValueSet"/>
      </extension>
      <reference>
        <reference value="ValueSet/what-matters-vs"/>
      </reference>
      <name value="What Matters Categories"/>
      <description value="Value set containing well-being concepts for What Matters Most."/>
      <exampleBoolean value="false"/>
    </resource>
    <resource>
      <extension url="http://hl7.org/fhir/tools/StructureDefinition/resource-information">
        <valueString value="StructureDefinition:resource"/>
      </extension>
      <reference>
        <reference value="StructureDefinition/pco-what-matters-priority"/>
      </reference>
      <name value="What Matters Priority"/>
      <description value="Assessment observation for one aspect of What Matters Most to a person, with a boolean value indicating whether this is a current priority."/>
      <exampleBoolean value="false"/>
    </resource>
    <resource>
      <extension url="http://hl7.org/fhir/tools/StructureDefinition/resource-information">
        <valueString value="Observation"/>
      </extension>
      <reference>
        <reference value="Observation/pcoWhatMattersPriorityExample"/>
      </reference>
      <name value="What Matters Priority: Moving the Body"/>
      <description value="What Matters observation recorded by a Patient to indicate their priority for well-being."/>
      <exampleCanonical value="http://hl7.org/fhir/us/pco/StructureDefinition/pco-what-matters-priority"/>
    </resource>
    <resource>
      <extension url="http://hl7.org/fhir/tools/StructureDefinition/resource-information">
        <valueString value="Observation"/>
      </extension>
      <reference>
        <reference value="Observation/pcoWhatMattersStatementExample"/>
      </reference>
      <name value="What Matters Statement: Family &amp; Friends"/>
      <description value="What Matters observation added by a Patient to record a free-text statement about a well-being focus area."/>
      <exampleCanonical value="http://hl7.org/fhir/us/pco/StructureDefinition/pco-what-matters-assessment"/>
    </resource>
    <resource>
      <extension url="http://hl7.org/fhir/tools/StructureDefinition/resource-information">
        <valueString value="Observation"/>
      </extension>
      <reference>
        <reference value="Observation/pcoWhatMattersRelationshipsExample"/>
      </reference>
      <name value="What Matters: Family &amp; Friends"/>
      <description value="What Matters assessment observation recorded by a Patient as preparation for creating PCO goals and CarePlan action steps."/>
      <exampleCanonical value="http://hl7.org/fhir/us/pco/StructureDefinition/pco-what-matters-assessment"/>
    </resource>
    <resource>
      <extension url="http://hl7.org/fhir/tools/StructureDefinition/resource-information">
        <valueString value="Observation"/>
      </extension>
      <reference>
        <reference value="Observation/pcoWhatMattersBodyExample"/>
      </reference>
      <name value="What Matters: Moving the Body"/>
      <description value="What Matters assessment observation recorded by a Patient as preparation for creating PCO goals and CarePlan action steps."/>
      <exampleCanonical value="http://hl7.org/fhir/us/pco/StructureDefinition/pco-what-matters-assessment"/>
    </resource>
    <resource>
      <extension url="http://hl7.org/fhir/tools/StructureDefinition/resource-information">
        <valueString value="Library"/>
      </extension>
      <reference>
        <reference value="Library/WhatMattersLogic"/>
      </reference>
      <name value="WhatMattersLogic"/>
      <exampleBoolean value="false"/>
    </resource>
    <page>
      <extension url="http://hl7.org/fhir/tools/StructureDefinition/ig-page-name">
        <valueUrl value="toc.html"/>
      </extension>
      <nameUrl value="toc.html"/>
      <title value="Table of Contents"/>
      <generation value="html"/>
      <page>
        <extension url="http://hl7.org/fhir/tools/StructureDefinition/ig-page-name">
          <valueUrl value="index.html"/>
        </extension>
        <nameUrl value="index.html"/>
        <title value="Home"/>
        <generation value="markdown"/>
      </page>
      <page>
        <extension url="http://hl7.org/fhir/tools/StructureDefinition/ig-page-name">
          <valueUrl value="downloads.html"/>
        </extension>
        <nameUrl value="downloads.html"/>
        <title value="Downloads"/>
        <generation value="markdown"/>
      </page>
      <page>
        <extension url="http://hl7.org/fhir/tools/StructureDefinition/ig-page-name">
          <valueUrl value="feedback.html"/>
        </extension>
        <nameUrl value="feedback.html"/>
        <title value="Feedback"/>
        <generation value="markdown"/>
      </page>
      <page>
        <extension url="http://hl7.org/fhir/tools/StructureDefinition/ig-page-name">
          <valueUrl value="formal_specification.html"/>
        </extension>
        <nameUrl value="formal_specification.html"/>
        <title value="Formal Specification"/>
        <generation value="markdown"/>
      </page>
      <page>
        <extension url="http://hl7.org/fhir/tools/StructureDefinition/ig-page-name">
          <valueUrl value="gas-examples.html"/>
        </extension>
        <nameUrl value="gas-examples.html"/>
        <title value="Gas Examples"/>
        <generation value="markdown"/>
      </page>
      <page>
        <extension url="http://hl7.org/fhir/tools/StructureDefinition/ig-page-name">
          <valueUrl value="gas-examples-one-table.html"/>
        </extension>
        <nameUrl value="gas-examples-one-table.html"/>
        <title value="Gas Examples One Table"/>
        <generation value="markdown"/>
      </page>
      <page>
        <extension url="http://hl7.org/fhir/tools/StructureDefinition/ig-page-name">
          <valueUrl value="underlying_technologies.html"/>
        </extension>
        <nameUrl value="underlying_technologies.html"/>
        <title value="Underlying Technologies"/>
        <generation value="markdown"/>
      </page>
      <page>
        <extension url="http://hl7.org/fhir/tools/StructureDefinition/ig-page-name">
          <valueUrl value="use_cases.html"/>
        </extension>
        <nameUrl value="use_cases.html"/>
        <title value="Use Cases"/>
        <generation value="markdown"/>
      </page>
      <page>
        <extension url="http://hl7.org/fhir/tools/StructureDefinition/ig-page-name">
          <valueUrl value="user_stories.html"/>
        </extension>
        <nameUrl value="user_stories.html"/>
        <title value="User Stories"/>
        <generation value="markdown"/>
      </page>
      <page>
        <extension url="http://hl7.org/fhir/tools/StructureDefinition/ig-page-name">
          <valueUrl value="what_matters_ppc.html"/>
        </extension>
        <nameUrl value="what_matters_ppc.html"/>
        <title value="What Matters Ppc"/>
        <generation value="markdown"/>
      </page>
      <page>
        <extension url="http://hl7.org/fhir/tools/StructureDefinition/ig-page-name">
          <valueUrl value="what_matters_va.html"/>
        </extension>
        <nameUrl value="what_matters_va.html"/>
        <title value="What Matters Va"/>
        <generation value="markdown"/>
      </page>
    </page>
    <parameter>
      <code value="path-resource"/>
      <value value="input/resources/device"/>
    </parameter>
    <parameter>
      <code value="path-resource"/>
      <value value="input/resources/library"/>
    </parameter>
    <parameter>
      <code value="path-resource"/>
      <value value="input/resources/measure"/>
    </parameter>
    <parameter>
      <code value="path-resource"/>
      <value value="input/resources/questionnaire"/>
    </parameter>
    <parameter>
      <code value="path-resource"/>
      <value value="input/capabilities"/>
    </parameter>
    <parameter>
      <code value="path-resource"/>
      <value value="input/examples"/>
    </parameter>
    <parameter>
      <code value="path-resource"/>
      <value value="input/extensions"/>
    </parameter>
    <parameter>
      <code value="path-resource"/>
      <value value="input/models"/>
    </parameter>
    <parameter>
      <code value="path-resource"/>
      <value value="input/operations"/>
    </parameter>
    <parameter>
      <code value="path-resource"/>
      <value value="input/profiles"/>
    </parameter>
    <parameter>
      <code value="path-resource"/>
      <value value="input/resources"/>
    </parameter>
    <parameter>
      <code value="path-resource"/>
      <value value="input/vocabulary"/>
    </parameter>
    <parameter>
      <code value="path-resource"/>
      <value value="input/testing"/>
    </parameter>
    <parameter>
      <code value="path-resource"/>
      <value value="input/history"/>
    </parameter>
    <parameter>
      <code value="path-resource"/>
      <value value="fsh-generated/resources"/>
    </parameter>
    <parameter>
      <code value="path-pages"/>
      <value value="template/config"/>
    </parameter>
    <parameter>
      <code value="path-pages"/>
      <value value="input/images"/>
    </parameter>
    <parameter>
      <code value="path-tx-cache"/>
      <value value="input-cache/txcache"/>
    </parameter>
  </definition>
</ImplementationGuide>