{
  "resourceType" : "ImplementationGuide",
  "id" : "hl7.fhir.us.pco",
  "text" : {
    "status" : "generated",
    "div" : "<div xmlns=\"http://www.w3.org/1999/xhtml\"><p class=\"res-header-id\"><b>Generated Narrative: ImplementationGuide hl7.fhir.us.pco</b></p><a name=\"hl7.fhir.us.pco\"> </a><a name=\"hchl7.fhir.us.pco\"> </a><a name=\"hl7.fhir.us.pco-en-US\"> </a><h2>PCO</h2><p>The official URL for this implementation guide is: </p><pre>http://hl7.org/fhir/us/pco/ImplementationGuide/hl7.fhir.us.pco</pre><div><p>Person-Centered Outcomes (PCO) FHIR Implementation Guide</p>\n</div></div>"
  },
  "extension" : [{
    "url" : "http://hl7.org/fhir/StructureDefinition/structuredefinition-wg",
    "valueCode" : "pc"
  }],
  "url" : "http://hl7.org/fhir/us/pco/ImplementationGuide/hl7.fhir.us.pco",
  "version" : "0.2.0",
  "name" : "PCO",
  "title" : "Person-Centered Outcomes",
  "status" : "draft",
  "date" : "2025-01-19T14:30:29+00:00",
  "publisher" : "HL7 International / Patient Care",
  "contact" : [{
    "name" : "HL7 International / Patient Care",
    "telecom" : [{
      "system" : "url",
      "value" : "http://www.hl7.org/Special/committees/patientcare"
    },
    {
      "system" : "email",
      "value" : "patientcare@lists.HL7.org"
    }]
  }],
  "description" : "Person-Centered Outcomes (PCO) FHIR Implementation Guide",
  "jurisdiction" : [{
    "coding" : [{
      "system" : "urn:iso:std:iso:3166",
      "code" : "US"
    }]
  }],
  "packageId" : "hl7.fhir.us.pco",
  "license" : "CC0-1.0",
  "fhirVersion" : ["4.0.1"],
  "dependsOn" : [{
    "id" : "hl7tx",
    "extension" : [{
      "url" : "http://hl7.org/fhir/tools/StructureDefinition/implementationguide-dependency-comment",
      "valueMarkdown" : "Automatically added as a dependency - all IGs depend on HL7 Terminology"
    }],
    "uri" : "http://terminology.hl7.org/ImplementationGuide/hl7.terminology",
    "packageId" : "hl7.terminology.r4",
    "version" : "6.1.0"
  },
  {
    "id" : "hl7ext",
    "extension" : [{
      "url" : "http://hl7.org/fhir/tools/StructureDefinition/implementationguide-dependency-comment",
      "valueMarkdown" : "Automatically added as a dependency - all IGs depend on the HL7 Extension Pack"
    }],
    "uri" : "http://hl7.org/fhir/extensions/ImplementationGuide/hl7.fhir.uv.extensions",
    "packageId" : "hl7.fhir.uv.extensions.r4",
    "version" : "5.1.0"
  },
  {
    "id" : "hl7_fhir_us_core",
    "uri" : "http://hl7.org/fhir/us/core/ImplementationGuide/hl7.fhir.us.core",
    "packageId" : "hl7.fhir.us.core",
    "version" : "6.1.0"
  },
  {
    "id" : "hl7_fhir_uv_cpg",
    "uri" : "http://hl7.org/fhir/uv/cpg/ImplementationGuide/hl7.fhir.uv.cpg",
    "packageId" : "hl7.fhir.uv.cpg",
    "version" : "1.0.0"
  },
  {
    "id" : "fhir_cqf_common",
    "uri" : "http://fhir.org/guides/cqf/common/ImplementationGuide/fhir.cqf.common",
    "packageId" : "fhir.cqf.common",
    "version" : "4.0.1"
  },
  {
    "id" : "hl7_fhir_us_cqfmeasures",
    "uri" : "http://hl7.org/fhir/us/cqfmeasures/ImplementationGuide/hl7.fhir.us.cqfmeasures",
    "packageId" : "hl7.fhir.us.cqfmeasures",
    "version" : "4.0.0"
  }],
  "definition" : {
    "extension" : [{
      "extension" : [{
        "url" : "code",
        "valueString" : "copyrightyear"
      },
      {
        "url" : "value",
        "valueString" : "2024+"
      }],
      "url" : "http://hl7.org/fhir/tools/StructureDefinition/ig-parameter"
    },
    {
      "extension" : [{
        "url" : "code",
        "valueString" : "releaselabel"
      },
      {
        "url" : "value",
        "valueString" : "ci-build"
      }],
      "url" : "http://hl7.org/fhir/tools/StructureDefinition/ig-parameter"
    },
    {
      "extension" : [{
        "url" : "code",
        "valueString" : "path-expansion-params"
      },
      {
        "url" : "value",
        "valueString" : "../../input/_resources/terminology-settings.json"
      }],
      "url" : "http://hl7.org/fhir/tools/StructureDefinition/ig-parameter"
    },
    {
      "extension" : [{
        "url" : "code",
        "valueString" : "show-inherited-invariants"
      },
      {
        "url" : "value",
        "valueString" : "false"
      }],
      "url" : "http://hl7.org/fhir/tools/StructureDefinition/ig-parameter"
    },
    {
      "extension" : [{
        "url" : "code",
        "valueString" : "apply-jurisdiction"
      },
      {
        "url" : "value",
        "valueString" : "true"
      }],
      "url" : "http://hl7.org/fhir/tools/StructureDefinition/ig-parameter"
    },
    {
      "extension" : [{
        "url" : "code",
        "valueString" : "apply-publisher"
      },
      {
        "url" : "value",
        "valueString" : "true"
      }],
      "url" : "http://hl7.org/fhir/tools/StructureDefinition/ig-parameter"
    },
    {
      "extension" : [{
        "url" : "code",
        "valueString" : "path-liquid"
      },
      {
        "url" : "value",
        "valueString" : "templates/liquid"
      }],
      "url" : "http://hl7.org/fhir/tools/StructureDefinition/ig-parameter"
    },
    {
      "extension" : [{
        "url" : "code",
        "valueString" : "path-history"
      },
      {
        "url" : "value",
        "valueString" : "http://hl7.org/fhir/us/pco/history.html"
      }],
      "url" : "http://hl7.org/fhir/tools/StructureDefinition/ig-parameter"
    },
    {
      "extension" : [{
        "url" : "code",
        "valueString" : "autoload-resources"
      },
      {
        "url" : "value",
        "valueString" : "true"
      }],
      "url" : "http://hl7.org/fhir/tools/StructureDefinition/ig-parameter"
    },
    {
      "extension" : [{
        "url" : "code",
        "valueString" : "path-liquid"
      },
      {
        "url" : "value",
        "valueString" : "template/liquid"
      }],
      "url" : "http://hl7.org/fhir/tools/StructureDefinition/ig-parameter"
    },
    {
      "extension" : [{
        "url" : "code",
        "valueString" : "path-liquid"
      },
      {
        "url" : "value",
        "valueString" : "input/liquid"
      }],
      "url" : "http://hl7.org/fhir/tools/StructureDefinition/ig-parameter"
    },
    {
      "extension" : [{
        "url" : "code",
        "valueString" : "path-qa"
      },
      {
        "url" : "value",
        "valueString" : "temp/qa"
      }],
      "url" : "http://hl7.org/fhir/tools/StructureDefinition/ig-parameter"
    },
    {
      "extension" : [{
        "url" : "code",
        "valueString" : "path-temp"
      },
      {
        "url" : "value",
        "valueString" : "temp/pages"
      }],
      "url" : "http://hl7.org/fhir/tools/StructureDefinition/ig-parameter"
    },
    {
      "extension" : [{
        "url" : "code",
        "valueString" : "path-output"
      },
      {
        "url" : "value",
        "valueString" : "output"
      }],
      "url" : "http://hl7.org/fhir/tools/StructureDefinition/ig-parameter"
    },
    {
      "extension" : [{
        "url" : "code",
        "valueString" : "path-suppressed-warnings"
      },
      {
        "url" : "value",
        "valueString" : "input/ignoreWarnings.txt"
      }],
      "url" : "http://hl7.org/fhir/tools/StructureDefinition/ig-parameter"
    },
    {
      "extension" : [{
        "url" : "code",
        "valueString" : "template-html"
      },
      {
        "url" : "value",
        "valueString" : "template-page.html"
      }],
      "url" : "http://hl7.org/fhir/tools/StructureDefinition/ig-parameter"
    },
    {
      "extension" : [{
        "url" : "code",
        "valueString" : "template-md"
      },
      {
        "url" : "value",
        "valueString" : "template-page-md.html"
      }],
      "url" : "http://hl7.org/fhir/tools/StructureDefinition/ig-parameter"
    },
    {
      "extension" : [{
        "url" : "code",
        "valueString" : "apply-contact"
      },
      {
        "url" : "value",
        "valueString" : "true"
      }],
      "url" : "http://hl7.org/fhir/tools/StructureDefinition/ig-parameter"
    },
    {
      "extension" : [{
        "url" : "code",
        "valueString" : "apply-context"
      },
      {
        "url" : "value",
        "valueString" : "true"
      }],
      "url" : "http://hl7.org/fhir/tools/StructureDefinition/ig-parameter"
    },
    {
      "extension" : [{
        "url" : "code",
        "valueString" : "apply-copyright"
      },
      {
        "url" : "value",
        "valueString" : "true"
      }],
      "url" : "http://hl7.org/fhir/tools/StructureDefinition/ig-parameter"
    },
    {
      "extension" : [{
        "url" : "code",
        "valueString" : "apply-license"
      },
      {
        "url" : "value",
        "valueString" : "true"
      }],
      "url" : "http://hl7.org/fhir/tools/StructureDefinition/ig-parameter"
    },
    {
      "extension" : [{
        "url" : "code",
        "valueString" : "apply-version"
      },
      {
        "url" : "value",
        "valueString" : "true"
      }],
      "url" : "http://hl7.org/fhir/tools/StructureDefinition/ig-parameter"
    },
    {
      "extension" : [{
        "url" : "code",
        "valueString" : "apply-wg"
      },
      {
        "url" : "value",
        "valueString" : "true"
      }],
      "url" : "http://hl7.org/fhir/tools/StructureDefinition/ig-parameter"
    },
    {
      "extension" : [{
        "url" : "code",
        "valueString" : "active-tables"
      },
      {
        "url" : "value",
        "valueString" : "true"
      }],
      "url" : "http://hl7.org/fhir/tools/StructureDefinition/ig-parameter"
    },
    {
      "extension" : [{
        "url" : "code",
        "valueString" : "fmm-definition"
      },
      {
        "url" : "value",
        "valueString" : "http://hl7.org/fhir/versions.html#maturity"
      }],
      "url" : "http://hl7.org/fhir/tools/StructureDefinition/ig-parameter"
    },
    {
      "extension" : [{
        "url" : "code",
        "valueString" : "propagate-status"
      },
      {
        "url" : "value",
        "valueString" : "true"
      }],
      "url" : "http://hl7.org/fhir/tools/StructureDefinition/ig-parameter"
    },
    {
      "extension" : [{
        "url" : "code",
        "valueString" : "excludelogbinaryformat"
      },
      {
        "url" : "value",
        "valueString" : "true"
      }],
      "url" : "http://hl7.org/fhir/tools/StructureDefinition/ig-parameter"
    },
    {
      "extension" : [{
        "url" : "code",
        "valueString" : "tabbed-snapshots"
      },
      {
        "url" : "value",
        "valueString" : "true"
      }],
      "url" : "http://hl7.org/fhir/tools/StructureDefinition/ig-parameter"
    },
    {
      "url" : "http://hl7.org/fhir/tools/StructureDefinition/ig-internal-dependency",
      "valueCode" : "hl7.fhir.uv.tools.r4#0.3.0"
    },
    {
      "extension" : [{
        "url" : "code",
        "valueCode" : "copyrightyear"
      },
      {
        "url" : "value",
        "valueString" : "2024+"
      }],
      "url" : "http://hl7.org/fhir/tools/StructureDefinition/ig-parameter"
    },
    {
      "extension" : [{
        "url" : "code",
        "valueCode" : "releaselabel"
      },
      {
        "url" : "value",
        "valueString" : "ci-build"
      }],
      "url" : "http://hl7.org/fhir/tools/StructureDefinition/ig-parameter"
    },
    {
      "extension" : [{
        "url" : "code",
        "valueCode" : "path-expansion-params"
      },
      {
        "url" : "value",
        "valueString" : "../../input/_resources/terminology-settings.json"
      }],
      "url" : "http://hl7.org/fhir/tools/StructureDefinition/ig-parameter"
    },
    {
      "extension" : [{
        "url" : "code",
        "valueCode" : "show-inherited-invariants"
      },
      {
        "url" : "value",
        "valueString" : "false"
      }],
      "url" : "http://hl7.org/fhir/tools/StructureDefinition/ig-parameter"
    },
    {
      "extension" : [{
        "url" : "code",
        "valueCode" : "apply-jurisdiction"
      },
      {
        "url" : "value",
        "valueString" : "true"
      }],
      "url" : "http://hl7.org/fhir/tools/StructureDefinition/ig-parameter"
    },
    {
      "extension" : [{
        "url" : "code",
        "valueCode" : "apply-publisher"
      },
      {
        "url" : "value",
        "valueString" : "true"
      }],
      "url" : "http://hl7.org/fhir/tools/StructureDefinition/ig-parameter"
    },
    {
      "extension" : [{
        "url" : "code",
        "valueCode" : "path-liquid"
      },
      {
        "url" : "value",
        "valueString" : "templates/liquid"
      }],
      "url" : "http://hl7.org/fhir/tools/StructureDefinition/ig-parameter"
    },
    {
      "extension" : [{
        "url" : "code",
        "valueCode" : "path-history"
      },
      {
        "url" : "value",
        "valueString" : "http://hl7.org/fhir/us/pco/history.html"
      }],
      "url" : "http://hl7.org/fhir/tools/StructureDefinition/ig-parameter"
    },
    {
      "extension" : [{
        "url" : "code",
        "valueCode" : "autoload-resources"
      },
      {
        "url" : "value",
        "valueString" : "true"
      }],
      "url" : "http://hl7.org/fhir/tools/StructureDefinition/ig-parameter"
    },
    {
      "extension" : [{
        "url" : "code",
        "valueCode" : "path-liquid"
      },
      {
        "url" : "value",
        "valueString" : "template/liquid"
      }],
      "url" : "http://hl7.org/fhir/tools/StructureDefinition/ig-parameter"
    },
    {
      "extension" : [{
        "url" : "code",
        "valueCode" : "path-liquid"
      },
      {
        "url" : "value",
        "valueString" : "input/liquid"
      }],
      "url" : "http://hl7.org/fhir/tools/StructureDefinition/ig-parameter"
    },
    {
      "extension" : [{
        "url" : "code",
        "valueCode" : "path-qa"
      },
      {
        "url" : "value",
        "valueString" : "temp/qa"
      }],
      "url" : "http://hl7.org/fhir/tools/StructureDefinition/ig-parameter"
    },
    {
      "extension" : [{
        "url" : "code",
        "valueCode" : "path-temp"
      },
      {
        "url" : "value",
        "valueString" : "temp/pages"
      }],
      "url" : "http://hl7.org/fhir/tools/StructureDefinition/ig-parameter"
    },
    {
      "extension" : [{
        "url" : "code",
        "valueCode" : "path-output"
      },
      {
        "url" : "value",
        "valueString" : "output"
      }],
      "url" : "http://hl7.org/fhir/tools/StructureDefinition/ig-parameter"
    },
    {
      "extension" : [{
        "url" : "code",
        "valueCode" : "path-suppressed-warnings"
      },
      {
        "url" : "value",
        "valueString" : "input/ignoreWarnings.txt"
      }],
      "url" : "http://hl7.org/fhir/tools/StructureDefinition/ig-parameter"
    },
    {
      "extension" : [{
        "url" : "code",
        "valueCode" : "template-html"
      },
      {
        "url" : "value",
        "valueString" : "template-page.html"
      }],
      "url" : "http://hl7.org/fhir/tools/StructureDefinition/ig-parameter"
    },
    {
      "extension" : [{
        "url" : "code",
        "valueCode" : "template-md"
      },
      {
        "url" : "value",
        "valueString" : "template-page-md.html"
      }],
      "url" : "http://hl7.org/fhir/tools/StructureDefinition/ig-parameter"
    },
    {
      "extension" : [{
        "url" : "code",
        "valueCode" : "apply-contact"
      },
      {
        "url" : "value",
        "valueString" : "true"
      }],
      "url" : "http://hl7.org/fhir/tools/StructureDefinition/ig-parameter"
    },
    {
      "extension" : [{
        "url" : "code",
        "valueCode" : "apply-context"
      },
      {
        "url" : "value",
        "valueString" : "true"
      }],
      "url" : "http://hl7.org/fhir/tools/StructureDefinition/ig-parameter"
    },
    {
      "extension" : [{
        "url" : "code",
        "valueCode" : "apply-copyright"
      },
      {
        "url" : "value",
        "valueString" : "true"
      }],
      "url" : "http://hl7.org/fhir/tools/StructureDefinition/ig-parameter"
    },
    {
      "extension" : [{
        "url" : "code",
        "valueCode" : "apply-license"
      },
      {
        "url" : "value",
        "valueString" : "true"
      }],
      "url" : "http://hl7.org/fhir/tools/StructureDefinition/ig-parameter"
    },
    {
      "extension" : [{
        "url" : "code",
        "valueCode" : "apply-version"
      },
      {
        "url" : "value",
        "valueString" : "true"
      }],
      "url" : "http://hl7.org/fhir/tools/StructureDefinition/ig-parameter"
    },
    {
      "extension" : [{
        "url" : "code",
        "valueCode" : "apply-wg"
      },
      {
        "url" : "value",
        "valueString" : "true"
      }],
      "url" : "http://hl7.org/fhir/tools/StructureDefinition/ig-parameter"
    },
    {
      "extension" : [{
        "url" : "code",
        "valueCode" : "active-tables"
      },
      {
        "url" : "value",
        "valueString" : "true"
      }],
      "url" : "http://hl7.org/fhir/tools/StructureDefinition/ig-parameter"
    },
    {
      "extension" : [{
        "url" : "code",
        "valueCode" : "fmm-definition"
      },
      {
        "url" : "value",
        "valueString" : "http://hl7.org/fhir/versions.html#maturity"
      }],
      "url" : "http://hl7.org/fhir/tools/StructureDefinition/ig-parameter"
    },
    {
      "extension" : [{
        "url" : "code",
        "valueCode" : "propagate-status"
      },
      {
        "url" : "value",
        "valueString" : "true"
      }],
      "url" : "http://hl7.org/fhir/tools/StructureDefinition/ig-parameter"
    },
    {
      "extension" : [{
        "url" : "code",
        "valueCode" : "excludelogbinaryformat"
      },
      {
        "url" : "value",
        "valueString" : "true"
      }],
      "url" : "http://hl7.org/fhir/tools/StructureDefinition/ig-parameter"
    },
    {
      "extension" : [{
        "url" : "code",
        "valueCode" : "tabbed-snapshots"
      },
      {
        "url" : "value",
        "valueString" : "true"
      }],
      "url" : "http://hl7.org/fhir/tools/StructureDefinition/ig-parameter"
    }],
    "resource" : [{
      "extension" : [{
        "url" : "http://hl7.org/fhir/tools/StructureDefinition/resource-information",
        "valueString" : "CarePlan"
      }],
      "reference" : {
        "reference" : "CarePlan/pcoAnxietyCarePlanExample"
      },
      "name" : "Care Plan for PCO Anxiety Goal",
      "description" : "Care Plan for a person-centered goal using a PROM score measure.",
      "exampleCanonical" : "http://hl7.org/fhir/us/pco/StructureDefinition/pco-care-plan"
    },
    {
      "extension" : [{
        "url" : "http://hl7.org/fhir/tools/StructureDefinition/resource-information",
        "valueString" : "CarePlan"
      }],
      "reference" : {
        "reference" : "CarePlan/pcoPhyicalFunctionCarePlanExample"
      },
      "name" : "Care Plan for person-centered goal",
      "description" : "Care Plan for a person-centered goal with action steps for achieving what matters most to that person.",
      "exampleCanonical" : "http://hl7.org/fhir/us/pco/StructureDefinition/pco-care-plan"
    },
    {
      "extension" : [{
        "url" : "http://hl7.org/fhir/tools/StructureDefinition/resource-information",
        "valueString" : "ServiceRequest"
      }],
      "reference" : {
        "reference" : "ServiceRequest/pcoMindfulnessSupportProgram"
      },
      "name" : "Care Plan: Action step for mindfulness program",
      "description" : "Care Plan activity: Mindfulness coaching to support anxiety management",
      "exampleBoolean" : true
    },
    {
      "extension" : [{
        "url" : "http://hl7.org/fhir/tools/StructureDefinition/resource-information",
        "valueString" : "MedicationRequest"
      }],
      "reference" : {
        "reference" : "MedicationRequest/pcoAntiInflammatoryMedication"
      },
      "name" : "Care Plan: Anti-Inflammatory Medication",
      "description" : "Care Plan activity: Anti-inflammatory gel for knee pain to enable walking",
      "exampleBoolean" : true
    },
    {
      "extension" : [{
        "url" : "http://hl7.org/fhir/tools/StructureDefinition/resource-information",
        "valueString" : "ServiceRequest"
      }],
      "reference" : {
        "reference" : "ServiceRequest/pcoPhysicalTherapyReferral"
      },
      "name" : "Care Plan: Clinical action step a patient",
      "description" : "Care Plan activity: Physical therapy to relieve pain related to walking",
      "exampleBoolean" : true
    },
    {
      "extension" : [{
        "url" : "http://hl7.org/fhir/tools/StructureDefinition/resource-information",
        "valueString" : "ServiceRequest"
      }],
      "reference" : {
        "reference" : "ServiceRequest/pcoWalkOutsideActionStep"
      },
      "name" : "Care Plan: Personal action step",
      "description" : "Care Plan activity: Initial personal action step toward goal of walking dog outside",
      "exampleBoolean" : true
    },
    {
      "extension" : [{
        "url" : "http://hl7.org/fhir/tools/StructureDefinition/resource-information",
        "valueString" : "StructureDefinition:resource"
      }],
      "reference" : {
        "reference" : "StructureDefinition/pco-care-tradeoff"
      },
      "name" : "Care Trade-off Assessment",
      "description" : "Assessment observation about a care trade-off that is helpful or burdensome (difficult, uncomfortable, or unhelpful).",
      "exampleBoolean" : false
    },
    {
      "extension" : [{
        "url" : "http://hl7.org/fhir/tools/StructureDefinition/resource-information",
        "valueString" : "CodeSystem"
      }],
      "reference" : {
        "reference" : "CodeSystem/pco-care-tradeoff-choice-codes"
      },
      "name" : "Care Trade-off Choice Codes",
      "description" : "Code system to identify care trade-off choices.",
      "exampleBoolean" : false
    },
    {
      "extension" : [{
        "url" : "http://hl7.org/fhir/tools/StructureDefinition/resource-information",
        "valueString" : "ValueSet"
      }],
      "reference" : {
        "reference" : "ValueSet/pco-care-tradeoff-choices-vs"
      },
      "name" : "Care Trade-off Choices",
      "description" : "Options for a care trade-off.",
      "exampleBoolean" : false
    },
    {
      "extension" : [{
        "url" : "http://hl7.org/fhir/tools/StructureDefinition/resource-information",
        "valueString" : "ValueSet"
      }],
      "reference" : {
        "reference" : "ValueSet/pco-care-tradeoff-types-example-vs"
      },
      "name" : "Care Trade-off Types Example",
      "description" : "Example value set containing types of care trade-off.",
      "exampleBoolean" : false
    },
    {
      "extension" : [{
        "url" : "http://hl7.org/fhir/tools/StructureDefinition/resource-information",
        "valueString" : "Observation"
      }],
      "reference" : {
        "reference" : "Observation/pcoCareTradeOffHelpfulExercising"
      },
      "name" : "Care Trade-Off: Exercising",
      "description" : "Care Trade-off that is helpful",
      "exampleCanonical" : "http://hl7.org/fhir/us/pco/StructureDefinition/pco-care-tradeoff"
    },
    {
      "extension" : [{
        "url" : "http://hl7.org/fhir/tools/StructureDefinition/resource-information",
        "valueString" : "Observation"
      }],
      "reference" : {
        "reference" : "Observation/pcoCareTradeOffBurdensomeWaterPill"
      },
      "name" : "Care Trade-Off: Water pill",
      "description" : "Care Trade-off that is burdensome",
      "exampleCanonical" : "http://hl7.org/fhir/us/pco/StructureDefinition/pco-care-tradeoff"
    },
    {
      "extension" : [{
        "url" : "http://hl7.org/fhir/tools/StructureDefinition/resource-information",
        "valueString" : "Device"
      }],
      "reference" : {
        "reference" : "Device/cqf-tooling"
      },
      "name" : "cqf-tooling",
      "exampleBoolean" : false
    },
    {
      "extension" : [{
        "url" : "http://hl7.org/fhir/tools/StructureDefinition/resource-information",
        "valueString" : "Library"
      }],
      "reference" : {
        "reference" : "Library/FHIRHelpers"
      },
      "name" : "FHIRHelpers",
      "exampleBoolean" : false
    },
    {
      "extension" : [{
        "url" : "http://hl7.org/fhir/tools/StructureDefinition/resource-information",
        "valueString" : "ValueSet"
      }],
      "reference" : {
        "reference" : "ValueSet/gas-score-answers"
      },
      "name" : "Follow-Up GAS Score Answers",
      "description" : "The progress rating on goal attainment scaling.",
      "exampleBoolean" : false
    },
    {
      "extension" : [{
        "url" : "http://hl7.org/fhir/tools/StructureDefinition/resource-information",
        "valueString" : "Observation"
      }],
      "reference" : {
        "reference" : "Observation/pcoPROMScoreAnxietyExample"
      },
      "name" : "GAD-7 PROM Follow-up Score",
      "description" : "Follow-up GAD-7 PROM score observation recorded by a Patient showing goal progress.",
      "exampleCanonical" : "http://hl7.org/fhir/us/pco/StructureDefinition/pco-prom-score-observation"
    },
    {
      "extension" : [{
        "url" : "http://hl7.org/fhir/tools/StructureDefinition/resource-information",
        "valueString" : "Observation"
      }],
      "reference" : {
        "reference" : "Observation/pcoGASScoreBaselineExample"
      },
      "name" : "GAS Baseline Score",
      "description" : "Baseline GAS score observation at start of goal.",
      "exampleCanonical" : "http://hl7.org/fhir/us/pco/StructureDefinition/pco-gas-score-observation"
    },
    {
      "extension" : [{
        "url" : "http://hl7.org/fhir/tools/StructureDefinition/resource-information",
        "valueString" : "Questionnaire"
      }],
      "reference" : {
        "reference" : "Questionnaire/69737-5"
      },
      "name" : "Generalized anxiety disorder 7 item",
      "exampleBoolean" : false
    },
    {
      "extension" : [{
        "url" : "http://hl7.org/fhir/tools/StructureDefinition/resource-information",
        "valueString" : "ValueSet"
      }],
      "reference" : {
        "reference" : "ValueSet/goal-attainment-scaling-score"
      },
      "name" : "Goal Attainment Scaling (GAS) Score",
      "description" : "The score indicates how a patient, caregiver, or practitioner rated progress on goal attainment scaling.",
      "exampleBoolean" : false
    },
    {
      "extension" : [{
        "url" : "http://hl7.org/fhir/tools/StructureDefinition/resource-information",
        "valueString" : "StructureDefinition:resource"
      }],
      "reference" : {
        "reference" : "StructureDefinition/pco-gas-score-observation"
      },
      "name" : "Goal Attainment Scaling (GAS) score observation",
      "description" : "The follow-up score indicates how a patient, caregiver, or practitioner rated progress on goal attainment scaling.",
      "exampleBoolean" : false
    },
    {
      "extension" : [{
        "url" : "http://hl7.org/fhir/tools/StructureDefinition/resource-information",
        "valueString" : "StructureDefinition:extension"
      }],
      "reference" : {
        "reference" : "StructureDefinition/pco-goal-attainment-scaling"
      },
      "name" : "Goal Attainment Scaling Extension",
      "description" : "Goal Attainment Scaling (GAS) is an extension used to specify five levels of attainment for a person-centered goal.",
      "exampleBoolean" : false
    },
    {
      "extension" : [{
        "url" : "http://hl7.org/fhir/tools/StructureDefinition/resource-information",
        "valueString" : "ValueSet"
      }],
      "reference" : {
        "reference" : "ValueSet/goal-barrier-codes"
      },
      "name" : "Goal Barrier Assessment Codes",
      "description" : "Terminology codes for goal barrier assessment",
      "exampleBoolean" : false
    },
    {
      "extension" : [{
        "url" : "http://hl7.org/fhir/tools/StructureDefinition/resource-information",
        "valueString" : "ValueSet"
      }],
      "reference" : {
        "reference" : "ValueSet/pco-goal-barrier-types-example-vs"
      },
      "name" : "Goal Barrier Types Example",
      "description" : "Example value set containing types of goal barriers.",
      "exampleBoolean" : false
    },
    {
      "extension" : [{
        "url" : "http://hl7.org/fhir/tools/StructureDefinition/resource-information",
        "valueString" : "Observation"
      }],
      "reference" : {
        "reference" : "Observation/pcoBarrierDiabeticDiet"
      },
      "name" : "Goal Barrier: Diabetic diet (other)",
      "description" : "Barrier with a free-text description",
      "exampleCanonical" : "http://hl7.org/fhir/us/pco/StructureDefinition/pco-goal-barrier"
    },
    {
      "extension" : [{
        "url" : "http://hl7.org/fhir/tools/StructureDefinition/resource-information",
        "valueString" : "Observation"
      }],
      "reference" : {
        "reference" : "Observation/pcoBarrierUrinaryIncontinence"
      },
      "name" : "Goal Barrier: Urinary incontinence",
      "description" : "Barrier for goal achievement",
      "exampleCanonical" : "http://hl7.org/fhir/us/pco/StructureDefinition/pco-goal-barrier"
    },
    {
      "extension" : [{
        "url" : "http://hl7.org/fhir/tools/StructureDefinition/resource-information",
        "valueString" : "Goal"
      }],
      "reference" : {
        "reference" : "Goal/pcoGoalAnxietyExample"
      },
      "name" : "Goal for GAD-7 PROM Outcome",
      "description" : "Person-centered goal with a PROM outcome target for GAD-7 score.",
      "exampleCanonical" : "http://hl7.org/fhir/us/pco/StructureDefinition/pco-prom-goal-profile"
    },
    {
      "extension" : [{
        "url" : "http://hl7.org/fhir/tools/StructureDefinition/resource-information",
        "valueString" : "Goal"
      }],
      "reference" : {
        "reference" : "Goal/pcoGoalWalkDogExample"
      },
      "name" : "Goal with GAS",
      "description" : "Person-centered goal with attainment scaling extensions",
      "exampleCanonical" : "http://hl7.org/fhir/us/pco/StructureDefinition/pco-gas-goal-profile"
    },
    {
      "extension" : [{
        "url" : "http://hl7.org/fhir/tools/StructureDefinition/resource-information",
        "valueString" : "Goal"
      }],
      "reference" : {
        "reference" : "Goal/pcoGoalWalkDogExampleWithoutExtensions"
      },
      "name" : "Goal without GAS Extensions",
      "description" : "Person-centered goal with GAS target measure and without GAS extensions",
      "exampleCanonical" : "http://hl7.org/fhir/us/pco/StructureDefinition/pco-gas-goal-profile"
    },
    {
      "extension" : [{
        "url" : "http://hl7.org/fhir/tools/StructureDefinition/resource-information",
        "valueString" : "Goal"
      }],
      "reference" : {
        "reference" : "Goal/pcoGoalPainLevelExample"
      },
      "name" : "Goal without GAS or PROM",
      "description" : "Person-centered goal without attainment scaling or PROM",
      "exampleCanonical" : "http://hl7.org/fhir/us/pco/StructureDefinition/pco-goal-profile"
    },
    {
      "extension" : [{
        "url" : "http://hl7.org/fhir/tools/StructureDefinition/resource-information",
        "valueString" : "Library"
      }],
      "reference" : {
        "reference" : "Library/GoalAttainmentLogic"
      },
      "name" : "GoalAttainmentLogic",
      "exampleBoolean" : false
    },
    {
      "extension" : [{
        "url" : "http://hl7.org/fhir/tools/StructureDefinition/resource-information",
        "valueString" : "Library"
      }],
      "reference" : {
        "reference" : "Library/GoalFollowUpMeasure"
      },
      "name" : "GoalFollowUpMeasure",
      "exampleBoolean" : false
    },
    {
      "extension" : [{
        "url" : "http://hl7.org/fhir/tools/StructureDefinition/resource-information",
        "valueString" : "Library"
      }],
      "reference" : {
        "reference" : "Library/GoalIdentificationMeasure"
      },
      "name" : "GoalIdentificationMeasure",
      "exampleBoolean" : false
    },
    {
      "extension" : [{
        "url" : "http://hl7.org/fhir/tools/StructureDefinition/resource-information",
        "valueString" : "Practitioner"
      }],
      "reference" : {
        "reference" : "Practitioner/pcoPractitionerGonzalez"
      },
      "name" : "Health & Wellness Coach",
      "description" : "Maria Gonzalez, NBC-HWC",
      "exampleBoolean" : true
    },
    {
      "extension" : [{
        "url" : "http://hl7.org/fhir/tools/StructureDefinition/resource-information",
        "valueString" : "Patient"
      }],
      "reference" : {
        "reference" : "Patient/pcoPatientLopez"
      },
      "name" : "Patient Camila Lopez",
      "description" : "Camila Lopez",
      "exampleBoolean" : true
    },
    {
      "extension" : [{
        "url" : "http://hl7.org/fhir/tools/StructureDefinition/resource-information",
        "valueString" : "Patient"
      }],
      "reference" : {
        "reference" : "Patient/pcoPatientJones"
      },
      "name" : "Patient Dorothy Jones",
      "description" : "Dorothy Jones",
      "exampleBoolean" : true
    },
    {
      "extension" : [{
        "url" : "http://hl7.org/fhir/tools/StructureDefinition/resource-information",
        "valueString" : "Observation"
      }],
      "reference" : {
        "reference" : "Observation/pcoGASScorePatientFollowupExample"
      },
      "name" : "Patient GAS Follow-up Score",
      "description" : "Follow-up GAS score observation recorded by a Patient showing goal progress.",
      "exampleCanonical" : "http://hl7.org/fhir/us/pco/StructureDefinition/pco-gas-score-observation"
    },
    {
      "extension" : [{
        "url" : "http://hl7.org/fhir/tools/StructureDefinition/resource-information",
        "valueString" : "StructureDefinition:resource"
      }],
      "reference" : {
        "reference" : "StructureDefinition/pco-prom-score-observation"
      },
      "name" : "Patient-Reported Outcome Measure (PROM) score observation",
      "description" : "This observation records how a patient's progress score is rated using a PROM assessment.",
      "exampleBoolean" : false
    },
    {
      "extension" : [{
        "url" : "http://hl7.org/fhir/tools/StructureDefinition/resource-information",
        "valueString" : "ValueSet"
      }],
      "reference" : {
        "reference" : "ValueSet/pco-goal-domains-example-vs"
      },
      "name" : "PCO Goal Domain Categories Example",
      "description" : "Example value set to identify the goal domains category for PCO resources.",
      "exampleBoolean" : false
    },
    {
      "extension" : [{
        "url" : "http://hl7.org/fhir/tools/StructureDefinition/resource-information",
        "valueString" : "CodeSystem"
      }],
      "reference" : {
        "reference" : "CodeSystem/pco-goal-domains"
      },
      "name" : "PCO Goal Domains",
      "description" : "Goal domain codes used to identify the category for PCO resources.",
      "exampleBoolean" : false
    },
    {
      "extension" : [{
        "url" : "http://hl7.org/fhir/tools/StructureDefinition/resource-information",
        "valueString" : "Library"
      }],
      "reference" : {
        "reference" : "Library/PCOCommon"
      },
      "name" : "PCOCommon",
      "exampleBoolean" : false
    },
    {
      "extension" : [{
        "url" : "http://hl7.org/fhir/tools/StructureDefinition/resource-information",
        "valueString" : "StructureDefinition:resource"
      }],
      "reference" : {
        "reference" : "StructureDefinition/pco-care-plan"
      },
      "name" : "Person-Centered Care Plan",
      "description" : "A person-centered care plan SHALL reference a person-centered goal and SHALL include action steps that support progress toward achievement of the plan's goals and desired outcomes. A plan SHOULD address the person's stated priorities for what matters most to them. Action steps may include both treatment procedures and self-care steps identified by the person.",
      "exampleBoolean" : false
    },
    {
      "extension" : [{
        "url" : "http://hl7.org/fhir/tools/StructureDefinition/resource-information",
        "valueString" : "StructureDefinition:resource"
      }],
      "reference" : {
        "reference" : "StructureDefinition/pco-gas-goal-profile"
      },
      "name" : "Person-Centered GAS Goal",
      "description" : "Person-centered goal with goal attainment scaling.",
      "exampleBoolean" : false
    },
    {
      "extension" : [{
        "url" : "http://hl7.org/fhir/tools/StructureDefinition/resource-information",
        "valueString" : "StructureDefinition:resource"
      }],
      "reference" : {
        "reference" : "StructureDefinition/pco-goal-profile"
      },
      "name" : "Person-Centered Goal",
      "description" : "Person-centered goal focused on an individual's well-being. A Person-centered goal SHALL include either a Well-Being category, or address a Well-Being assessment.",
      "exampleBoolean" : false
    },
    {
      "extension" : [{
        "url" : "http://hl7.org/fhir/tools/StructureDefinition/resource-information",
        "valueString" : "StructureDefinition:resource"
      }],
      "reference" : {
        "reference" : "StructureDefinition/pco-goal-barrier"
      },
      "name" : "Person-Centered Goal Barrier",
      "description" : "Assessment observation about a barrier, bothersome symptom or health concern that interferes with goal achievement.",
      "exampleBoolean" : false
    },
    {
      "extension" : [{
        "url" : "http://hl7.org/fhir/tools/StructureDefinition/resource-information",
        "valueString" : "Measure"
      }],
      "reference" : {
        "reference" : "Measure/GoalFollowUpMeasure"
      },
      "name" : "Person-Centered Goal Follow-Up",
      "description" : "Measure 2 - Goal Follow-up: % of individuals 18 years of age or older with a complex care need who received follow-up on their PCO goal within two weeks to six months of when the PCO goal and GAS or PROM were identified.",
      "exampleBoolean" : false
    },
    {
      "extension" : [{
        "url" : "http://hl7.org/fhir/tools/StructureDefinition/resource-information",
        "valueString" : "Measure"
      }],
      "reference" : {
        "reference" : "Measure/GoalIdentificationMeasure"
      },
      "name" : "Person-Centered Goal Identification",
      "description" : "Measure 1 - Goal Identification: % of individuals 18 years of age and older with a complex care need who had a PCO goal identified resulting in completion of goal attainment scaling (GAS) or a Patient-Reported Outcome Measure (PROM) and development of an action plan.",
      "exampleBoolean" : false
    },
    {
      "extension" : [{
        "url" : "http://hl7.org/fhir/tools/StructureDefinition/resource-information",
        "valueString" : "StructureDefinition:resource"
      }],
      "reference" : {
        "reference" : "StructureDefinition/pco-prom-goal-profile"
      },
      "name" : "Person-Centered PROM Goal",
      "description" : "Person-centered goal with a Patient-Reported Outcome Measure (PROM) score target.",
      "exampleBoolean" : false
    },
    {
      "extension" : [{
        "url" : "http://hl7.org/fhir/tools/StructureDefinition/resource-information",
        "valueString" : "List"
      }],
      "reference" : {
        "reference" : "List/pcoPrioritiesList"
      },
      "name" : "Personal Priorities List",
      "description" : "Patient selecton of the most important items for well-being, goal barrier, and the most bothersome care trade-off",
      "exampleCanonical" : "http://hl7.org/fhir/us/pco/StructureDefinition/pco-personal-priorities-organizer"
    },
    {
      "extension" : [{
        "url" : "http://hl7.org/fhir/tools/StructureDefinition/resource-information",
        "valueString" : "StructureDefinition:resource"
      }],
      "reference" : {
        "reference" : "StructureDefinition/pco-personal-priorities-organizer"
      },
      "name" : "Personal Priorities Organizer",
      "description" : "Personal Priorities Organizer is used to represent a set of person-centered goals, preferences or care experiences in a preferred ranked order.",
      "exampleBoolean" : false
    },
    {
      "extension" : [{
        "url" : "http://hl7.org/fhir/tools/StructureDefinition/resource-information",
        "valueString" : "Questionnaire"
      }],
      "reference" : {
        "reference" : "Questionnaire/44249-1"
      },
      "name" : "PHQ-9 quick depression assessment panel",
      "exampleBoolean" : false
    },
    {
      "extension" : [{
        "url" : "http://hl7.org/fhir/tools/StructureDefinition/resource-information",
        "valueString" : "Observation"
      }],
      "reference" : {
        "reference" : "Observation/pcoGASScorePractitionerFollowupExample"
      },
      "name" : "Practitioner GAS Follow-up Score",
      "description" : "Follow-up GAS score observation recorded by a Practitioner showing goal progress.",
      "exampleCanonical" : "http://hl7.org/fhir/us/pco/StructureDefinition/pco-gas-score-observation"
    },
    {
      "extension" : [{
        "url" : "http://hl7.org/fhir/tools/StructureDefinition/resource-information",
        "valueString" : "Practitioner"
      }],
      "reference" : {
        "reference" : "Practitioner/pcoPractitionerAnderson"
      },
      "name" : "Primary Care Physician",
      "description" : "John Anderson, MD",
      "exampleBoolean" : true
    },
    {
      "extension" : [{
        "url" : "http://hl7.org/fhir/tools/StructureDefinition/resource-information",
        "valueString" : "ValueSet"
      }],
      "reference" : {
        "reference" : "ValueSet/prom-target-measures"
      },
      "name" : "PROM Target Measure Scores",
      "description" : "Target measure score codes used to track progress on patient-reported outcome measures (PROMs).",
      "exampleBoolean" : false
    },
    {
      "extension" : [{
        "url" : "http://hl7.org/fhir/tools/StructureDefinition/resource-information",
        "valueString" : "StructureDefinition:resource"
      }],
      "reference" : {
        "reference" : "StructureDefinition/pco-readiness-assessment"
      },
      "name" : "Readiness Assessment",
      "description" : "Assessment of a person's readiness for change including importance and confidence for making that change.",
      "exampleBoolean" : false
    },
    {
      "extension" : [{
        "url" : "http://hl7.org/fhir/tools/StructureDefinition/resource-information",
        "valueString" : "ValueSet"
      }],
      "reference" : {
        "reference" : "ValueSet/readiness-assessment-codes"
      },
      "name" : "Readiness Assessment Codes",
      "description" : "Terminology codes for readiness assessment types.",
      "exampleBoolean" : false
    },
    {
      "extension" : [{
        "url" : "http://hl7.org/fhir/tools/StructureDefinition/resource-information",
        "valueString" : "CodeSystem"
      }],
      "reference" : {
        "reference" : "CodeSystem/readiness-assessment-concepts"
      },
      "name" : "Readiness Assessment Concepts",
      "description" : "Code system to types of readiness for change.",
      "exampleBoolean" : false
    },
    {
      "extension" : [{
        "url" : "http://hl7.org/fhir/tools/StructureDefinition/resource-information",
        "valueString" : "Observation"
      }],
      "reference" : {
        "reference" : "Observation/pcoReadinessAssessmentPanel"
      },
      "name" : "Readiness Assessment panel",
      "description" : "Readiness assessment with two members",
      "exampleCanonical" : "http://hl7.org/fhir/us/pco/StructureDefinition/pco-readiness-assessment"
    },
    {
      "extension" : [{
        "url" : "http://hl7.org/fhir/tools/StructureDefinition/resource-information",
        "valueString" : "Observation"
      }],
      "reference" : {
        "reference" : "Observation/pcoReadinessAssessmentConfidence"
      },
      "name" : "Readiness Assessment: Confidence",
      "description" : "Readiness assessment of confidence to achieve a goal",
      "exampleCanonical" : "http://hl7.org/fhir/us/pco/StructureDefinition/pco-readiness-assessment"
    },
    {
      "extension" : [{
        "url" : "http://hl7.org/fhir/tools/StructureDefinition/resource-information",
        "valueString" : "Observation"
      }],
      "reference" : {
        "reference" : "Observation/pcoReadinessAssessmentImportance"
      },
      "name" : "Readiness Assessment: Importance",
      "description" : "Readiness assessment of importance for a goal",
      "exampleCanonical" : "http://hl7.org/fhir/us/pco/StructureDefinition/pco-readiness-assessment"
    },
    {
      "extension" : [{
        "url" : "http://hl7.org/fhir/tools/StructureDefinition/resource-information",
        "valueString" : "CodeSystem"
      }],
      "reference" : {
        "reference" : "CodeSystem/va-whole-health-example"
      },
      "name" : "VA Whole Health Concepts",
      "description" : "Code system to identify \"What Matters\" concepts from the VA Whole Health approach and Circle of Health.",
      "exampleBoolean" : false
    },
    {
      "extension" : [{
        "url" : "http://hl7.org/fhir/tools/StructureDefinition/resource-information",
        "valueString" : "StructureDefinition:resource"
      }],
      "reference" : {
        "reference" : "StructureDefinition/pco-well-being-assessment"
      },
      "name" : "Well-Being Assessment",
      "description" : "Assessment observation for one element of a person's well-being, with a free-text description, coded value, or component values rating where a person is now and where they would like to be in the future.",
      "exampleBoolean" : false
    },
    {
      "extension" : [{
        "url" : "http://hl7.org/fhir/tools/StructureDefinition/resource-information",
        "valueString" : "ValueSet"
      }],
      "reference" : {
        "reference" : "ValueSet/well-being-categories"
      },
      "name" : "Well-Being Categories",
      "description" : "Categories for well-being assessment or goals.",
      "exampleBoolean" : false
    },
    {
      "extension" : [{
        "url" : "http://hl7.org/fhir/tools/StructureDefinition/resource-information",
        "valueString" : "CodeSystem"
      }],
      "reference" : {
        "reference" : "CodeSystem/wellbeing-concepts"
      },
      "name" : "Well-Being Concepts",
      "description" : "Code system to identify resource codes and category codes for Well-Being.",
      "exampleBoolean" : false
    },
    {
      "extension" : [{
        "url" : "http://hl7.org/fhir/tools/StructureDefinition/resource-information",
        "valueString" : "ValueSet"
      }],
      "reference" : {
        "reference" : "ValueSet/wellbeing-domains-example"
      },
      "name" : "Well-Being Domains Example",
      "description" : "Example value set containing well-being domains from the VA Circle of Health.",
      "exampleBoolean" : false
    },
    {
      "extension" : [{
        "url" : "http://hl7.org/fhir/tools/StructureDefinition/resource-information",
        "valueString" : "StructureDefinition:resource"
      }],
      "reference" : {
        "reference" : "StructureDefinition/pco-well-being-priority"
      },
      "name" : "Well-Being Priority",
      "description" : "Assessment observation for one element of a person's well-being, with a boolean value indicating whether this is a current priority.",
      "exampleBoolean" : false
    },
    {
      "extension" : [{
        "url" : "http://hl7.org/fhir/tools/StructureDefinition/resource-information",
        "valueString" : "Observation"
      }],
      "reference" : {
        "reference" : "Observation/pcoWellBeingPriorityExample"
      },
      "name" : "What Matters Priority: Moving the Body",
      "description" : "What Matters observation recorded by a Patient to indicate their priority for well-being.",
      "exampleCanonical" : "http://hl7.org/fhir/us/pco/StructureDefinition/pco-well-being-priority"
    },
    {
      "extension" : [{
        "url" : "http://hl7.org/fhir/tools/StructureDefinition/resource-information",
        "valueString" : "Observation"
      }],
      "reference" : {
        "reference" : "Observation/pcoWhatMattersStatementExample"
      },
      "name" : "What Matters Statement: Family & Friends",
      "description" : "What Matters observation added by a Patient to record a free-text statement about a well-being focus area.",
      "exampleCanonical" : "http://hl7.org/fhir/us/pco/StructureDefinition/pco-well-being-assessment"
    },
    {
      "extension" : [{
        "url" : "http://hl7.org/fhir/tools/StructureDefinition/resource-information",
        "valueString" : "Observation"
      }],
      "reference" : {
        "reference" : "Observation/pcoWhatMattersRelationshipsExample"
      },
      "name" : "What Matters: Family & Friends",
      "description" : "What Matters assessment observation recorded by a Patient as preparation for creating PCO goals and CarePlan action steps.",
      "exampleCanonical" : "http://hl7.org/fhir/us/pco/StructureDefinition/pco-well-being-assessment"
    },
    {
      "extension" : [{
        "url" : "http://hl7.org/fhir/tools/StructureDefinition/resource-information",
        "valueString" : "Observation"
      }],
      "reference" : {
        "reference" : "Observation/pcoWhatMattersBodyExample"
      },
      "name" : "What Matters: Moving the Body",
      "description" : "What Matters assessment observation recorded by a Patient as preparation for creating PCO goals and CarePlan action steps.",
      "exampleCanonical" : "http://hl7.org/fhir/us/pco/StructureDefinition/pco-well-being-assessment"
    },
    {
      "extension" : [{
        "url" : "http://hl7.org/fhir/tools/StructureDefinition/resource-information",
        "valueString" : "Library"
      }],
      "reference" : {
        "reference" : "Library/WhatMattersLogic"
      },
      "name" : "WhatMattersLogic",
      "exampleBoolean" : false
    }],
    "page" : {
      "extension" : [{
        "url" : "http://hl7.org/fhir/tools/StructureDefinition/ig-page-name",
        "valueUrl" : "toc.html"
      }],
      "nameUrl" : "toc.html",
      "title" : "Table of Contents",
      "generation" : "html",
      "page" : [{
        "extension" : [{
          "url" : "http://hl7.org/fhir/tools/StructureDefinition/ig-page-name",
          "valueUrl" : "index.html"
        }],
        "nameUrl" : "index.html",
        "title" : "Home",
        "generation" : "markdown"
      },
      {
        "extension" : [{
          "url" : "http://hl7.org/fhir/tools/StructureDefinition/ig-page-name",
          "valueUrl" : "downloads.html"
        }],
        "nameUrl" : "downloads.html",
        "title" : "Downloads",
        "generation" : "markdown"
      },
      {
        "extension" : [{
          "url" : "http://hl7.org/fhir/tools/StructureDefinition/ig-page-name",
          "valueUrl" : "feedback.html"
        }],
        "nameUrl" : "feedback.html",
        "title" : "Feedback",
        "generation" : "markdown"
      },
      {
        "extension" : [{
          "url" : "http://hl7.org/fhir/tools/StructureDefinition/ig-page-name",
          "valueUrl" : "formal_specification.html"
        }],
        "nameUrl" : "formal_specification.html",
        "title" : "Formal Specification",
        "generation" : "markdown"
      },
      {
        "extension" : [{
          "url" : "http://hl7.org/fhir/tools/StructureDefinition/ig-page-name",
          "valueUrl" : "gas-examples.html"
        }],
        "nameUrl" : "gas-examples.html",
        "title" : "Gas Examples",
        "generation" : "markdown"
      },
      {
        "extension" : [{
          "url" : "http://hl7.org/fhir/tools/StructureDefinition/ig-page-name",
          "valueUrl" : "gas-examples-one-table.html"
        }],
        "nameUrl" : "gas-examples-one-table.html",
        "title" : "Gas Examples One Table",
        "generation" : "markdown"
      },
      {
        "extension" : [{
          "url" : "http://hl7.org/fhir/tools/StructureDefinition/ig-page-name",
          "valueUrl" : "underlying_technologies.html"
        }],
        "nameUrl" : "underlying_technologies.html",
        "title" : "Underlying Technologies",
        "generation" : "markdown"
      },
      {
        "extension" : [{
          "url" : "http://hl7.org/fhir/tools/StructureDefinition/ig-page-name",
          "valueUrl" : "use_cases.html"
        }],
        "nameUrl" : "use_cases.html",
        "title" : "Use Cases",
        "generation" : "markdown"
      },
      {
        "extension" : [{
          "url" : "http://hl7.org/fhir/tools/StructureDefinition/ig-page-name",
          "valueUrl" : "user_stories.html"
        }],
        "nameUrl" : "user_stories.html",
        "title" : "User Stories",
        "generation" : "markdown"
      },
      {
        "extension" : [{
          "url" : "http://hl7.org/fhir/tools/StructureDefinition/ig-page-name",
          "valueUrl" : "wellbeing-domains.html"
        }],
        "nameUrl" : "wellbeing-domains.html",
        "title" : "Wellbeing Domains",
        "generation" : "markdown"
      },
      {
        "extension" : [{
          "url" : "http://hl7.org/fhir/tools/StructureDefinition/ig-page-name",
          "valueUrl" : "what_matters_ppc.html"
        }],
        "nameUrl" : "what_matters_ppc.html",
        "title" : "What Matters Ppc",
        "generation" : "markdown"
      },
      {
        "extension" : [{
          "url" : "http://hl7.org/fhir/tools/StructureDefinition/ig-page-name",
          "valueUrl" : "what_matters_va.html"
        }],
        "nameUrl" : "what_matters_va.html",
        "title" : "What Matters Va",
        "generation" : "markdown"
      }]
    },
    "parameter" : [{
      "code" : "path-resource",
      "value" : "input/resources/device"
    },
    {
      "code" : "path-resource",
      "value" : "input/resources/library"
    },
    {
      "code" : "path-resource",
      "value" : "input/resources/measure"
    },
    {
      "code" : "path-resource",
      "value" : "input/resources/questionnaire"
    },
    {
      "code" : "path-resource",
      "value" : "input/capabilities"
    },
    {
      "code" : "path-resource",
      "value" : "input/examples"
    },
    {
      "code" : "path-resource",
      "value" : "input/extensions"
    },
    {
      "code" : "path-resource",
      "value" : "input/models"
    },
    {
      "code" : "path-resource",
      "value" : "input/operations"
    },
    {
      "code" : "path-resource",
      "value" : "input/profiles"
    },
    {
      "code" : "path-resource",
      "value" : "input/resources"
    },
    {
      "code" : "path-resource",
      "value" : "input/vocabulary"
    },
    {
      "code" : "path-resource",
      "value" : "input/testing"
    },
    {
      "code" : "path-resource",
      "value" : "input/history"
    },
    {
      "code" : "path-resource",
      "value" : "fsh-generated/resources"
    },
    {
      "code" : "path-pages",
      "value" : "template/config"
    },
    {
      "code" : "path-pages",
      "value" : "input/images"
    },
    {
      "code" : "path-tx-cache",
      "value" : "input-cache/txcache"
    }]
  }
}