{
   "library" : {
      "localId" : "0",
      "annotation" : [ {
         "translatorVersion" : "3.10.0",
         "translatorOptions" : "EnableAnnotations,EnableLocators,DisableListDemotion,DisableListPromotion",
         "signatureLevel" : "Overloads",
         "type" : "CqlToElmInfo"
      }, {
         "type" : "Annotation",
         "s" : {
            "r" : "274",
            "s" : [ {
               "value" : [ "","library GoalIdentificationMeasure version '0.1.0'" ]
            } ]
         }
      } ],
      "identifier" : {
         "id" : "GoalIdentificationMeasure",
         "system" : "http://mtnlotus.com/uv/pco",
         "version" : "0.1.0"
      },
      "schemaIdentifier" : {
         "id" : "urn:hl7-org:elm",
         "version" : "r1"
      },
      "usings" : {
         "def" : [ {
            "localId" : "1",
            "localIdentifier" : "System",
            "uri" : "urn:hl7-org:elm-types:r1"
         }, {
            "localId" : "206",
            "locator" : "3:1-3:26",
            "localIdentifier" : "FHIR",
            "uri" : "http://hl7.org/fhir",
            "version" : "4.0.1",
            "annotation" : [ {
               "type" : "Annotation",
               "s" : {
                  "r" : "206",
                  "s" : [ {
                     "value" : [ "","using " ]
                  }, {
                     "s" : [ {
                        "value" : [ "FHIR" ]
                     } ]
                  }, {
                     "value" : [ " version '4.0.1'" ]
                  } ]
               }
            } ]
         } ]
      },
      "includes" : {
         "def" : [ {
            "localId" : "207",
            "locator" : "5:1-5:56",
            "localIdentifier" : "FHIRHelpers",
            "path" : "http://mtnlotus.com/uv/pco/FHIRHelpers",
            "version" : "4.4.000",
            "annotation" : [ {
               "type" : "Annotation",
               "s" : {
                  "r" : "207",
                  "s" : [ {
                     "value" : [ "","include " ]
                  }, {
                     "s" : [ {
                        "value" : [ "FHIRHelpers" ]
                     } ]
                  }, {
                     "value" : [ " version ","'4.4.000'"," called ","FHIRHelpers" ]
                  } ]
               }
            } ]
         }, {
            "localId" : "208",
            "locator" : "6:1-6:43",
            "localIdentifier" : "PC",
            "path" : "http://mtnlotus.com/uv/pco/PCOCommon",
            "version" : "0.1.0",
            "annotation" : [ {
               "type" : "Annotation",
               "s" : {
                  "r" : "208",
                  "s" : [ {
                     "value" : [ "","include " ]
                  }, {
                     "s" : [ {
                        "value" : [ "PCOCommon" ]
                     } ]
                  }, {
                     "value" : [ " version ","'0.1.0'"," called ","PC" ]
                  } ]
               }
            } ]
         }, {
            "localId" : "209",
            "locator" : "7:1-7:54",
            "localIdentifier" : "GAS",
            "path" : "http://mtnlotus.com/uv/pco/GoalAttainmentLogic",
            "version" : "0.1.0",
            "annotation" : [ {
               "type" : "Annotation",
               "s" : {
                  "r" : "209",
                  "s" : [ {
                     "value" : [ "","include " ]
                  }, {
                     "s" : [ {
                        "value" : [ "GoalAttainmentLogic" ]
                     } ]
                  }, {
                     "value" : [ " version ","'0.1.0'"," called ","GAS" ]
                  } ]
               }
            } ]
         } ]
      },
      "parameters" : {
         "def" : [ {
            "localId" : "210",
            "locator" : "9:1-10:74",
            "name" : "Measurement Period",
            "accessLevel" : "Public",
            "annotation" : [ {
               "type" : "Annotation",
               "s" : {
                  "r" : "210",
                  "s" : [ {
                     "value" : [ "","parameter ","\"Measurement Period\""," " ]
                  }, {
                     "r" : "230",
                     "s" : [ {
                        "value" : [ "Interval<" ]
                     }, {
                        "r" : "231",
                        "s" : [ {
                           "value" : [ "DateTime" ]
                        } ]
                     }, {
                        "value" : [ ">" ]
                     } ]
                  }, {
                     "value" : [ "\n    default " ]
                  }, {
                     "r" : "229",
                     "s" : [ {
                        "r" : "211",
                        "value" : [ "Interval[","@2024-01-01T00:00:00.000Z",", ","@2024-12-31T23:59:59.999Z","]" ]
                     } ]
                  } ]
               }
            } ],
            "default" : {
               "localId" : "229",
               "locator" : "10:13-10:74",
               "lowClosed" : true,
               "highClosed" : true,
               "type" : "Interval",
               "low" : {
                  "localId" : "211",
                  "locator" : "10:22-10:46",
                  "type" : "DateTime",
                  "signature" : [ ],
                  "year" : {
                     "localId" : "212",
                     "valueType" : "{urn:hl7-org:elm-types:r1}Integer",
                     "value" : "2024",
                     "type" : "Literal"
                  },
                  "month" : {
                     "localId" : "213",
                     "valueType" : "{urn:hl7-org:elm-types:r1}Integer",
                     "value" : "1",
                     "type" : "Literal"
                  },
                  "day" : {
                     "localId" : "214",
                     "valueType" : "{urn:hl7-org:elm-types:r1}Integer",
                     "value" : "1",
                     "type" : "Literal"
                  },
                  "hour" : {
                     "localId" : "215",
                     "valueType" : "{urn:hl7-org:elm-types:r1}Integer",
                     "value" : "0",
                     "type" : "Literal"
                  },
                  "minute" : {
                     "localId" : "216",
                     "valueType" : "{urn:hl7-org:elm-types:r1}Integer",
                     "value" : "0",
                     "type" : "Literal"
                  },
                  "second" : {
                     "localId" : "217",
                     "valueType" : "{urn:hl7-org:elm-types:r1}Integer",
                     "value" : "0",
                     "type" : "Literal"
                  },
                  "millisecond" : {
                     "localId" : "218",
                     "valueType" : "{urn:hl7-org:elm-types:r1}Integer",
                     "value" : "0",
                     "type" : "Literal"
                  },
                  "timezoneOffset" : {
                     "localId" : "219",
                     "valueType" : "{urn:hl7-org:elm-types:r1}Decimal",
                     "value" : "0.0",
                     "type" : "Literal"
                  }
               },
               "high" : {
                  "localId" : "220",
                  "locator" : "10:49-10:73",
                  "type" : "DateTime",
                  "signature" : [ ],
                  "year" : {
                     "localId" : "221",
                     "valueType" : "{urn:hl7-org:elm-types:r1}Integer",
                     "value" : "2024",
                     "type" : "Literal"
                  },
                  "month" : {
                     "localId" : "222",
                     "valueType" : "{urn:hl7-org:elm-types:r1}Integer",
                     "value" : "12",
                     "type" : "Literal"
                  },
                  "day" : {
                     "localId" : "223",
                     "valueType" : "{urn:hl7-org:elm-types:r1}Integer",
                     "value" : "31",
                     "type" : "Literal"
                  },
                  "hour" : {
                     "localId" : "224",
                     "valueType" : "{urn:hl7-org:elm-types:r1}Integer",
                     "value" : "23",
                     "type" : "Literal"
                  },
                  "minute" : {
                     "localId" : "225",
                     "valueType" : "{urn:hl7-org:elm-types:r1}Integer",
                     "value" : "59",
                     "type" : "Literal"
                  },
                  "second" : {
                     "localId" : "226",
                     "valueType" : "{urn:hl7-org:elm-types:r1}Integer",
                     "value" : "59",
                     "type" : "Literal"
                  },
                  "millisecond" : {
                     "localId" : "227",
                     "valueType" : "{urn:hl7-org:elm-types:r1}Integer",
                     "value" : "999",
                     "type" : "Literal"
                  },
                  "timezoneOffset" : {
                     "localId" : "228",
                     "valueType" : "{urn:hl7-org:elm-types:r1}Decimal",
                     "value" : "0.0",
                     "type" : "Literal"
                  }
               }
            },
            "parameterTypeSpecifier" : {
               "localId" : "230",
               "locator" : "9:32-9:49",
               "type" : "IntervalTypeSpecifier",
               "pointType" : {
                  "localId" : "231",
                  "locator" : "9:41-9:48",
                  "name" : "{urn:hl7-org:elm-types:r1}DateTime",
                  "type" : "NamedTypeSpecifier"
               }
            }
         } ]
      },
      "contexts" : {
         "def" : [ {
            "localId" : "235",
            "locator" : "12:1-12:15",
            "name" : "Patient"
         } ]
      },
      "statements" : {
         "def" : [ {
            "localId" : "233",
            "locator" : "12:1-12:15",
            "name" : "Patient",
            "context" : "Patient",
            "expression" : {
               "localId" : "234",
               "type" : "SingletonFrom",
               "signature" : [ ],
               "operand" : {
                  "localId" : "232",
                  "locator" : "12:1-12:15",
                  "dataType" : "{http://hl7.org/fhir}Patient",
                  "templateId" : "http://hl7.org/fhir/StructureDefinition/Patient",
                  "type" : "Retrieve",
                  "include" : [ ],
                  "codeFilter" : [ ],
                  "dateFilter" : [ ],
                  "otherFilter" : [ ]
               }
            }
         }, {
            "localId" : "237",
            "locator" : "23:1-26:1",
            "name" : "Initial Population",
            "context" : "Patient",
            "accessLevel" : "Public",
            "annotation" : [ {
               "type" : "Annotation",
               "t" : [ {
                  "name" : "description",
                  "value" : "Includes individuals 18 years of age and older."
               } ],
               "s" : {
                  "r" : "237",
                  "s" : [ {
                     "value" : [ "/*\nGoal Identification: % of individuals 18 years of age and older with a complex care need \nwho had a PCO goal identified resulting in completion of goal attainment scaling (GAS) \nor a Patient-Reported Outcome Measure (PROM) and development of an action plan.\n*/\n\n/*\n@description: Includes individuals 18 years of age and older.\n*/\n","define ","\"Initial Population\"",": " ]
                  }, {
                     "r" : "238",
                     "s" : [ {
                        "value" : [ "{\n  " ]
                     }, {
                        "r" : "257",
                        "s" : [ {
                           "s" : [ {
                              "r" : "239",
                              "s" : [ {
                                 "r" : "240",
                                 "s" : [ {
                                    "s" : [ {
                                       "value" : [ "Patient" ]
                                    } ]
                                 } ]
                              }, {
                                 "value" : [ " ","person" ]
                              } ]
                           } ]
                        }, {
                           "value" : [ "\n    " ]
                        }, {
                           "r" : "241",
                           "s" : [ {
                              "value" : [ "where " ]
                           }, {
                              "r" : "241",
                              "s" : [ {
                                 "r" : "251",
                                 "s" : [ {
                                    "value" : [ "AgeInYearsAt","(" ]
                                 }, {
                                    "r" : "242",
                                    "s" : [ {
                                       "value" : [ "start of " ]
                                    }, {
                                       "r" : "243",
                                       "s" : [ {
                                          "value" : [ "\"Measurement Period\"" ]
                                       } ]
                                    } ]
                                 }, {
                                    "value" : [ ")" ]
                                 } ]
                              }, {
                                 "r" : "254",
                                 "value" : [ " ",">="," ","18" ]
                              } ]
                           } ]
                        } ]
                     }, {
                        "value" : [ "\n}" ]
                     } ]
                  } ]
               }
            } ],
            "expression" : {
               "localId" : "238",
               "locator" : "23:30-26:1",
               "type" : "List",
               "element" : [ {
                  "localId" : "257",
                  "locator" : "24:3-25:59",
                  "type" : "Query",
                  "source" : [ {
                     "localId" : "239",
                     "locator" : "24:3-24:16",
                     "alias" : "person",
                     "expression" : {
                        "localId" : "240",
                        "locator" : "24:3-24:9",
                        "name" : "Patient",
                        "type" : "ExpressionRef"
                     }
                  } ],
                  "let" : [ ],
                  "relationship" : [ ],
                  "where" : {
                     "localId" : "241",
                     "locator" : "25:5-25:59",
                     "type" : "GreaterOrEqual",
                     "signature" : [ {
                        "localId" : "255",
                        "name" : "{urn:hl7-org:elm-types:r1}Integer",
                        "type" : "NamedTypeSpecifier"
                     }, {
                        "localId" : "256",
                        "name" : "{urn:hl7-org:elm-types:r1}Integer",
                        "type" : "NamedTypeSpecifier"
                     } ],
                     "operand" : [ {
                        "localId" : "251",
                        "locator" : "25:11-25:53",
                        "precision" : "Year",
                        "type" : "CalculateAgeAt",
                        "signature" : [ {
                           "localId" : "252",
                           "name" : "{urn:hl7-org:elm-types:r1}DateTime",
                           "type" : "NamedTypeSpecifier"
                        }, {
                           "localId" : "253",
                           "name" : "{urn:hl7-org:elm-types:r1}DateTime",
                           "type" : "NamedTypeSpecifier"
                        } ],
                        "operand" : [ {
                           "localId" : "249",
                           "type" : "ToDateTime",
                           "signature" : [ {
                              "localId" : "250",
                              "name" : "{urn:hl7-org:elm-types:r1}Date",
                              "type" : "NamedTypeSpecifier"
                           } ],
                           "operand" : {
                              "localId" : "247",
                              "path" : "birthDate.value",
                              "type" : "Property",
                              "source" : {
                                 "localId" : "246",
                                 "name" : "Patient",
                                 "type" : "ExpressionRef"
                              }
                           }
                        }, {
                           "localId" : "242",
                           "locator" : "25:24-25:52",
                           "type" : "Start",
                           "signature" : [ ],
                           "operand" : {
                              "localId" : "243",
                              "locator" : "25:33-25:52",
                              "name" : "Measurement Period",
                              "type" : "ParameterRef"
                           }
                        } ]
                     }, {
                        "localId" : "254",
                        "locator" : "25:58-25:59",
                        "valueType" : "{urn:hl7-org:elm-types:r1}Integer",
                        "value" : "18",
                        "type" : "Literal"
                     } ]
                  }
               } ]
            }
         }, {
            "localId" : "259",
            "locator" : "32:1-33:22",
            "name" : "Denominator",
            "context" : "Patient",
            "accessLevel" : "Public",
            "annotation" : [ {
               "type" : "Annotation",
               "t" : [ {
                  "name" : "description",
                  "value" : "Initial Population individuals with a complex care need."
               }, {
                  "name" : "comment",
                  "value" : "\"complex care need?\""
               } ],
               "s" : {
                  "r" : "259",
                  "s" : [ {
                     "value" : [ "/*\n@description: Initial Population individuals with a complex care need.\n@comment: TODO - How do we determine \"complex care need?\"\n*/\n","define ","\"Denominator\"",":\n  " ]
                  }, {
                     "r" : "260",
                     "s" : [ {
                        "value" : [ "\"Initial Population\"" ]
                     } ]
                  } ]
               }
            } ],
            "expression" : {
               "localId" : "260",
               "locator" : "33:3-33:22",
               "name" : "Initial Population",
               "type" : "ExpressionRef"
            }
         }, {
            "localId" : "262",
            "locator" : "35:1-36:6",
            "name" : "Denominator Exclusions",
            "context" : "Patient",
            "accessLevel" : "Public",
            "annotation" : [ {
               "type" : "Annotation",
               "s" : {
                  "r" : "262",
                  "s" : [ {
                     "r" : "263",
                     "value" : [ "","define ","\"Denominator Exclusions\"",":\n  ","null" ]
                  } ]
               }
            } ],
            "expression" : {
               "localId" : "263",
               "locator" : "36:3-36:6",
               "type" : "Null"
            }
         }, {
            "localId" : "265",
            "locator" : "38:1-39:6",
            "name" : "Denominator Exceptions",
            "context" : "Patient",
            "accessLevel" : "Public",
            "annotation" : [ {
               "type" : "Annotation",
               "s" : {
                  "r" : "265",
                  "s" : [ {
                     "r" : "266",
                     "value" : [ "","define ","\"Denominator Exceptions\"",":\n  ","null" ]
                  } ]
               }
            } ],
            "expression" : {
               "localId" : "266",
               "locator" : "39:3-39:6",
               "type" : "Null"
            }
         }, {
            "localId" : "274",
            "locator" : "49:1-51:73",
            "name" : "PCO Goals During Measurement Period",
            "context" : "Patient",
            "accessLevel" : "Public",
            "annotation" : [ {
               "type" : "Annotation",
               "s" : {
                  "r" : "274",
                  "s" : [ {
                     "value" : [ "","define ","\"PCO Goals During Measurement Period\"",":\n  " ]
                  }, {
                     "r" : "292",
                     "s" : [ {
                        "s" : [ {
                           "r" : "275",
                           "s" : [ {
                              "r" : "277",
                              "s" : [ {
                                 "s" : [ {
                                    "value" : [ "GAS",".","\"PCO Goals\"" ]
                                 } ]
                              } ]
                           }, {
                              "value" : [ " ","goal" ]
                           } ]
                        } ]
                     }, {
                        "value" : [ "\n    " ]
                     }, {
                        "r" : "291",
                        "s" : [ {
                           "value" : [ "where " ]
                        }, {
                           "r" : "291",
                           "s" : [ {
                              "r" : "286",
                              "s" : [ {
                                 "value" : [ "ToDateTime","(" ]
                              }, {
                                 "r" : "278",
                                 "s" : [ {
                                    "r" : "280",
                                    "s" : [ {
                                       "r" : "279",
                                       "s" : [ {
                                          "value" : [ "goal" ]
                                       } ]
                                    }, {
                                       "value" : [ "." ]
                                    }, {
                                       "r" : "280",
                                       "s" : [ {
                                          "value" : [ "start" ]
                                       } ]
                                    } ]
                                 }, {
                                    "value" : [ " as " ]
                                 }, {
                                    "r" : "281",
                                    "s" : [ {
                                       "value" : [ "FHIR",".","date" ]
                                    } ]
                                 } ]
                              }, {
                                 "value" : [ ")" ]
                              } ]
                           }, {
                              "r" : "291",
                              "value" : [ " ","during"," " ]
                           }, {
                              "r" : "289",
                              "s" : [ {
                                 "value" : [ "\"Measurement Period\"" ]
                              } ]
                           } ]
                        } ]
                     } ]
                  } ]
               }
            } ],
            "expression" : {
               "localId" : "292",
               "locator" : "50:3-51:73",
               "type" : "Query",
               "source" : [ {
                  "localId" : "275",
                  "locator" : "50:3-50:22",
                  "alias" : "goal",
                  "expression" : {
                     "localId" : "277",
                     "locator" : "50:3-50:17",
                     "name" : "PCO Goals",
                     "libraryName" : "GAS",
                     "type" : "ExpressionRef"
                  }
               } ],
               "let" : [ ],
               "relationship" : [ ],
               "where" : {
                  "localId" : "291",
                  "locator" : "51:5-51:73",
                  "type" : "In",
                  "signature" : [ ],
                  "operand" : [ {
                     "localId" : "286",
                     "locator" : "51:11-51:45",
                     "type" : "ToDateTime",
                     "signature" : [ {
                        "localId" : "288",
                        "name" : "{urn:hl7-org:elm-types:r1}Date",
                        "type" : "NamedTypeSpecifier"
                     } ],
                     "operand" : {
                        "localId" : "287",
                        "name" : "ToDate",
                        "libraryName" : "FHIRHelpers",
                        "type" : "FunctionRef",
                        "signature" : [ ],
                        "operand" : [ {
                           "localId" : "278",
                           "locator" : "51:22-51:44",
                           "strict" : false,
                           "type" : "As",
                           "signature" : [ ],
                           "operand" : {
                              "localId" : "280",
                              "locator" : "51:22-51:31",
                              "path" : "start",
                              "scope" : "goal",
                              "type" : "Property"
                           },
                           "asTypeSpecifier" : {
                              "localId" : "281",
                              "locator" : "51:36-51:44",
                              "name" : "{http://hl7.org/fhir}date",
                              "type" : "NamedTypeSpecifier"
                           }
                        } ]
                     }
                  }, {
                     "localId" : "289",
                     "locator" : "51:54-51:73",
                     "name" : "Measurement Period",
                     "type" : "ParameterRef"
                  } ]
               }
            }
         }, {
            "localId" : "268",
            "locator" : "43:1-47:35",
            "name" : "Numerator",
            "context" : "Patient",
            "accessLevel" : "Public",
            "annotation" : [ {
               "type" : "Annotation",
               "s" : {
                  "r" : "268",
                  "s" : [ {
                     "value" : [ "/// has a PCO goal identified resulting in completion of goal attainment scaling (GAS)\n/// ... and development of an action plan.\n","define ","\"Numerator\"",":\n  " ]
                  }, {
                     "r" : "303",
                     "s" : [ {
                        "s" : [ {
                           "r" : "269",
                           "s" : [ {
                              "r" : "270",
                              "s" : [ {
                                 "s" : [ {
                                    "value" : [ "\"Denominator\"" ]
                                 } ]
                              } ]
                           }, {
                              "value" : [ " ","person" ]
                           } ]
                        } ]
                     }, {
                        "value" : [ " " ]
                     }, {
                        "r" : "271",
                        "s" : [ {
                           "value" : [ "where\n    " ]
                        }, {
                           "r" : "271",
                           "s" : [ {
                              "value" : [ "exists " ]
                           }, {
                              "r" : "300",
                              "s" : [ {
                                 "s" : [ {
                                    "r" : "272",
                                    "s" : [ {
                                       "r" : "293",
                                       "s" : [ {
                                          "s" : [ {
                                             "value" : [ "\"PCO Goals During Measurement Period\"" ]
                                          } ]
                                       } ]
                                    }, {
                                       "value" : [ " ","goal" ]
                                    } ]
                                 } ]
                              }, {
                                 "value" : [ "\n      " ]
                              }, {
                                 "r" : "294",
                                 "s" : [ {
                                    "value" : [ "where " ]
                                 }, {
                                    "r" : "294",
                                    "s" : [ {
                                       "r" : "296",
                                       "s" : [ {
                                          "r" : "295",
                                          "s" : [ {
                                             "value" : [ "goal" ]
                                          } ]
                                       }, {
                                          "value" : [ "." ]
                                       }, {
                                          "r" : "296",
                                          "s" : [ {
                                             "value" : [ "hasGAS","()" ]
                                          } ]
                                       } ]
                                    }, {
                                       "value" : [ "\n        and " ]
                                    }, {
                                       "r" : "297",
                                       "s" : [ {
                                          "value" : [ "exists " ]
                                       }, {
                                          "r" : "299",
                                          "s" : [ {
                                             "r" : "298",
                                             "s" : [ {
                                                "value" : [ "goal" ]
                                             } ]
                                          }, {
                                             "value" : [ "." ]
                                          }, {
                                             "r" : "299",
                                             "s" : [ {
                                                "value" : [ "carePlans","()" ]
                                             } ]
                                          } ]
                                       } ]
                                    } ]
                                 } ]
                              } ]
                           } ]
                        } ]
                     } ]
                  } ]
               }
            } ],
            "expression" : {
               "localId" : "303",
               "locator" : "44:3-47:35",
               "type" : "Query",
               "source" : [ {
                  "localId" : "269",
                  "locator" : "44:3-44:22",
                  "alias" : "person",
                  "expression" : {
                     "localId" : "270",
                     "locator" : "44:3-44:15",
                     "name" : "Denominator",
                     "type" : "ExpressionRef"
                  }
               } ],
               "let" : [ ],
               "relationship" : [ ],
               "where" : {
                  "localId" : "271",
                  "locator" : "44:24-47:35",
                  "type" : "Exists",
                  "signature" : [ {
                     "localId" : "301",
                     "type" : "ListTypeSpecifier",
                     "elementType" : {
                        "localId" : "302",
                        "name" : "{http://hl7.org/fhir}Goal",
                        "type" : "NamedTypeSpecifier"
                     }
                  } ],
                  "operand" : {
                     "localId" : "300",
                     "locator" : "45:12-47:35",
                     "type" : "Query",
                     "source" : [ {
                        "localId" : "272",
                        "locator" : "45:12-45:53",
                        "alias" : "goal",
                        "expression" : {
                           "localId" : "293",
                           "locator" : "45:12-45:48",
                           "name" : "PCO Goals During Measurement Period",
                           "type" : "ExpressionRef"
                        }
                     } ],
                     "let" : [ ],
                     "relationship" : [ ],
                     "where" : {
                        "localId" : "294",
                        "locator" : "46:7-47:35",
                        "type" : "And",
                        "signature" : [ ],
                        "operand" : [ {
                           "localId" : "296",
                           "locator" : "46:13-46:25",
                           "name" : "hasGAS",
                           "libraryName" : "GAS",
                           "type" : "FunctionRef",
                           "signature" : [ ],
                           "operand" : [ {
                              "localId" : "295",
                              "locator" : "46:13-46:16",
                              "name" : "goal",
                              "type" : "AliasRef"
                           } ]
                        }, {
                           "localId" : "297",
                           "locator" : "47:13-47:35",
                           "type" : "Exists",
                           "signature" : [ ],
                           "operand" : {
                              "localId" : "299",
                              "locator" : "47:20-47:35",
                              "name" : "carePlans",
                              "libraryName" : "PC",
                              "type" : "FunctionRef",
                              "signature" : [ ],
                              "operand" : [ {
                                 "localId" : "298",
                                 "locator" : "47:20-47:23",
                                 "name" : "goal",
                                 "type" : "AliasRef"
                              } ]
                           }
                        } ]
                     }
                  }
               }
            }
         } ]
      }
   }
}