{
   "library" : {
      "localId" : "0",
      "annotation" : [ {
         "translatorVersion" : "3.10.0",
         "translatorOptions" : "EnableAnnotations,EnableLocators,DisableListDemotion,DisableListPromotion",
         "signatureLevel" : "Overloads",
         "type" : "CqlToElmInfo"
      }, {
         "type" : "Annotation",
         "s" : {
            "r" : "245",
            "s" : [ {
               "value" : [ "","library PHQ9MeasureExample version '0.1.0'" ]
            } ]
         }
      } ],
      "identifier" : {
         "id" : "PHQ9MeasureExample",
         "system" : "http://mtnlotus.com/uv/pco",
         "version" : "0.1.0"
      },
      "schemaIdentifier" : {
         "id" : "urn:hl7-org:elm",
         "version" : "r1"
      },
      "usings" : {
         "def" : [ {
            "localId" : "1",
            "localIdentifier" : "System",
            "uri" : "urn:hl7-org:elm-types:r1"
         }, {
            "localId" : "206",
            "locator" : "3:1-3:26",
            "localIdentifier" : "FHIR",
            "uri" : "http://hl7.org/fhir",
            "version" : "4.0.1",
            "annotation" : [ {
               "type" : "Annotation",
               "s" : {
                  "r" : "206",
                  "s" : [ {
                     "value" : [ "","using " ]
                  }, {
                     "s" : [ {
                        "value" : [ "FHIR" ]
                     } ]
                  }, {
                     "value" : [ " version '4.0.1'" ]
                  } ]
               }
            } ]
         } ]
      },
      "includes" : {
         "def" : [ {
            "localId" : "207",
            "locator" : "5:1-5:35",
            "localIdentifier" : "FHIRHelpers",
            "path" : "http://mtnlotus.com/uv/pco/FHIRHelpers",
            "version" : "4.0.1",
            "annotation" : [ {
               "type" : "Annotation",
               "s" : {
                  "r" : "207",
                  "s" : [ {
                     "value" : [ "","include " ]
                  }, {
                     "s" : [ {
                        "value" : [ "FHIRHelpers" ]
                     } ]
                  }, {
                     "value" : [ " version ","'4.0.1'" ]
                  } ]
               }
            } ]
         }, {
            "localId" : "208",
            "locator" : "7:1-7:39",
            "localIdentifier" : "PHQ9Logic",
            "path" : "http://mtnlotus.com/uv/pco/PHQ9ScoreLogic",
            "annotation" : [ {
               "type" : "Annotation",
               "s" : {
                  "r" : "208",
                  "s" : [ {
                     "value" : [ "","include " ]
                  }, {
                     "s" : [ {
                        "value" : [ "PHQ9ScoreLogic" ]
                     } ]
                  }, {
                     "value" : [ " called ","PHQ9Logic" ]
                  } ]
               }
            } ]
         } ]
      },
      "parameters" : {
         "def" : [ {
            "localId" : "209",
            "locator" : "9:1-9:88",
            "name" : "Measurement Period",
            "accessLevel" : "Public",
            "annotation" : [ {
               "type" : "Annotation",
               "s" : {
                  "r" : "209",
                  "s" : [ {
                     "value" : [ "","parameter ","\"Measurement Period\""," " ]
                  }, {
                     "r" : "221",
                     "s" : [ {
                        "value" : [ "Interval<" ]
                     }, {
                        "r" : "222",
                        "s" : [ {
                           "value" : [ "Date" ]
                        } ]
                     }, {
                        "value" : [ ">" ]
                     } ]
                  }, {
                     "value" : [ " default " ]
                  }, {
                     "r" : "220",
                     "s" : [ {
                        "r" : "214",
                        "value" : [ "Interval[","@2024-01-01",", ","@2024-12-31","]" ]
                     } ]
                  } ]
               }
            } ],
            "default" : {
               "localId" : "220",
               "locator" : "9:55-9:88",
               "lowClosed" : true,
               "highClosed" : true,
               "type" : "Interval",
               "low" : {
                  "localId" : "214",
                  "locator" : "9:64-9:74",
                  "type" : "Date",
                  "signature" : [ ],
                  "year" : {
                     "localId" : "211",
                     "valueType" : "{urn:hl7-org:elm-types:r1}Integer",
                     "value" : "2024",
                     "type" : "Literal"
                  },
                  "month" : {
                     "localId" : "212",
                     "valueType" : "{urn:hl7-org:elm-types:r1}Integer",
                     "value" : "1",
                     "type" : "Literal"
                  },
                  "day" : {
                     "localId" : "213",
                     "valueType" : "{urn:hl7-org:elm-types:r1}Integer",
                     "value" : "1",
                     "type" : "Literal"
                  }
               },
               "high" : {
                  "localId" : "219",
                  "locator" : "9:77-9:87",
                  "type" : "Date",
                  "signature" : [ ],
                  "year" : {
                     "localId" : "216",
                     "valueType" : "{urn:hl7-org:elm-types:r1}Integer",
                     "value" : "2024",
                     "type" : "Literal"
                  },
                  "month" : {
                     "localId" : "217",
                     "valueType" : "{urn:hl7-org:elm-types:r1}Integer",
                     "value" : "12",
                     "type" : "Literal"
                  },
                  "day" : {
                     "localId" : "218",
                     "valueType" : "{urn:hl7-org:elm-types:r1}Integer",
                     "value" : "31",
                     "type" : "Literal"
                  }
               }
            },
            "parameterTypeSpecifier" : {
               "localId" : "221",
               "locator" : "9:32-9:45",
               "type" : "IntervalTypeSpecifier",
               "pointType" : {
                  "localId" : "222",
                  "locator" : "9:41-9:44",
                  "name" : "{urn:hl7-org:elm-types:r1}Date",
                  "type" : "NamedTypeSpecifier"
               }
            }
         } ]
      },
      "contexts" : {
         "def" : [ {
            "localId" : "226",
            "locator" : "11:1-11:15",
            "name" : "Patient"
         } ]
      },
      "statements" : {
         "def" : [ {
            "localId" : "224",
            "locator" : "11:1-11:15",
            "name" : "Patient",
            "context" : "Patient",
            "expression" : {
               "localId" : "225",
               "type" : "SingletonFrom",
               "signature" : [ ],
               "operand" : {
                  "localId" : "223",
                  "locator" : "11:1-11:15",
                  "dataType" : "{http://hl7.org/fhir}Patient",
                  "templateId" : "http://hl7.org/fhir/StructureDefinition/Patient",
                  "type" : "Retrieve",
                  "include" : [ ],
                  "codeFilter" : [ ],
                  "dateFilter" : [ ],
                  "otherFilter" : [ ]
               }
            }
         }, {
            "localId" : "228",
            "locator" : "13:1-14:51",
            "name" : "Initial Population",
            "context" : "Patient",
            "accessLevel" : "Public",
            "annotation" : [ {
               "type" : "Annotation",
               "s" : {
                  "r" : "228",
                  "s" : [ {
                     "value" : [ "","define ","\"Initial Population\"",":\n  " ]
                  }, {
                     "r" : "229",
                     "s" : [ {
                        "r" : "236",
                        "s" : [ {
                           "value" : [ "AgeInYearsAt","(" ]
                        }, {
                           "r" : "230",
                           "s" : [ {
                              "value" : [ "start of " ]
                           }, {
                              "r" : "231",
                              "s" : [ {
                                 "value" : [ "\"Measurement Period\"" ]
                              } ]
                           } ]
                        }, {
                           "value" : [ ")" ]
                        } ]
                     }, {
                        "r" : "239",
                        "value" : [ " ",">="," ","18" ]
                     } ]
                  } ]
               }
            } ],
            "expression" : {
               "localId" : "229",
               "locator" : "14:3-14:51",
               "type" : "GreaterOrEqual",
               "signature" : [ {
                  "localId" : "240",
                  "name" : "{urn:hl7-org:elm-types:r1}Integer",
                  "type" : "NamedTypeSpecifier"
               }, {
                  "localId" : "241",
                  "name" : "{urn:hl7-org:elm-types:r1}Integer",
                  "type" : "NamedTypeSpecifier"
               } ],
               "operand" : [ {
                  "localId" : "236",
                  "locator" : "14:3-14:45",
                  "precision" : "Year",
                  "type" : "CalculateAgeAt",
                  "signature" : [ {
                     "localId" : "237",
                     "name" : "{urn:hl7-org:elm-types:r1}Date",
                     "type" : "NamedTypeSpecifier"
                  }, {
                     "localId" : "238",
                     "name" : "{urn:hl7-org:elm-types:r1}Date",
                     "type" : "NamedTypeSpecifier"
                  } ],
                  "operand" : [ {
                     "localId" : "235",
                     "path" : "birthDate.value",
                     "type" : "Property",
                     "source" : {
                        "localId" : "234",
                        "name" : "Patient",
                        "type" : "ExpressionRef"
                     }
                  }, {
                     "localId" : "230",
                     "locator" : "14:16-14:44",
                     "type" : "Start",
                     "signature" : [ ],
                     "operand" : {
                        "localId" : "231",
                        "locator" : "14:25-14:44",
                        "name" : "Measurement Period",
                        "type" : "ParameterRef"
                     }
                  } ]
               }, {
                  "localId" : "239",
                  "locator" : "14:50-14:51",
                  "valueType" : "{urn:hl7-org:elm-types:r1}Integer",
                  "value" : "18",
                  "type" : "Literal"
               } ]
            }
         }, {
            "localId" : "243",
            "locator" : "17:1-18:6",
            "name" : "Measure Population",
            "context" : "Patient",
            "accessLevel" : "Public",
            "annotation" : [ {
               "type" : "Annotation",
               "s" : {
                  "r" : "243",
                  "s" : [ {
                     "r" : "244",
                     "value" : [ "// Likely some condition or other relevant characteristic such as a depression diagnosis\n","define ","\"Measure Population\"",":\n  ","true" ]
                  } ]
               }
            } ],
            "expression" : {
               "localId" : "244",
               "locator" : "18:3-18:6",
               "valueType" : "{urn:hl7-org:elm-types:r1}Boolean",
               "value" : "true",
               "type" : "Literal"
            }
         }, {
            "localId" : "245",
            "locator" : "28:1-29:31",
            "name" : "MeasureObservation",
            "context" : "Patient",
            "accessLevel" : "Public",
            "type" : "FunctionDef",
            "annotation" : [ {
               "type" : "Annotation",
               "s" : {
                  "r" : "245",
                  "s" : [ {
                     "value" : [ "/*\nMeasure observation is a function defined in terms of the types of members of the measure\npopulation, Patient in this case. In a population evaluation scenario, the measure\nobservation is evaluated for every member of the population.\n\nIn an individual report scenario, however, the measure observation is evaluated for\nthe current patient. Note that the patient context is flowing through the call here\n*/\n","define function \"MeasureObservation\"(patient Patient):\n  " ]
                  }, {
                     "r" : "249",
                     "s" : [ {
                        "r" : "249",
                        "s" : [ {
                           "r" : "248",
                           "s" : [ {
                              "value" : [ "PHQ9Logic" ]
                           } ]
                        }, {
                           "value" : [ "." ]
                        }, {
                           "r" : "249",
                           "s" : [ {
                              "value" : [ "CalculateTotalScore" ]
                           } ]
                        } ]
                     } ]
                  } ]
               }
            } ],
            "expression" : {
               "localId" : "249",
               "locator" : "29:3-29:31",
               "name" : "CalculateTotalScore",
               "libraryName" : "PHQ9Logic",
               "type" : "ExpressionRef"
            },
            "operand" : [ {
               "localId" : "247",
               "name" : "patient",
               "operandTypeSpecifier" : {
                  "localId" : "246",
                  "locator" : "28:46-28:52",
                  "name" : "{http://hl7.org/fhir}Patient",
                  "type" : "NamedTypeSpecifier"
               }
            } ]
         } ]
      }
   }
}