<?xml version="1.0" encoding="UTF-8"?>
<library xmlns="urn:hl7-org:elm:r1" xmlns:t="urn:hl7-org:elm-types:r1" xmlns:xsi="http://www.w3.org/2001/XMLSchema-instance" xmlns:xsd="http://www.w3.org/2001/XMLSchema" xmlns:fhir="http://hl7.org/fhir" xmlns:qdm43="urn:healthit-gov:qdm:v4_3" xmlns:qdm53="urn:healthit-gov:qdm:v5_3" xmlns:a="urn:hl7-org:cql-annotations:r1" localId="0">
   <annotation translatorVersion="3.11.0" translatorOptions="EnableAnnotations,EnableLocators,DisableListDemotion,DisableListPromotion" signatureLevel="Overloads" xsi:type="a:CqlToElmInfo"/>
   <annotation xsi:type="a:Annotation">
      <a:s r="274">
         <a:s>library GoalIdentificationMeasure version '0.1.0'</a:s>
      </a:s>
   </annotation>
   <identifier id="GoalIdentificationMeasure" system="http://hl7.org/fhir/us/pco" version="0.1.0"/>
   <schemaIdentifier id="urn:hl7-org:elm" version="r1"/>
   <usings>
      <def localId="1" localIdentifier="System" uri="urn:hl7-org:elm-types:r1"/>
      <def localId="206" locator="3:1-3:26" localIdentifier="FHIR" uri="http://hl7.org/fhir" version="4.0.1">
         <annotation xsi:type="a:Annotation">
            <a:s r="206">
               <a:s>using </a:s>
               <a:s>
                  <a:s>FHIR</a:s>
               </a:s>
               <a:s> version '4.0.1'</a:s>
            </a:s>
         </annotation>
      </def>
   </usings>
   <includes>
      <def localId="207" locator="5:1-5:56" localIdentifier="FHIRHelpers" path="http://hl7.org/fhir/us/pco/FHIRHelpers" version="4.4.000">
         <annotation xsi:type="a:Annotation">
            <a:s r="207">
               <a:s>include </a:s>
               <a:s>
                  <a:s>FHIRHelpers</a:s>
               </a:s>
               <a:s> version '4.4.000' called FHIRHelpers</a:s>
            </a:s>
         </annotation>
      </def>
      <def localId="208" locator="6:1-6:43" localIdentifier="PC" path="http://hl7.org/fhir/us/pco/PCOCommon" version="0.1.0">
         <annotation xsi:type="a:Annotation">
            <a:s r="208">
               <a:s>include </a:s>
               <a:s>
                  <a:s>PCOCommon</a:s>
               </a:s>
               <a:s> version '0.1.0' called PC</a:s>
            </a:s>
         </annotation>
      </def>
      <def localId="209" locator="7:1-7:59" localIdentifier="PCOLogic" path="http://hl7.org/fhir/us/pco/GoalAttainmentLogic" version="0.1.0">
         <annotation xsi:type="a:Annotation">
            <a:s r="209">
               <a:s>include </a:s>
               <a:s>
                  <a:s>GoalAttainmentLogic</a:s>
               </a:s>
               <a:s> version '0.1.0' called PCOLogic</a:s>
            </a:s>
         </annotation>
      </def>
   </includes>
   <parameters>
      <def localId="210" locator="9:1-10:74" name="Measurement Period" accessLevel="Public">
         <annotation xsi:type="a:Annotation">
            <a:s r="210">
               <a:s>parameter &quot;Measurement Period&quot; </a:s>
               <a:s r="230">
                  <a:s>Interval&lt;</a:s>
                  <a:s r="231">
                     <a:s>DateTime</a:s>
                  </a:s>
                  <a:s>></a:s>
               </a:s>
               <a:s>
    default </a:s>
               <a:s r="229">
                  <a:s r="211">Interval[@2024-01-01T00:00:00.000Z, @2024-12-31T23:59:59.999Z]</a:s>
               </a:s>
            </a:s>
         </annotation>
         <default localId="229" locator="10:13-10:74" lowClosed="true" highClosed="true" xsi:type="Interval">
            <low localId="211" locator="10:22-10:46" xsi:type="DateTime">
               <year localId="212" valueType="t:Integer" value="2024" xsi:type="Literal"/>
               <month localId="213" valueType="t:Integer" value="1" xsi:type="Literal"/>
               <day localId="214" valueType="t:Integer" value="1" xsi:type="Literal"/>
               <hour localId="215" valueType="t:Integer" value="0" xsi:type="Literal"/>
               <minute localId="216" valueType="t:Integer" value="0" xsi:type="Literal"/>
               <second localId="217" valueType="t:Integer" value="0" xsi:type="Literal"/>
               <millisecond localId="218" valueType="t:Integer" value="0" xsi:type="Literal"/>
               <timezoneOffset localId="219" valueType="t:Decimal" value="0.0" xsi:type="Literal"/>
            </low>
            <high localId="220" locator="10:49-10:73" xsi:type="DateTime">
               <year localId="221" valueType="t:Integer" value="2024" xsi:type="Literal"/>
               <month localId="222" valueType="t:Integer" value="12" xsi:type="Literal"/>
               <day localId="223" valueType="t:Integer" value="31" xsi:type="Literal"/>
               <hour localId="224" valueType="t:Integer" value="23" xsi:type="Literal"/>
               <minute localId="225" valueType="t:Integer" value="59" xsi:type="Literal"/>
               <second localId="226" valueType="t:Integer" value="59" xsi:type="Literal"/>
               <millisecond localId="227" valueType="t:Integer" value="999" xsi:type="Literal"/>
               <timezoneOffset localId="228" valueType="t:Decimal" value="0.0" xsi:type="Literal"/>
            </high>
         </default>
         <parameterTypeSpecifier localId="230" locator="9:32-9:49" xsi:type="IntervalTypeSpecifier">
            <pointType localId="231" locator="9:41-9:48" name="t:DateTime" xsi:type="NamedTypeSpecifier"/>
         </parameterTypeSpecifier>
      </def>
      <def localId="232" locator="12:1-13:37" name="Follow-Up Interval" accessLevel="Public">
         <annotation xsi:type="a:Annotation">
            <a:s r="232">
               <a:s>parameter &quot;Follow-Up Interval&quot; </a:s>
               <a:s r="236">
                  <a:s>Interval&lt;</a:s>
                  <a:s r="237">
                     <a:s>System.Quantity</a:s>
                  </a:s>
                  <a:s>></a:s>
               </a:s>
               <a:s>
  default </a:s>
               <a:s r="235">
                  <a:s>Interval[</a:s>
                  <a:s r="233">
                     <a:s>2 weeks</a:s>
                  </a:s>
                  <a:s>, </a:s>
                  <a:s r="234">
                     <a:s>26 weeks</a:s>
                  </a:s>
                  <a:s>]</a:s>
               </a:s>
            </a:s>
         </annotation>
         <default localId="235" locator="13:11-13:37" lowClosed="true" highClosed="true" xsi:type="Interval">
            <low localId="233" locator="13:20-13:26" value="2" unit="weeks" xsi:type="Quantity"/>
            <high localId="234" locator="13:29-13:36" value="26" unit="weeks" xsi:type="Quantity"/>
         </default>
         <parameterTypeSpecifier localId="236" locator="12:32-12:56" xsi:type="IntervalTypeSpecifier">
            <pointType localId="237" locator="12:41-12:55" name="t:Quantity" xsi:type="NamedTypeSpecifier"/>
         </parameterTypeSpecifier>
      </def>
   </parameters>
   <contexts>
      <def localId="241" locator="15:1-15:15" name="Patient"/>
   </contexts>
   <statements>
      <def localId="239" locator="15:1-15:15" name="Patient" context="Patient">
         <expression localId="240" xsi:type="SingletonFrom">
            <operand localId="238" locator="15:1-15:15" dataType="fhir:Patient" templateId="http://hl7.org/fhir/StructureDefinition/Patient" xsi:type="Retrieve"/>
         </expression>
      </def>
      <def localId="243" locator="26:1-29:1" name="Initial Population" context="Patient" accessLevel="Public">
         <annotation xsi:type="a:Annotation">
            <a:t name="description" value="Includes individuals 18 years of age and older."/>
            <a:s r="243">
               <a:s>/*
Goal Identification: % of individuals 18 years of age and older with a complex care need 
who had a PCO goal identified resulting in completion of goal attainment scaling (GAS) 
or a Patient-Reported Outcome Measure (PROM) and development of an action plan.
*/

/*
@description: Includes individuals 18 years of age and older.
*/
define &quot;Initial Population&quot;: </a:s>
               <a:s r="244">
                  <a:s>{
  </a:s>
                  <a:s r="263">
                     <a:s>
                        <a:s r="245">
                           <a:s r="246">
                              <a:s>
                                 <a:s>Patient</a:s>
                              </a:s>
                           </a:s>
                           <a:s> person</a:s>
                        </a:s>
                     </a:s>
                     <a:s>
    </a:s>
                     <a:s r="247">
                        <a:s>where </a:s>
                        <a:s r="247">
                           <a:s r="257">
                              <a:s>AgeInYearsAt(</a:s>
                              <a:s r="248">
                                 <a:s>start of </a:s>
                                 <a:s r="249">
                                    <a:s>&quot;Measurement Period&quot;</a:s>
                                 </a:s>
                              </a:s>
                              <a:s>)</a:s>
                           </a:s>
                           <a:s r="260"> >= 18</a:s>
                        </a:s>
                     </a:s>
                  </a:s>
                  <a:s>
}</a:s>
               </a:s>
            </a:s>
         </annotation>
         <expression localId="244" locator="26:30-29:1" xsi:type="List">
            <element localId="263" locator="27:3-28:59" xsi:type="Query">
               <source localId="245" locator="27:3-27:16" alias="person">
                  <expression localId="246" locator="27:3-27:9" name="Patient" xsi:type="ExpressionRef"/>
               </source>
               <where localId="247" locator="28:5-28:59" xsi:type="GreaterOrEqual">
                  <signature localId="261" name="t:Integer" xsi:type="NamedTypeSpecifier"/>
                  <signature localId="262" name="t:Integer" xsi:type="NamedTypeSpecifier"/>
                  <operand localId="257" locator="28:11-28:53" precision="Year" xsi:type="CalculateAgeAt">
                     <signature localId="258" name="t:DateTime" xsi:type="NamedTypeSpecifier"/>
                     <signature localId="259" name="t:DateTime" xsi:type="NamedTypeSpecifier"/>
                     <operand localId="255" xsi:type="ToDateTime">
                        <signature localId="256" name="t:Date" xsi:type="NamedTypeSpecifier"/>
                        <operand localId="253" path="birthDate.value" xsi:type="Property">
                           <source localId="252" name="Patient" xsi:type="ExpressionRef"/>
                        </operand>
                     </operand>
                     <operand localId="248" locator="28:24-28:52" xsi:type="Start">
                        <operand localId="249" locator="28:33-28:52" name="Measurement Period" xsi:type="ParameterRef"/>
                     </operand>
                  </operand>
                  <operand localId="260" locator="28:58-28:59" valueType="t:Integer" value="18" xsi:type="Literal"/>
               </where>
            </element>
         </expression>
      </def>
      <def localId="265" locator="35:1-36:22" name="Denominator" context="Patient" accessLevel="Public">
         <annotation xsi:type="a:Annotation">
            <a:t name="description" value="Initial Population individuals with a complex care need."/>
            <a:t name="comment" value="&quot;complex care need?&quot;"/>
            <a:s r="265">
               <a:s>/*
@description: Initial Population individuals with a complex care need.
@comment: TODO - How do we determine &quot;complex care need?&quot;
*/
define &quot;Denominator&quot;:
  </a:s>
               <a:s r="266">
                  <a:s>&quot;Initial Population&quot;</a:s>
               </a:s>
            </a:s>
         </annotation>
         <expression localId="266" locator="36:3-36:22" name="Initial Population" xsi:type="ExpressionRef"/>
      </def>
      <def localId="268" locator="38:1-39:6" name="Denominator Exclusions" context="Patient" accessLevel="Public">
         <annotation xsi:type="a:Annotation">
            <a:s r="268">
               <a:s r="269">define &quot;Denominator Exclusions&quot;:
  null</a:s>
            </a:s>
         </annotation>
         <expression localId="269" locator="39:3-39:6" xsi:type="Null"/>
      </def>
      <def localId="271" locator="41:1-42:6" name="Denominator Exceptions" context="Patient" accessLevel="Public">
         <annotation xsi:type="a:Annotation">
            <a:s r="271">
               <a:s r="272">define &quot;Denominator Exceptions&quot;:
  null</a:s>
            </a:s>
         </annotation>
         <expression localId="272" locator="42:3-42:6" xsi:type="Null"/>
      </def>
      <def localId="274" locator="48:1-51:67" name="Numerator" context="Patient" accessLevel="Public">
         <annotation xsi:type="a:Annotation">
            <a:s r="274">
               <a:s>/* 
... has a PCO goal identified resulting in completion of goal attainment scaling (GAS)
or a Patient-Reported Outcome Measure (PROM) and development of an action plan.
*/
define &quot;Numerator&quot;:
  </a:s>
               <a:s r="286">
                  <a:s>
                     <a:s r="275">
                        <a:s r="276">
                           <a:s>
                              <a:s>&quot;Denominator&quot;</a:s>
                           </a:s>
                        </a:s>
                        <a:s> person</a:s>
                     </a:s>
                  </a:s>
                  <a:s> </a:s>
                  <a:s r="277">
                     <a:s>where
    </a:s>
                     <a:s r="277">
                        <a:s r="278">
                           <a:s>exists </a:s>
                           <a:s r="280">
                              <a:s r="279">
                                 <a:s>PCOLogic</a:s>
                              </a:s>
                              <a:s>.</a:s>
                              <a:s r="280">
                                 <a:s>&quot;PCO Goals During Measurement Period&quot;</a:s>
                              </a:s>
                           </a:s>
                        </a:s>
                        <a:s>
      and </a:s>
                        <a:s r="281">
                           <a:s>exists </a:s>
                           <a:s r="283">
                              <a:s r="282">
                                 <a:s>PCOLogic</a:s>
                              </a:s>
                              <a:s>.</a:s>
                              <a:s r="283">
                                 <a:s>&quot;Baseline Scores Before Follow-Up Period&quot;</a:s>
                              </a:s>
                           </a:s>
                        </a:s>
                     </a:s>
                  </a:s>
               </a:s>
            </a:s>
         </annotation>
         <expression localId="286" locator="49:3-51:67" xsi:type="Query">
            <source localId="275" locator="49:3-49:22" alias="person">
               <expression localId="276" locator="49:3-49:15" name="Denominator" xsi:type="ExpressionRef"/>
            </source>
            <where localId="277" locator="49:24-51:67" xsi:type="And">
               <operand localId="278" locator="50:5-50:57" xsi:type="Exists">
                  <operand localId="280" locator="50:12-50:57" name="PCO Goals During Measurement Period" libraryName="PCOLogic" xsi:type="ExpressionRef"/>
               </operand>
               <operand localId="281" locator="51:11-51:67" xsi:type="Exists">
                  <signature localId="284" xsi:type="ListTypeSpecifier">
                     <elementType localId="285" name="fhir:Observation" xsi:type="NamedTypeSpecifier"/>
                  </signature>
                  <operand localId="283" locator="51:18-51:67" name="Baseline Scores Before Follow-Up Period" libraryName="PCOLogic" xsi:type="ExpressionRef"/>
               </operand>
            </where>
         </expression>
      </def>
   </statements>
</library>
