{
   "library" : {
      "localId" : "0",
      "annotation" : [ {
         "translatorVersion" : "3.10.0",
         "translatorOptions" : "EnableAnnotations,EnableLocators,DisableListDemotion,DisableListPromotion",
         "signatureLevel" : "Overloads",
         "type" : "CqlToElmInfo"
      }, {
         "type" : "Annotation",
         "s" : {
            "r" : "368",
            "s" : [ {
               "value" : [ "","library ExtensionAndSlicingExample version '0.4.1'" ]
            } ]
         }
      } ],
      "identifier" : {
         "id" : "ExtensionAndSlicingExample",
         "system" : "http://mtnlotus.com/uv/pco",
         "version" : "0.4.1"
      },
      "schemaIdentifier" : {
         "id" : "urn:hl7-org:elm",
         "version" : "r1"
      },
      "usings" : {
         "def" : [ {
            "localId" : "1",
            "localIdentifier" : "System",
            "uri" : "urn:hl7-org:elm-types:r1"
         }, {
            "localId" : "206",
            "locator" : "3:1-3:26",
            "localIdentifier" : "FHIR",
            "uri" : "http://hl7.org/fhir",
            "version" : "4.0.1",
            "annotation" : [ {
               "type" : "Annotation",
               "s" : {
                  "r" : "206",
                  "s" : [ {
                     "value" : [ "","using " ]
                  }, {
                     "s" : [ {
                        "value" : [ "FHIR" ]
                     } ]
                  }, {
                     "value" : [ " version '4.0.1'" ]
                  } ]
               }
            } ]
         } ]
      },
      "includes" : {
         "def" : [ {
            "localId" : "207",
            "locator" : "5:1-5:35",
            "localIdentifier" : "FHIRHelpers",
            "path" : "http://mtnlotus.com/uv/pco/FHIRHelpers",
            "version" : "4.0.1",
            "annotation" : [ {
               "type" : "Annotation",
               "s" : {
                  "r" : "207",
                  "s" : [ {
                     "value" : [ "","include " ]
                  }, {
                     "s" : [ {
                        "value" : [ "FHIRHelpers" ]
                     } ]
                  }, {
                     "value" : [ " version ","'4.0.1'" ]
                  } ]
               }
            } ]
         } ]
      },
      "codeSystems" : {
         "def" : [ {
            "localId" : "208",
            "locator" : "7:1-7:38",
            "name" : "LOINC",
            "id" : "http://loinc.org",
            "accessLevel" : "Public",
            "annotation" : [ {
               "type" : "Annotation",
               "s" : {
                  "r" : "208",
                  "s" : [ {
                     "value" : [ "","codesystem ","\"LOINC\"",": ","'http://loinc.org'" ]
                  } ]
               }
            } ]
         }, {
            "localId" : "209",
            "locator" : "8:1-8:76",
            "name" : "CDC Race and Ethnicity Codes",
            "id" : "urn:oid:2.16.840.1.113883.6.238",
            "accessLevel" : "Public",
            "annotation" : [ {
               "type" : "Annotation",
               "s" : {
                  "r" : "209",
                  "s" : [ {
                     "value" : [ "","codesystem ","\"CDC Race and Ethnicity Codes\"",": ","'urn:oid:2.16.840.1.113883.6.238'" ]
                  } ]
               }
            } ]
         } ]
      },
      "codes" : {
         "def" : [ {
            "localId" : "210",
            "locator" : "10:1-10:103",
            "name" : "Blood pressure",
            "id" : "85354-9",
            "display" : "Blood pressure panel with all children optional",
            "accessLevel" : "Public",
            "annotation" : [ {
               "type" : "Annotation",
               "s" : {
                  "r" : "210",
                  "s" : [ {
                     "value" : [ "","code ","\"Blood pressure\"",": ","'85354-9'"," from " ]
                  }, {
                     "r" : "211",
                     "s" : [ {
                        "value" : [ "\"LOINC\"" ]
                     } ]
                  }, {
                     "value" : [ " display ","'Blood pressure panel with all children optional'" ]
                  } ]
               }
            } ],
            "codeSystem" : {
               "localId" : "211",
               "locator" : "10:39-10:45",
               "name" : "LOINC"
            }
         }, {
            "localId" : "212",
            "locator" : "11:1-11:89",
            "name" : "Diastolic blood pressure",
            "id" : "8462-4",
            "display" : "Diastolic blood pressure",
            "accessLevel" : "Public",
            "annotation" : [ {
               "type" : "Annotation",
               "s" : {
                  "r" : "212",
                  "s" : [ {
                     "value" : [ "","code ","\"Diastolic blood pressure\"",": ","'8462-4'"," from " ]
                  }, {
                     "r" : "213",
                     "s" : [ {
                        "value" : [ "\"LOINC\"" ]
                     } ]
                  }, {
                     "value" : [ " display ","'Diastolic blood pressure'" ]
                  } ]
               }
            } ],
            "codeSystem" : {
               "localId" : "213",
               "locator" : "11:48-11:54",
               "name" : "LOINC"
            }
         }, {
            "localId" : "214",
            "locator" : "12:1-12:87",
            "name" : "Systolic blood pressure",
            "id" : "8480-6",
            "display" : "Systolic blood pressure",
            "accessLevel" : "Public",
            "annotation" : [ {
               "type" : "Annotation",
               "s" : {
                  "r" : "214",
                  "s" : [ {
                     "value" : [ "","code ","\"Systolic blood pressure\"",": ","'8480-6'"," from " ]
                  }, {
                     "r" : "215",
                     "s" : [ {
                        "value" : [ "\"LOINC\"" ]
                     } ]
                  }, {
                     "value" : [ " display ","'Systolic blood pressure'" ]
                  } ]
               }
            } ],
            "codeSystem" : {
               "localId" : "215",
               "locator" : "12:47-12:53",
               "name" : "LOINC"
            }
         }, {
            "localId" : "216",
            "locator" : "13:1-13:85",
            "name" : "American Indian or Alaska Native",
            "id" : "1002-5",
            "accessLevel" : "Public",
            "annotation" : [ {
               "type" : "Annotation",
               "s" : {
                  "r" : "216",
                  "s" : [ {
                     "value" : [ "","code ","\"American Indian or Alaska Native\"",": ","'1002-5'"," from " ]
                  }, {
                     "r" : "217",
                     "s" : [ {
                        "value" : [ "\"CDC Race and Ethnicity Codes\"" ]
                     } ]
                  } ]
               }
            } ],
            "codeSystem" : {
               "localId" : "217",
               "locator" : "13:56-13:85",
               "name" : "CDC Race and Ethnicity Codes"
            }
         }, {
            "localId" : "218",
            "locator" : "14:1-14:66",
            "name" : "Alaska Native",
            "id" : "1735-0",
            "accessLevel" : "Public",
            "annotation" : [ {
               "type" : "Annotation",
               "s" : {
                  "r" : "218",
                  "s" : [ {
                     "value" : [ "","code ","\"Alaska Native\"",": ","'1735-0'"," from " ]
                  }, {
                     "r" : "219",
                     "s" : [ {
                        "value" : [ "\"CDC Race and Ethnicity Codes\"" ]
                     } ]
                  } ]
               }
            } ],
            "codeSystem" : {
               "localId" : "219",
               "locator" : "14:37-14:66",
               "name" : "CDC Race and Ethnicity Codes"
            }
         } ]
      },
      "contexts" : {
         "def" : [ {
            "localId" : "223",
            "locator" : "16:1-16:15",
            "name" : "Patient"
         } ]
      },
      "statements" : {
         "def" : [ {
            "localId" : "221",
            "locator" : "16:1-16:15",
            "name" : "Patient",
            "context" : "Patient",
            "expression" : {
               "localId" : "222",
               "type" : "SingletonFrom",
               "signature" : [ ],
               "operand" : {
                  "localId" : "220",
                  "locator" : "16:1-16:15",
                  "dataType" : "{http://hl7.org/fhir}Patient",
                  "templateId" : "http://hl7.org/fhir/StructureDefinition/Patient",
                  "type" : "Retrieve",
                  "include" : [ ],
                  "codeFilter" : [ ],
                  "dateFilter" : [ ],
                  "otherFilter" : [ ]
               }
            }
         }, {
            "localId" : "225",
            "locator" : "18:1-24:41",
            "name" : "TestSlices",
            "context" : "Patient",
            "accessLevel" : "Public",
            "annotation" : [ {
               "type" : "Annotation",
               "s" : {
                  "r" : "225",
                  "s" : [ {
                     "value" : [ "","define ","TestSlices",":\n  " ]
                  }, {
                     "r" : "287",
                     "s" : [ {
                        "s" : [ {
                           "r" : "226",
                           "s" : [ {
                              "r" : "229",
                              "s" : [ {
                                 "r" : "229",
                                 "s" : [ {
                                    "value" : [ "[","Observation",": " ]
                                 }, {
                                    "s" : [ {
                                       "value" : [ "\"Blood pressure\"" ]
                                    } ]
                                 }, {
                                    "value" : [ "]" ]
                                 } ]
                              } ]
                           }, {
                              "value" : [ " ","BP" ]
                           } ]
                        } ]
                     }, {
                        "value" : [ "\n    " ]
                     }, {
                        "s" : [ {
                           "value" : [ "let\n      " ]
                        }, {
                           "r" : "238",
                           "s" : [ {
                              "value" : [ "SystolicBP",": " ]
                           }, {
                              "r" : "239",
                              "s" : [ {
                                 "value" : [ "singleton from " ]
                              }, {
                                 "r" : "253",
                                 "s" : [ {
                                    "value" : [ "(" ]
                                 }, {
                                    "r" : "253",
                                    "s" : [ {
                                       "s" : [ {
                                          "r" : "240",
                                          "s" : [ {
                                             "r" : "242",
                                             "s" : [ {
                                                "s" : [ {
                                                   "value" : [ "BP",".","component" ]
                                                } ]
                                             } ]
                                          }, {
                                             "value" : [ " ","C" ]
                                          } ]
                                       } ]
                                    }, {
                                       "value" : [ " " ]
                                    }, {
                                       "r" : "243",
                                       "s" : [ {
                                          "value" : [ "where " ]
                                       }, {
                                          "r" : "243",
                                          "s" : [ {
                                             "r" : "245",
                                             "s" : [ {
                                                "r" : "244",
                                                "s" : [ {
                                                   "value" : [ "C" ]
                                                } ]
                                             }, {
                                                "value" : [ "." ]
                                             }, {
                                                "r" : "245",
                                                "s" : [ {
                                                   "value" : [ "code" ]
                                                } ]
                                             } ]
                                          }, {
                                             "value" : [ " ","~"," " ]
                                          }, {
                                             "r" : "246",
                                             "s" : [ {
                                                "value" : [ "\"Systolic blood pressure\"" ]
                                             } ]
                                          } ]
                                       } ]
                                    } ]
                                 }, {
                                    "value" : [ ")" ]
                                 } ]
                              } ]
                           } ]
                        }, {
                           "value" : [ ",\n      " ]
                        }, {
                           "r" : "254",
                           "s" : [ {
                              "value" : [ "DiastolicBP",": " ]
                           }, {
                              "r" : "255",
                              "s" : [ {
                                 "value" : [ "singleton from " ]
                              }, {
                                 "r" : "269",
                                 "s" : [ {
                                    "value" : [ "(" ]
                                 }, {
                                    "r" : "269",
                                    "s" : [ {
                                       "s" : [ {
                                          "r" : "256",
                                          "s" : [ {
                                             "r" : "258",
                                             "s" : [ {
                                                "s" : [ {
                                                   "value" : [ "BP",".","component" ]
                                                } ]
                                             } ]
                                          }, {
                                             "value" : [ " ","C" ]
                                          } ]
                                       } ]
                                    }, {
                                       "value" : [ " " ]
                                    }, {
                                       "r" : "259",
                                       "s" : [ {
                                          "value" : [ "where " ]
                                       }, {
                                          "r" : "259",
                                          "s" : [ {
                                             "r" : "261",
                                             "s" : [ {
                                                "r" : "260",
                                                "s" : [ {
                                                   "value" : [ "C" ]
                                                } ]
                                             }, {
                                                "value" : [ "." ]
                                             }, {
                                                "r" : "261",
                                                "s" : [ {
                                                   "value" : [ "code" ]
                                                } ]
                                             } ]
                                          }, {
                                             "value" : [ " ","~"," " ]
                                          }, {
                                             "r" : "262",
                                             "s" : [ {
                                                "value" : [ "\"Diastolic blood pressure\"" ]
                                             } ]
                                          } ]
                                       } ]
                                    } ]
                                 }, {
                                    "value" : [ ")" ]
                                 } ]
                              } ]
                           } ]
                        } ]
                     }, {
                        "value" : [ "\n    " ]
                     }, {
                        "r" : "270",
                        "s" : [ {
                           "value" : [ "where " ]
                        }, {
                           "r" : "270",
                           "s" : [ {
                              "r" : "271",
                              "s" : [ {
                                 "r" : "273",
                                 "s" : [ {
                                    "r" : "272",
                                    "s" : [ {
                                       "value" : [ "SystolicBP" ]
                                    } ]
                                 }, {
                                    "value" : [ "." ]
                                 }, {
                                    "r" : "273",
                                    "s" : [ {
                                       "value" : [ "value" ]
                                    } ]
                                 } ]
                              }, {
                                 "value" : [ " ","<"," " ]
                              }, {
                                 "r" : "274",
                                 "s" : [ {
                                    "value" : [ "140 ","'mm[Hg]'" ]
                                 } ]
                              } ]
                           }, {
                              "value" : [ "\n      and " ]
                           }, {
                              "r" : "279",
                              "s" : [ {
                                 "r" : "281",
                                 "s" : [ {
                                    "r" : "280",
                                    "s" : [ {
                                       "value" : [ "DiastolicBP" ]
                                    } ]
                                 }, {
                                    "value" : [ "." ]
                                 }, {
                                    "r" : "281",
                                    "s" : [ {
                                       "value" : [ "value" ]
                                    } ]
                                 } ]
                              }, {
                                 "value" : [ " ","<"," " ]
                              }, {
                                 "r" : "282",
                                 "s" : [ {
                                    "value" : [ "90 ","'mm[Hg]'" ]
                                 } ]
                              } ]
                           } ]
                        } ]
                     } ]
                  } ]
               }
            } ],
            "expression" : {
               "localId" : "287",
               "locator" : "19:3-24:41",
               "type" : "Query",
               "source" : [ {
                  "localId" : "226",
                  "locator" : "19:3-19:36",
                  "alias" : "BP",
                  "expression" : {
                     "localId" : "229",
                     "locator" : "19:3-19:33",
                     "dataType" : "{http://hl7.org/fhir}Observation",
                     "templateId" : "http://hl7.org/fhir/StructureDefinition/Observation",
                     "codeProperty" : "code",
                     "codeComparator" : "~",
                     "type" : "Retrieve",
                     "codes" : {
                        "localId" : "237",
                        "type" : "ToList",
                        "signature" : [ ],
                        "operand" : {
                           "localId" : "228",
                           "locator" : "19:17-19:32",
                           "name" : "Blood pressure",
                           "type" : "CodeRef"
                        }
                     },
                     "include" : [ ],
                     "codeFilter" : [ ],
                     "dateFilter" : [ ],
                     "otherFilter" : [ ]
                  }
               } ],
               "let" : [ {
                  "localId" : "238",
                  "locator" : "21:7-21:90",
                  "identifier" : "SystolicBP",
                  "expression" : {
                     "localId" : "239",
                     "locator" : "21:19-21:90",
                     "type" : "SingletonFrom",
                     "signature" : [ ],
                     "operand" : {
                        "localId" : "253",
                        "locator" : "21:34-21:90",
                        "type" : "Query",
                        "source" : [ {
                           "localId" : "240",
                           "locator" : "21:35-21:48",
                           "alias" : "C",
                           "expression" : {
                              "localId" : "242",
                              "locator" : "21:35-21:46",
                              "path" : "component",
                              "scope" : "BP",
                              "type" : "Property"
                           }
                        } ],
                        "let" : [ ],
                        "relationship" : [ ],
                        "where" : {
                           "localId" : "243",
                           "locator" : "21:50-21:89",
                           "type" : "Equivalent",
                           "signature" : [ {
                              "localId" : "251",
                              "name" : "{urn:hl7-org:elm-types:r1}Concept",
                              "type" : "NamedTypeSpecifier"
                           }, {
                              "localId" : "252",
                              "name" : "{urn:hl7-org:elm-types:r1}Concept",
                              "type" : "NamedTypeSpecifier"
                           } ],
                           "operand" : [ {
                              "localId" : "247",
                              "name" : "ToConcept",
                              "libraryName" : "FHIRHelpers",
                              "type" : "FunctionRef",
                              "signature" : [ ],
                              "operand" : [ {
                                 "localId" : "245",
                                 "locator" : "21:56-21:61",
                                 "path" : "code",
                                 "scope" : "C",
                                 "type" : "Property"
                              } ]
                           }, {
                              "localId" : "249",
                              "type" : "ToConcept",
                              "signature" : [ {
                                 "localId" : "250",
                                 "name" : "{urn:hl7-org:elm-types:r1}Code",
                                 "type" : "NamedTypeSpecifier"
                              } ],
                              "operand" : {
                                 "localId" : "246",
                                 "locator" : "21:65-21:89",
                                 "name" : "Systolic blood pressure",
                                 "type" : "CodeRef"
                              }
                           } ]
                        }
                     }
                  }
               }, {
                  "localId" : "254",
                  "locator" : "22:7-22:92",
                  "identifier" : "DiastolicBP",
                  "expression" : {
                     "localId" : "255",
                     "locator" : "22:20-22:92",
                     "type" : "SingletonFrom",
                     "signature" : [ ],
                     "operand" : {
                        "localId" : "269",
                        "locator" : "22:35-22:92",
                        "type" : "Query",
                        "source" : [ {
                           "localId" : "256",
                           "locator" : "22:36-22:49",
                           "alias" : "C",
                           "expression" : {
                              "localId" : "258",
                              "locator" : "22:36-22:47",
                              "path" : "component",
                              "scope" : "BP",
                              "type" : "Property"
                           }
                        } ],
                        "let" : [ ],
                        "relationship" : [ ],
                        "where" : {
                           "localId" : "259",
                           "locator" : "22:51-22:91",
                           "type" : "Equivalent",
                           "signature" : [ {
                              "localId" : "267",
                              "name" : "{urn:hl7-org:elm-types:r1}Concept",
                              "type" : "NamedTypeSpecifier"
                           }, {
                              "localId" : "268",
                              "name" : "{urn:hl7-org:elm-types:r1}Concept",
                              "type" : "NamedTypeSpecifier"
                           } ],
                           "operand" : [ {
                              "localId" : "263",
                              "name" : "ToConcept",
                              "libraryName" : "FHIRHelpers",
                              "type" : "FunctionRef",
                              "signature" : [ ],
                              "operand" : [ {
                                 "localId" : "261",
                                 "locator" : "22:57-22:62",
                                 "path" : "code",
                                 "scope" : "C",
                                 "type" : "Property"
                              } ]
                           }, {
                              "localId" : "265",
                              "type" : "ToConcept",
                              "signature" : [ {
                                 "localId" : "266",
                                 "name" : "{urn:hl7-org:elm-types:r1}Code",
                                 "type" : "NamedTypeSpecifier"
                              } ],
                              "operand" : {
                                 "localId" : "262",
                                 "locator" : "22:66-22:91",
                                 "name" : "Diastolic blood pressure",
                                 "type" : "CodeRef"
                              }
                           } ]
                        }
                     }
                  }
               } ],
               "relationship" : [ ],
               "where" : {
                  "localId" : "270",
                  "locator" : "23:5-24:41",
                  "type" : "And",
                  "signature" : [ ],
                  "operand" : [ {
                     "localId" : "271",
                     "locator" : "23:11-23:41",
                     "type" : "Less",
                     "signature" : [ {
                        "localId" : "277",
                        "name" : "{urn:hl7-org:elm-types:r1}Quantity",
                        "type" : "NamedTypeSpecifier"
                     }, {
                        "localId" : "278",
                        "name" : "{urn:hl7-org:elm-types:r1}Quantity",
                        "type" : "NamedTypeSpecifier"
                     } ],
                     "operand" : [ {
                        "localId" : "276",
                        "name" : "ToQuantity",
                        "libraryName" : "FHIRHelpers",
                        "type" : "FunctionRef",
                        "signature" : [ ],
                        "operand" : [ {
                           "localId" : "275",
                           "asType" : "{http://hl7.org/fhir}Quantity",
                           "type" : "As",
                           "signature" : [ ],
                           "operand" : {
                              "localId" : "273",
                              "locator" : "23:11-23:26",
                              "path" : "value",
                              "type" : "Property",
                              "source" : {
                                 "localId" : "272",
                                 "locator" : "23:11-23:20",
                                 "name" : "SystolicBP",
                                 "type" : "QueryLetRef"
                              }
                           }
                        } ]
                     }, {
                        "localId" : "274",
                        "locator" : "23:30-23:41",
                        "value" : 140,
                        "unit" : "mm[Hg]",
                        "type" : "Quantity"
                     } ]
                  }, {
                     "localId" : "279",
                     "locator" : "24:11-24:41",
                     "type" : "Less",
                     "signature" : [ {
                        "localId" : "285",
                        "name" : "{urn:hl7-org:elm-types:r1}Quantity",
                        "type" : "NamedTypeSpecifier"
                     }, {
                        "localId" : "286",
                        "name" : "{urn:hl7-org:elm-types:r1}Quantity",
                        "type" : "NamedTypeSpecifier"
                     } ],
                     "operand" : [ {
                        "localId" : "284",
                        "name" : "ToQuantity",
                        "libraryName" : "FHIRHelpers",
                        "type" : "FunctionRef",
                        "signature" : [ ],
                        "operand" : [ {
                           "localId" : "283",
                           "asType" : "{http://hl7.org/fhir}Quantity",
                           "type" : "As",
                           "signature" : [ ],
                           "operand" : {
                              "localId" : "281",
                              "locator" : "24:11-24:27",
                              "path" : "value",
                              "type" : "Property",
                              "source" : {
                                 "localId" : "280",
                                 "locator" : "24:11-24:21",
                                 "name" : "DiastolicBP",
                                 "type" : "QueryLetRef"
                              }
                           }
                        } ]
                     }, {
                        "localId" : "282",
                        "locator" : "24:31-24:41",
                        "value" : 90,
                        "unit" : "mm[Hg]",
                        "type" : "Quantity"
                     } ]
                  } ]
               }
            }
         }, {
            "localId" : "289",
            "locator" : "26:1-31:30",
            "name" : "TestSimpleExtensions",
            "context" : "Patient",
            "accessLevel" : "Public",
            "annotation" : [ {
               "type" : "Annotation",
               "s" : {
                  "r" : "289",
                  "s" : [ {
                     "value" : [ "","define ","TestSimpleExtensions",":\n  " ]
                  }, {
                     "r" : "366",
                     "s" : [ {
                        "s" : [ {
                           "r" : "290",
                           "s" : [ {
                              "r" : "291",
                              "s" : [ {
                                 "s" : [ {
                                    "value" : [ "Patient" ]
                                 } ]
                              } ]
                           }, {
                              "value" : [ " ","P" ]
                           } ]
                        } ]
                     }, {
                        "value" : [ "\n    " ]
                     }, {
                        "s" : [ {
                           "value" : [ "let " ]
                        }, {
                           "r" : "292",
                           "s" : [ {
                              "value" : [ "birthsex",": " ]
                           }, {
                              "r" : "293",
                              "s" : [ {
                                 "value" : [ "singleton from " ]
                              }, {
                                 "r" : "305",
                                 "s" : [ {
                                    "value" : [ "(" ]
                                 }, {
                                    "r" : "305",
                                    "s" : [ {
                                       "s" : [ {
                                          "r" : "294",
                                          "s" : [ {
                                             "r" : "296",
                                             "s" : [ {
                                                "s" : [ {
                                                   "value" : [ "P",".","extension" ]
                                                } ]
                                             } ]
                                          }, {
                                             "value" : [ " ","E" ]
                                          } ]
                                       } ]
                                    }, {
                                       "value" : [ "\n        " ]
                                    }, {
                                       "r" : "297",
                                       "s" : [ {
                                          "value" : [ "where " ]
                                       }, {
                                          "r" : "297",
                                          "s" : [ {
                                             "r" : "299",
                                             "s" : [ {
                                                "r" : "298",
                                                "s" : [ {
                                                   "value" : [ "E" ]
                                                } ]
                                             }, {
                                                "value" : [ "." ]
                                             }, {
                                                "r" : "299",
                                                "s" : [ {
                                                   "value" : [ "url" ]
                                                } ]
                                             } ]
                                          }, {
                                             "value" : [ " ","="," " ]
                                          }, {
                                             "r" : "300",
                                             "s" : [ {
                                                "value" : [ "'http://hl7.org/fhir/us/core/StructureDefinition/us-core-birthsex'" ]
                                             } ]
                                          } ]
                                       } ]
                                    } ]
                                 }, {
                                    "value" : [ "\n      )" ]
                                 } ]
                              } ]
                           } ]
                        } ]
                     }, {
                        "value" : [ "\n    " ]
                     }, {
                        "r" : "308",
                        "s" : [ {
                           "value" : [ "where " ]
                        }, {
                           "r" : "308",
                           "s" : [ {
                              "r" : "310",
                              "s" : [ {
                                 "r" : "309",
                                 "s" : [ {
                                    "value" : [ "birthsex" ]
                                 } ]
                              }, {
                                 "value" : [ "." ]
                              }, {
                                 "r" : "310",
                                 "s" : [ {
                                    "value" : [ "value" ]
                                 } ]
                              } ]
                           }, {
                              "value" : [ " ","="," " ]
                           }, {
                              "r" : "311",
                              "s" : [ {
                                 "value" : [ "'M'" ]
                              } ]
                           } ]
                        } ]
                     } ]
                  } ]
               }
            } ],
            "expression" : {
               "localId" : "366",
               "locator" : "27:3-31:30",
               "type" : "Query",
               "source" : [ {
                  "localId" : "290",
                  "locator" : "27:3-27:11",
                  "alias" : "P",
                  "expression" : {
                     "localId" : "291",
                     "locator" : "27:3-27:9",
                     "name" : "Patient",
                     "type" : "ExpressionRef"
                  }
               } ],
               "let" : [ {
                  "localId" : "292",
                  "locator" : "28:9-30:7",
                  "identifier" : "birthsex",
                  "expression" : {
                     "localId" : "293",
                     "locator" : "28:19-30:7",
                     "type" : "SingletonFrom",
                     "signature" : [ {
                        "localId" : "306",
                        "type" : "ListTypeSpecifier",
                        "elementType" : {
                           "localId" : "307",
                           "name" : "{http://hl7.org/fhir}Extension",
                           "type" : "NamedTypeSpecifier"
                        }
                     } ],
                     "operand" : {
                        "localId" : "305",
                        "locator" : "28:34-30:7",
                        "type" : "Query",
                        "source" : [ {
                           "localId" : "294",
                           "locator" : "28:35-28:47",
                           "alias" : "E",
                           "expression" : {
                              "localId" : "296",
                              "locator" : "28:35-28:45",
                              "path" : "extension",
                              "scope" : "P",
                              "type" : "Property"
                           }
                        } ],
                        "let" : [ ],
                        "relationship" : [ ],
                        "where" : {
                           "localId" : "297",
                           "locator" : "29:9-29:88",
                           "type" : "Equal",
                           "signature" : [ {
                              "localId" : "303",
                              "name" : "{urn:hl7-org:elm-types:r1}String",
                              "type" : "NamedTypeSpecifier"
                           }, {
                              "localId" : "304",
                              "name" : "{urn:hl7-org:elm-types:r1}String",
                              "type" : "NamedTypeSpecifier"
                           } ],
                           "operand" : [ {
                              "localId" : "301",
                              "name" : "ToString",
                              "libraryName" : "FHIRHelpers",
                              "type" : "FunctionRef",
                              "signature" : [ {
                                 "localId" : "302",
                                 "name" : "{http://hl7.org/fhir}uri",
                                 "type" : "NamedTypeSpecifier"
                              } ],
                              "operand" : [ {
                                 "localId" : "299",
                                 "locator" : "29:15-29:19",
                                 "path" : "url",
                                 "scope" : "E",
                                 "type" : "Property"
                              } ]
                           }, {
                              "localId" : "300",
                              "locator" : "29:23-29:88",
                              "valueType" : "{urn:hl7-org:elm-types:r1}String",
                              "value" : "http://hl7.org/fhir/us/core/StructureDefinition/us-core-birthsex",
                              "type" : "Literal"
                           } ]
                        }
                     }
                  }
               } ],
               "relationship" : [ ],
               "where" : {
                  "localId" : "308",
                  "locator" : "31:5-31:30",
                  "type" : "Equal",
                  "signature" : [ {
                     "localId" : "364",
                     "name" : "{urn:hl7-org:elm-types:r1}String",
                     "type" : "NamedTypeSpecifier"
                  }, {
                     "localId" : "365",
                     "name" : "{urn:hl7-org:elm-types:r1}String",
                     "type" : "NamedTypeSpecifier"
                  } ],
                  "operand" : [ {
                     "localId" : "315",
                     "type" : "Case",
                     "caseItem" : [ {
                        "localId" : "316",
                        "when" : {
                           "localId" : "317",
                           "isType" : "{http://hl7.org/fhir}base64Binary",
                           "type" : "Is",
                           "signature" : [ ],
                           "operand" : {
                              "localId" : "310",
                              "locator" : "31:11-31:24",
                              "path" : "value",
                              "type" : "Property",
                              "source" : {
                                 "localId" : "309",
                                 "locator" : "31:11-31:18",
                                 "name" : "birthsex",
                                 "type" : "QueryLetRef"
                              }
                           }
                        },
                        "then" : {
                           "localId" : "313",
                           "name" : "ToString",
                           "libraryName" : "FHIRHelpers",
                           "type" : "FunctionRef",
                           "signature" : [ {
                              "localId" : "314",
                              "name" : "{http://hl7.org/fhir}base64Binary",
                              "type" : "NamedTypeSpecifier"
                           } ],
                           "operand" : [ {
                              "localId" : "312",
                              "asType" : "{http://hl7.org/fhir}base64Binary",
                              "type" : "As",
                              "signature" : [ ],
                              "operand" : {
                                 "localId" : "310",
                                 "locator" : "31:11-31:24",
                                 "path" : "value",
                                 "type" : "Property",
                                 "source" : {
                                    "localId" : "309",
                                    "locator" : "31:11-31:18",
                                    "name" : "birthsex",
                                    "type" : "QueryLetRef"
                                 }
                              }
                           } ]
                        }
                     }, {
                        "localId" : "318",
                        "when" : {
                           "localId" : "319",
                           "isType" : "{http://hl7.org/fhir}uri",
                           "type" : "Is",
                           "signature" : [ ],
                           "operand" : {
                              "localId" : "310",
                              "locator" : "31:11-31:24",
                              "path" : "value",
                              "type" : "Property",
                              "source" : {
                                 "localId" : "309",
                                 "locator" : "31:11-31:18",
                                 "name" : "birthsex",
                                 "type" : "QueryLetRef"
                              }
                           }
                        },
                        "then" : {
                           "localId" : "321",
                           "name" : "ToString",
                           "libraryName" : "FHIRHelpers",
                           "type" : "FunctionRef",
                           "signature" : [ {
                              "localId" : "322",
                              "name" : "{http://hl7.org/fhir}uri",
                              "type" : "NamedTypeSpecifier"
                           } ],
                           "operand" : [ {
                              "localId" : "320",
                              "asType" : "{http://hl7.org/fhir}uri",
                              "type" : "As",
                              "signature" : [ ],
                              "operand" : {
                                 "localId" : "310",
                                 "locator" : "31:11-31:24",
                                 "path" : "value",
                                 "type" : "Property",
                                 "source" : {
                                    "localId" : "309",
                                    "locator" : "31:11-31:18",
                                    "name" : "birthsex",
                                    "type" : "QueryLetRef"
                                 }
                              }
                           } ]
                        }
                     }, {
                        "localId" : "323",
                        "when" : {
                           "localId" : "324",
                           "isType" : "{http://hl7.org/fhir}string",
                           "type" : "Is",
                           "signature" : [ ],
                           "operand" : {
                              "localId" : "310",
                              "locator" : "31:11-31:24",
                              "path" : "value",
                              "type" : "Property",
                              "source" : {
                                 "localId" : "309",
                                 "locator" : "31:11-31:18",
                                 "name" : "birthsex",
                                 "type" : "QueryLetRef"
                              }
                           }
                        },
                        "then" : {
                           "localId" : "326",
                           "name" : "ToString",
                           "libraryName" : "FHIRHelpers",
                           "type" : "FunctionRef",
                           "signature" : [ {
                              "localId" : "327",
                              "name" : "{http://hl7.org/fhir}string",
                              "type" : "NamedTypeSpecifier"
                           } ],
                           "operand" : [ {
                              "localId" : "325",
                              "asType" : "{http://hl7.org/fhir}string",
                              "type" : "As",
                              "signature" : [ ],
                              "operand" : {
                                 "localId" : "310",
                                 "locator" : "31:11-31:24",
                                 "path" : "value",
                                 "type" : "Property",
                                 "source" : {
                                    "localId" : "309",
                                    "locator" : "31:11-31:18",
                                    "name" : "birthsex",
                                    "type" : "QueryLetRef"
                                 }
                              }
                           } ]
                        }
                     }, {
                        "localId" : "328",
                        "when" : {
                           "localId" : "329",
                           "isType" : "{http://hl7.org/fhir}string",
                           "type" : "Is",
                           "signature" : [ ],
                           "operand" : {
                              "localId" : "310",
                              "locator" : "31:11-31:24",
                              "path" : "value",
                              "type" : "Property",
                              "source" : {
                                 "localId" : "309",
                                 "locator" : "31:11-31:18",
                                 "name" : "birthsex",
                                 "type" : "QueryLetRef"
                              }
                           }
                        },
                        "then" : {
                           "localId" : "331",
                           "name" : "ToString",
                           "libraryName" : "FHIRHelpers",
                           "type" : "FunctionRef",
                           "signature" : [ {
                              "localId" : "332",
                              "name" : "{http://hl7.org/fhir}string",
                              "type" : "NamedTypeSpecifier"
                           } ],
                           "operand" : [ {
                              "localId" : "330",
                              "asType" : "{http://hl7.org/fhir}string",
                              "type" : "As",
                              "signature" : [ ],
                              "operand" : {
                                 "localId" : "310",
                                 "locator" : "31:11-31:24",
                                 "path" : "value",
                                 "type" : "Property",
                                 "source" : {
                                    "localId" : "309",
                                    "locator" : "31:11-31:18",
                                    "name" : "birthsex",
                                    "type" : "QueryLetRef"
                                 }
                              }
                           } ]
                        }
                     }, {
                        "localId" : "333",
                        "when" : {
                           "localId" : "334",
                           "isType" : "{http://hl7.org/fhir}string",
                           "type" : "Is",
                           "signature" : [ ],
                           "operand" : {
                              "localId" : "310",
                              "locator" : "31:11-31:24",
                              "path" : "value",
                              "type" : "Property",
                              "source" : {
                                 "localId" : "309",
                                 "locator" : "31:11-31:18",
                                 "name" : "birthsex",
                                 "type" : "QueryLetRef"
                              }
                           }
                        },
                        "then" : {
                           "localId" : "336",
                           "name" : "ToString",
                           "libraryName" : "FHIRHelpers",
                           "type" : "FunctionRef",
                           "signature" : [ {
                              "localId" : "337",
                              "name" : "{http://hl7.org/fhir}string",
                              "type" : "NamedTypeSpecifier"
                           } ],
                           "operand" : [ {
                              "localId" : "335",
                              "asType" : "{http://hl7.org/fhir}string",
                              "type" : "As",
                              "signature" : [ ],
                              "operand" : {
                                 "localId" : "310",
                                 "locator" : "31:11-31:24",
                                 "path" : "value",
                                 "type" : "Property",
                                 "source" : {
                                    "localId" : "309",
                                    "locator" : "31:11-31:18",
                                    "name" : "birthsex",
                                    "type" : "QueryLetRef"
                                 }
                              }
                           } ]
                        }
                     }, {
                        "localId" : "338",
                        "when" : {
                           "localId" : "339",
                           "isType" : "{http://hl7.org/fhir}uri",
                           "type" : "Is",
                           "signature" : [ ],
                           "operand" : {
                              "localId" : "310",
                              "locator" : "31:11-31:24",
                              "path" : "value",
                              "type" : "Property",
                              "source" : {
                                 "localId" : "309",
                                 "locator" : "31:11-31:18",
                                 "name" : "birthsex",
                                 "type" : "QueryLetRef"
                              }
                           }
                        },
                        "then" : {
                           "localId" : "341",
                           "name" : "ToString",
                           "libraryName" : "FHIRHelpers",
                           "type" : "FunctionRef",
                           "signature" : [ {
                              "localId" : "342",
                              "name" : "{http://hl7.org/fhir}uri",
                              "type" : "NamedTypeSpecifier"
                           } ],
                           "operand" : [ {
                              "localId" : "340",
                              "asType" : "{http://hl7.org/fhir}uri",
                              "type" : "As",
                              "signature" : [ ],
                              "operand" : {
                                 "localId" : "310",
                                 "locator" : "31:11-31:24",
                                 "path" : "value",
                                 "type" : "Property",
                                 "source" : {
                                    "localId" : "309",
                                    "locator" : "31:11-31:18",
                                    "name" : "birthsex",
                                    "type" : "QueryLetRef"
                                 }
                              }
                           } ]
                        }
                     }, {
                        "localId" : "343",
                        "when" : {
                           "localId" : "344",
                           "isType" : "{http://hl7.org/fhir}string",
                           "type" : "Is",
                           "signature" : [ ],
                           "operand" : {
                              "localId" : "310",
                              "locator" : "31:11-31:24",
                              "path" : "value",
                              "type" : "Property",
                              "source" : {
                                 "localId" : "309",
                                 "locator" : "31:11-31:18",
                                 "name" : "birthsex",
                                 "type" : "QueryLetRef"
                              }
                           }
                        },
                        "then" : {
                           "localId" : "346",
                           "name" : "ToString",
                           "libraryName" : "FHIRHelpers",
                           "type" : "FunctionRef",
                           "signature" : [ {
                              "localId" : "347",
                              "name" : "{http://hl7.org/fhir}string",
                              "type" : "NamedTypeSpecifier"
                           } ],
                           "operand" : [ {
                              "localId" : "345",
                              "asType" : "{http://hl7.org/fhir}string",
                              "type" : "As",
                              "signature" : [ ],
                              "operand" : {
                                 "localId" : "310",
                                 "locator" : "31:11-31:24",
                                 "path" : "value",
                                 "type" : "Property",
                                 "source" : {
                                    "localId" : "309",
                                    "locator" : "31:11-31:18",
                                    "name" : "birthsex",
                                    "type" : "QueryLetRef"
                                 }
                              }
                           } ]
                        }
                     }, {
                        "localId" : "348",
                        "when" : {
                           "localId" : "349",
                           "isType" : "{http://hl7.org/fhir}uri",
                           "type" : "Is",
                           "signature" : [ ],
                           "operand" : {
                              "localId" : "310",
                              "locator" : "31:11-31:24",
                              "path" : "value",
                              "type" : "Property",
                              "source" : {
                                 "localId" : "309",
                                 "locator" : "31:11-31:18",
                                 "name" : "birthsex",
                                 "type" : "QueryLetRef"
                              }
                           }
                        },
                        "then" : {
                           "localId" : "351",
                           "name" : "ToString",
                           "libraryName" : "FHIRHelpers",
                           "type" : "FunctionRef",
                           "signature" : [ {
                              "localId" : "352",
                              "name" : "{http://hl7.org/fhir}uri",
                              "type" : "NamedTypeSpecifier"
                           } ],
                           "operand" : [ {
                              "localId" : "350",
                              "asType" : "{http://hl7.org/fhir}uri",
                              "type" : "As",
                              "signature" : [ ],
                              "operand" : {
                                 "localId" : "310",
                                 "locator" : "31:11-31:24",
                                 "path" : "value",
                                 "type" : "Property",
                                 "source" : {
                                    "localId" : "309",
                                    "locator" : "31:11-31:18",
                                    "name" : "birthsex",
                                    "type" : "QueryLetRef"
                                 }
                              }
                           } ]
                        }
                     }, {
                        "localId" : "353",
                        "when" : {
                           "localId" : "354",
                           "isType" : "{http://hl7.org/fhir}uri",
                           "type" : "Is",
                           "signature" : [ ],
                           "operand" : {
                              "localId" : "310",
                              "locator" : "31:11-31:24",
                              "path" : "value",
                              "type" : "Property",
                              "source" : {
                                 "localId" : "309",
                                 "locator" : "31:11-31:18",
                                 "name" : "birthsex",
                                 "type" : "QueryLetRef"
                              }
                           }
                        },
                        "then" : {
                           "localId" : "356",
                           "name" : "ToString",
                           "libraryName" : "FHIRHelpers",
                           "type" : "FunctionRef",
                           "signature" : [ {
                              "localId" : "357",
                              "name" : "{http://hl7.org/fhir}uri",
                              "type" : "NamedTypeSpecifier"
                           } ],
                           "operand" : [ {
                              "localId" : "355",
                              "asType" : "{http://hl7.org/fhir}uri",
                              "type" : "As",
                              "signature" : [ ],
                              "operand" : {
                                 "localId" : "310",
                                 "locator" : "31:11-31:24",
                                 "path" : "value",
                                 "type" : "Property",
                                 "source" : {
                                    "localId" : "309",
                                    "locator" : "31:11-31:18",
                                    "name" : "birthsex",
                                    "type" : "QueryLetRef"
                                 }
                              }
                           } ]
                        }
                     }, {
                        "localId" : "358",
                        "when" : {
                           "localId" : "359",
                           "isType" : "{http://hl7.org/fhir}uri",
                           "type" : "Is",
                           "signature" : [ ],
                           "operand" : {
                              "localId" : "310",
                              "locator" : "31:11-31:24",
                              "path" : "value",
                              "type" : "Property",
                              "source" : {
                                 "localId" : "309",
                                 "locator" : "31:11-31:18",
                                 "name" : "birthsex",
                                 "type" : "QueryLetRef"
                              }
                           }
                        },
                        "then" : {
                           "localId" : "361",
                           "name" : "ToString",
                           "libraryName" : "FHIRHelpers",
                           "type" : "FunctionRef",
                           "signature" : [ {
                              "localId" : "362",
                              "name" : "{http://hl7.org/fhir}uri",
                              "type" : "NamedTypeSpecifier"
                           } ],
                           "operand" : [ {
                              "localId" : "360",
                              "asType" : "{http://hl7.org/fhir}uri",
                              "type" : "As",
                              "signature" : [ ],
                              "operand" : {
                                 "localId" : "310",
                                 "locator" : "31:11-31:24",
                                 "path" : "value",
                                 "type" : "Property",
                                 "source" : {
                                    "localId" : "309",
                                    "locator" : "31:11-31:18",
                                    "name" : "birthsex",
                                    "type" : "QueryLetRef"
                                 }
                              }
                           } ]
                        }
                     } ],
                     "else" : {
                        "localId" : "363",
                        "type" : "Null"
                     }
                  }, {
                     "localId" : "311",
                     "locator" : "31:28-31:30",
                     "valueType" : "{urn:hl7-org:elm-types:r1}String",
                     "value" : "M",
                     "type" : "Literal"
                  } ]
               }
            }
         }, {
            "localId" : "368",
            "locator" : "33:1-41:61",
            "name" : "TestComplexExtensions",
            "context" : "Patient",
            "accessLevel" : "Public",
            "annotation" : [ {
               "type" : "Annotation",
               "s" : {
                  "r" : "368",
                  "s" : [ {
                     "value" : [ "","define ","TestComplexExtensions",":\n  " ]
                  }, {
                     "r" : "438",
                     "s" : [ {
                        "s" : [ {
                           "r" : "369",
                           "s" : [ {
                              "r" : "370",
                              "s" : [ {
                                 "s" : [ {
                                    "value" : [ "Patient" ]
                                 } ]
                              } ]
                           }, {
                              "value" : [ " ","P" ]
                           } ]
                        } ]
                     }, {
                        "value" : [ "\n    " ]
                     }, {
                        "s" : [ {
                           "value" : [ "let\n      " ]
                        }, {
                           "r" : "371",
                           "s" : [ {
                              "value" : [ "race",": " ]
                           }, {
                              "r" : "372",
                              "s" : [ {
                                 "value" : [ "singleton from " ]
                              }, {
                                 "r" : "384",
                                 "s" : [ {
                                    "value" : [ "(" ]
                                 }, {
                                    "r" : "384",
                                    "s" : [ {
                                       "s" : [ {
                                          "r" : "373",
                                          "s" : [ {
                                             "r" : "375",
                                             "s" : [ {
                                                "s" : [ {
                                                   "value" : [ "P",".","extension" ]
                                                } ]
                                             } ]
                                          }, {
                                             "value" : [ " ","E" ]
                                          } ]
                                       } ]
                                    }, {
                                       "value" : [ "\n        " ]
                                    }, {
                                       "r" : "376",
                                       "s" : [ {
                                          "value" : [ "where " ]
                                       }, {
                                          "r" : "376",
                                          "s" : [ {
                                             "r" : "378",
                                             "s" : [ {
                                                "r" : "377",
                                                "s" : [ {
                                                   "value" : [ "E" ]
                                                } ]
                                             }, {
                                                "value" : [ "." ]
                                             }, {
                                                "r" : "378",
                                                "s" : [ {
                                                   "value" : [ "url" ]
                                                } ]
                                             } ]
                                          }, {
                                             "value" : [ " ","="," " ]
                                          }, {
                                             "r" : "379",
                                             "s" : [ {
                                                "value" : [ "'http://hl7.org/fhir/us/core/StructureDefinition/us-core-race'" ]
                                             } ]
                                          } ]
                                       } ]
                                    } ]
                                 }, {
                                    "value" : [ ")" ]
                                 } ]
                              } ]
                           } ]
                        }, {
                           "value" : [ ",\n      " ]
                        }, {
                           "r" : "387",
                           "s" : [ {
                              "value" : [ "ombCategory",": " ]
                           }, {
                              "r" : "399",
                              "s" : [ {
                                 "s" : [ {
                                    "r" : "388",
                                    "s" : [ {
                                       "r" : "390",
                                       "s" : [ {
                                          "s" : [ {
                                             "value" : [ "race",".","extension" ]
                                          } ]
                                       } ]
                                    }, {
                                       "value" : [ " ","E" ]
                                    } ]
                                 } ]
                              }, {
                                 "value" : [ " " ]
                              }, {
                                 "r" : "391",
                                 "s" : [ {
                                    "value" : [ "where " ]
                                 }, {
                                    "r" : "391",
                                    "s" : [ {
                                       "r" : "393",
                                       "s" : [ {
                                          "r" : "392",
                                          "s" : [ {
                                             "value" : [ "E" ]
                                          } ]
                                       }, {
                                          "value" : [ "." ]
                                       }, {
                                          "r" : "393",
                                          "s" : [ {
                                             "value" : [ "url" ]
                                          } ]
                                       } ]
                                    }, {
                                       "value" : [ " ","="," " ]
                                    }, {
                                       "r" : "394",
                                       "s" : [ {
                                          "value" : [ "'ombCategory'" ]
                                       } ]
                                    } ]
                                 } ]
                              } ]
                           } ]
                        }, {
                           "value" : [ ",\n      " ]
                        }, {
                           "r" : "400",
                           "s" : [ {
                              "value" : [ "detailed",": " ]
                           }, {
                              "r" : "412",
                              "s" : [ {
                                 "s" : [ {
                                    "r" : "401",
                                    "s" : [ {
                                       "r" : "403",
                                       "s" : [ {
                                          "s" : [ {
                                             "value" : [ "race",".","extension" ]
                                          } ]
                                       } ]
                                    }, {
                                       "value" : [ " ","E" ]
                                    } ]
                                 } ]
                              }, {
                                 "value" : [ " " ]
                              }, {
                                 "r" : "404",
                                 "s" : [ {
                                    "value" : [ "where " ]
                                 }, {
                                    "r" : "404",
                                    "s" : [ {
                                       "r" : "406",
                                       "s" : [ {
                                          "r" : "405",
                                          "s" : [ {
                                             "value" : [ "E" ]
                                          } ]
                                       }, {
                                          "value" : [ "." ]
                                       }, {
                                          "r" : "406",
                                          "s" : [ {
                                             "value" : [ "url" ]
                                          } ]
                                       } ]
                                    }, {
                                       "value" : [ " ","="," " ]
                                    }, {
                                       "r" : "407",
                                       "s" : [ {
                                          "value" : [ "'detailed'" ]
                                       } ]
                                    } ]
                                 } ]
                              } ]
                           } ]
                        } ]
                     }, {
                        "value" : [ "\n    " ]
                     }, {
                        "r" : "413",
                        "s" : [ {
                           "value" : [ "where " ]
                        }, {
                           "r" : "413",
                           "s" : [ {
                              "r" : "414",
                              "s" : [ {
                                 "value" : [ "exists " ]
                              }, {
                                 "r" : "425",
                                 "s" : [ {
                                    "value" : [ "(" ]
                                 }, {
                                    "r" : "425",
                                    "s" : [ {
                                       "s" : [ {
                                          "r" : "415",
                                          "s" : [ {
                                             "r" : "416",
                                             "s" : [ {
                                                "s" : [ {
                                                   "value" : [ "ombCategory" ]
                                                } ]
                                             } ]
                                          }, {
                                             "value" : [ " ","O" ]
                                          } ]
                                       } ]
                                    }, {
                                       "value" : [ " " ]
                                    }, {
                                       "r" : "417",
                                       "s" : [ {
                                          "value" : [ "where " ]
                                       }, {
                                          "r" : "417",
                                          "s" : [ {
                                             "r" : "419",
                                             "s" : [ {
                                                "r" : "418",
                                                "s" : [ {
                                                   "value" : [ "O" ]
                                                } ]
                                             }, {
                                                "value" : [ "." ]
                                             }, {
                                                "r" : "419",
                                                "s" : [ {
                                                   "value" : [ "value" ]
                                                } ]
                                             } ]
                                          }, {
                                             "value" : [ " ","~"," " ]
                                          }, {
                                             "r" : "420",
                                             "s" : [ {
                                                "value" : [ "\"American Indian or Alaska Native\"" ]
                                             } ]
                                          } ]
                                       } ]
                                    } ]
                                 }, {
                                    "value" : [ ")" ]
                                 } ]
                              } ]
                           }, {
                              "value" : [ "\n      and " ]
                           }, {
                              "r" : "426",
                              "s" : [ {
                                 "value" : [ "exists " ]
                              }, {
                                 "r" : "437",
                                 "s" : [ {
                                    "value" : [ "(" ]
                                 }, {
                                    "r" : "437",
                                    "s" : [ {
                                       "s" : [ {
                                          "r" : "427",
                                          "s" : [ {
                                             "r" : "428",
                                             "s" : [ {
                                                "s" : [ {
                                                   "value" : [ "detailed" ]
                                                } ]
                                             } ]
                                          }, {
                                             "value" : [ " ","O" ]
                                          } ]
                                       } ]
                                    }, {
                                       "value" : [ " " ]
                                    }, {
                                       "r" : "429",
                                       "s" : [ {
                                          "value" : [ "where " ]
                                       }, {
                                          "r" : "429",
                                          "s" : [ {
                                             "r" : "431",
                                             "s" : [ {
                                                "r" : "430",
                                                "s" : [ {
                                                   "value" : [ "O" ]
                                                } ]
                                             }, {
                                                "value" : [ "." ]
                                             }, {
                                                "r" : "431",
                                                "s" : [ {
                                                   "value" : [ "value" ]
                                                } ]
                                             } ]
                                          }, {
                                             "value" : [ " ","~"," " ]
                                          }, {
                                             "r" : "432",
                                             "s" : [ {
                                                "value" : [ "\"Alaska Native\"" ]
                                             } ]
                                          } ]
                                       } ]
                                    } ]
                                 }, {
                                    "value" : [ ")" ]
                                 } ]
                              } ]
                           } ]
                        } ]
                     } ]
                  } ]
               }
            } ],
            "expression" : {
               "localId" : "438",
               "locator" : "34:3-41:61",
               "type" : "Query",
               "source" : [ {
                  "localId" : "369",
                  "locator" : "34:3-34:11",
                  "alias" : "P",
                  "expression" : {
                     "localId" : "370",
                     "locator" : "34:3-34:9",
                     "name" : "Patient",
                     "type" : "ExpressionRef"
                  }
               } ],
               "let" : [ {
                  "localId" : "371",
                  "locator" : "36:7-37:85",
                  "identifier" : "race",
                  "expression" : {
                     "localId" : "372",
                     "locator" : "36:13-37:85",
                     "type" : "SingletonFrom",
                     "signature" : [ {
                        "localId" : "385",
                        "type" : "ListTypeSpecifier",
                        "elementType" : {
                           "localId" : "386",
                           "name" : "{http://hl7.org/fhir}Extension",
                           "type" : "NamedTypeSpecifier"
                        }
                     } ],
                     "operand" : {
                        "localId" : "384",
                        "locator" : "36:28-37:85",
                        "type" : "Query",
                        "source" : [ {
                           "localId" : "373",
                           "locator" : "36:29-36:41",
                           "alias" : "E",
                           "expression" : {
                              "localId" : "375",
                              "locator" : "36:29-36:39",
                              "path" : "extension",
                              "scope" : "P",
                              "type" : "Property"
                           }
                        } ],
                        "let" : [ ],
                        "relationship" : [ ],
                        "where" : {
                           "localId" : "376",
                           "locator" : "37:9-37:84",
                           "type" : "Equal",
                           "signature" : [ {
                              "localId" : "382",
                              "name" : "{urn:hl7-org:elm-types:r1}String",
                              "type" : "NamedTypeSpecifier"
                           }, {
                              "localId" : "383",
                              "name" : "{urn:hl7-org:elm-types:r1}String",
                              "type" : "NamedTypeSpecifier"
                           } ],
                           "operand" : [ {
                              "localId" : "380",
                              "name" : "ToString",
                              "libraryName" : "FHIRHelpers",
                              "type" : "FunctionRef",
                              "signature" : [ {
                                 "localId" : "381",
                                 "name" : "{http://hl7.org/fhir}uri",
                                 "type" : "NamedTypeSpecifier"
                              } ],
                              "operand" : [ {
                                 "localId" : "378",
                                 "locator" : "37:15-37:19",
                                 "path" : "url",
                                 "scope" : "E",
                                 "type" : "Property"
                              } ]
                           }, {
                              "localId" : "379",
                              "locator" : "37:23-37:84",
                              "valueType" : "{urn:hl7-org:elm-types:r1}String",
                              "value" : "http://hl7.org/fhir/us/core/StructureDefinition/us-core-race",
                              "type" : "Literal"
                           } ]
                        }
                     }
                  }
               }, {
                  "localId" : "387",
                  "locator" : "38:7-38:63",
                  "identifier" : "ombCategory",
                  "expression" : {
                     "localId" : "399",
                     "locator" : "38:20-38:63",
                     "type" : "Query",
                     "source" : [ {
                        "localId" : "388",
                        "locator" : "38:20-38:35",
                        "alias" : "E",
                        "expression" : {
                           "localId" : "390",
                           "locator" : "38:20-38:33",
                           "path" : "extension",
                           "type" : "Property",
                           "source" : {
                              "localId" : "389",
                              "name" : "race",
                              "type" : "QueryLetRef"
                           }
                        }
                     } ],
                     "let" : [ ],
                     "relationship" : [ ],
                     "where" : {
                        "localId" : "391",
                        "locator" : "38:37-38:63",
                        "type" : "Equal",
                        "signature" : [ {
                           "localId" : "397",
                           "name" : "{urn:hl7-org:elm-types:r1}String",
                           "type" : "NamedTypeSpecifier"
                        }, {
                           "localId" : "398",
                           "name" : "{urn:hl7-org:elm-types:r1}String",
                           "type" : "NamedTypeSpecifier"
                        } ],
                        "operand" : [ {
                           "localId" : "395",
                           "name" : "ToString",
                           "libraryName" : "FHIRHelpers",
                           "type" : "FunctionRef",
                           "signature" : [ {
                              "localId" : "396",
                              "name" : "{http://hl7.org/fhir}uri",
                              "type" : "NamedTypeSpecifier"
                           } ],
                           "operand" : [ {
                              "localId" : "393",
                              "locator" : "38:43-38:47",
                              "path" : "url",
                              "scope" : "E",
                              "type" : "Property"
                           } ]
                        }, {
                           "localId" : "394",
                           "locator" : "38:51-38:63",
                           "valueType" : "{urn:hl7-org:elm-types:r1}String",
                           "value" : "ombCategory",
                           "type" : "Literal"
                        } ]
                     }
                  }
               }, {
                  "localId" : "400",
                  "locator" : "39:7-39:57",
                  "identifier" : "detailed",
                  "expression" : {
                     "localId" : "412",
                     "locator" : "39:17-39:57",
                     "type" : "Query",
                     "source" : [ {
                        "localId" : "401",
                        "locator" : "39:17-39:32",
                        "alias" : "E",
                        "expression" : {
                           "localId" : "403",
                           "locator" : "39:17-39:30",
                           "path" : "extension",
                           "type" : "Property",
                           "source" : {
                              "localId" : "402",
                              "name" : "race",
                              "type" : "QueryLetRef"
                           }
                        }
                     } ],
                     "let" : [ ],
                     "relationship" : [ ],
                     "where" : {
                        "localId" : "404",
                        "locator" : "39:34-39:57",
                        "type" : "Equal",
                        "signature" : [ {
                           "localId" : "410",
                           "name" : "{urn:hl7-org:elm-types:r1}String",
                           "type" : "NamedTypeSpecifier"
                        }, {
                           "localId" : "411",
                           "name" : "{urn:hl7-org:elm-types:r1}String",
                           "type" : "NamedTypeSpecifier"
                        } ],
                        "operand" : [ {
                           "localId" : "408",
                           "name" : "ToString",
                           "libraryName" : "FHIRHelpers",
                           "type" : "FunctionRef",
                           "signature" : [ {
                              "localId" : "409",
                              "name" : "{http://hl7.org/fhir}uri",
                              "type" : "NamedTypeSpecifier"
                           } ],
                           "operand" : [ {
                              "localId" : "406",
                              "locator" : "39:40-39:44",
                              "path" : "url",
                              "scope" : "E",
                              "type" : "Property"
                           } ]
                        }, {
                           "localId" : "407",
                           "locator" : "39:48-39:57",
                           "valueType" : "{urn:hl7-org:elm-types:r1}String",
                           "value" : "detailed",
                           "type" : "Literal"
                        } ]
                     }
                  }
               } ],
               "relationship" : [ ],
               "where" : {
                  "localId" : "413",
                  "locator" : "40:5-41:61",
                  "type" : "And",
                  "signature" : [ ],
                  "operand" : [ {
                     "localId" : "414",
                     "locator" : "40:11-40:83",
                     "type" : "Exists",
                     "signature" : [ ],
                     "operand" : {
                        "localId" : "425",
                        "locator" : "40:18-40:83",
                        "type" : "Query",
                        "source" : [ {
                           "localId" : "415",
                           "locator" : "40:19-40:31",
                           "alias" : "O",
                           "expression" : {
                              "localId" : "416",
                              "locator" : "40:19-40:29",
                              "name" : "ombCategory",
                              "type" : "QueryLetRef"
                           }
                        } ],
                        "let" : [ ],
                        "relationship" : [ ],
                        "where" : {
                           "localId" : "417",
                           "locator" : "40:33-40:82",
                           "type" : "Equivalent",
                           "signature" : [ {
                              "localId" : "423",
                              "name" : "{urn:hl7-org:elm-types:r1}Code",
                              "type" : "NamedTypeSpecifier"
                           }, {
                              "localId" : "424",
                              "name" : "{urn:hl7-org:elm-types:r1}Code",
                              "type" : "NamedTypeSpecifier"
                           } ],
                           "operand" : [ {
                              "localId" : "422",
                              "name" : "ToCode",
                              "libraryName" : "FHIRHelpers",
                              "type" : "FunctionRef",
                              "signature" : [ ],
                              "operand" : [ {
                                 "localId" : "421",
                                 "asType" : "{http://hl7.org/fhir}Coding",
                                 "type" : "As",
                                 "signature" : [ ],
                                 "operand" : {
                                    "localId" : "419",
                                    "locator" : "40:39-40:45",
                                    "path" : "value",
                                    "scope" : "O",
                                    "type" : "Property"
                                 }
                              } ]
                           }, {
                              "localId" : "420",
                              "locator" : "40:49-40:82",
                              "name" : "American Indian or Alaska Native",
                              "type" : "CodeRef"
                           } ]
                        }
                     }
                  }, {
                     "localId" : "426",
                     "locator" : "41:11-41:61",
                     "type" : "Exists",
                     "signature" : [ ],
                     "operand" : {
                        "localId" : "437",
                        "locator" : "41:18-41:61",
                        "type" : "Query",
                        "source" : [ {
                           "localId" : "427",
                           "locator" : "41:19-41:28",
                           "alias" : "O",
                           "expression" : {
                              "localId" : "428",
                              "locator" : "41:19-41:26",
                              "name" : "detailed",
                              "type" : "QueryLetRef"
                           }
                        } ],
                        "let" : [ ],
                        "relationship" : [ ],
                        "where" : {
                           "localId" : "429",
                           "locator" : "41:30-41:60",
                           "type" : "Equivalent",
                           "signature" : [ {
                              "localId" : "435",
                              "name" : "{urn:hl7-org:elm-types:r1}Code",
                              "type" : "NamedTypeSpecifier"
                           }, {
                              "localId" : "436",
                              "name" : "{urn:hl7-org:elm-types:r1}Code",
                              "type" : "NamedTypeSpecifier"
                           } ],
                           "operand" : [ {
                              "localId" : "434",
                              "name" : "ToCode",
                              "libraryName" : "FHIRHelpers",
                              "type" : "FunctionRef",
                              "signature" : [ ],
                              "operand" : [ {
                                 "localId" : "433",
                                 "asType" : "{http://hl7.org/fhir}Coding",
                                 "type" : "As",
                                 "signature" : [ ],
                                 "operand" : {
                                    "localId" : "431",
                                    "locator" : "41:36-41:42",
                                    "path" : "value",
                                    "scope" : "O",
                                    "type" : "Property"
                                 }
                              } ]
                           }, {
                              "localId" : "432",
                              "locator" : "41:46-41:60",
                              "name" : "Alaska Native",
                              "type" : "CodeRef"
                           } ]
                        }
                     }
                  } ]
               }
            }
         } ]
      }
   }
}