{
   "library" : {
      "localId" : "0",
      "annotation" : [ {
         "translatorVersion" : "3.11.0",
         "translatorOptions" : "EnableAnnotations,EnableLocators,DisableListDemotion,DisableListPromotion",
         "signatureLevel" : "Overloads",
         "type" : "CqlToElmInfo"
      }, {
         "type" : "Annotation",
         "s" : {
            "r" : "274",
            "s" : [ {
               "value" : [ "","library GoalIdentificationMeasure version '0.1.0'" ]
            } ]
         }
      } ],
      "identifier" : {
         "id" : "GoalIdentificationMeasure",
         "system" : "http://hl7.org/fhir/us/pco",
         "version" : "0.1.0"
      },
      "schemaIdentifier" : {
         "id" : "urn:hl7-org:elm",
         "version" : "r1"
      },
      "usings" : {
         "def" : [ {
            "localId" : "1",
            "localIdentifier" : "System",
            "uri" : "urn:hl7-org:elm-types:r1"
         }, {
            "localId" : "206",
            "locator" : "3:1-3:26",
            "localIdentifier" : "FHIR",
            "uri" : "http://hl7.org/fhir",
            "version" : "4.0.1",
            "annotation" : [ {
               "type" : "Annotation",
               "s" : {
                  "r" : "206",
                  "s" : [ {
                     "value" : [ "","using " ]
                  }, {
                     "s" : [ {
                        "value" : [ "FHIR" ]
                     } ]
                  }, {
                     "value" : [ " version '4.0.1'" ]
                  } ]
               }
            } ]
         } ]
      },
      "includes" : {
         "def" : [ {
            "localId" : "207",
            "locator" : "5:1-5:56",
            "localIdentifier" : "FHIRHelpers",
            "path" : "http://hl7.org/fhir/us/pco/FHIRHelpers",
            "version" : "4.4.000",
            "annotation" : [ {
               "type" : "Annotation",
               "s" : {
                  "r" : "207",
                  "s" : [ {
                     "value" : [ "","include " ]
                  }, {
                     "s" : [ {
                        "value" : [ "FHIRHelpers" ]
                     } ]
                  }, {
                     "value" : [ " version ","'4.4.000'"," called ","FHIRHelpers" ]
                  } ]
               }
            } ]
         }, {
            "localId" : "208",
            "locator" : "6:1-6:43",
            "localIdentifier" : "PC",
            "path" : "http://hl7.org/fhir/us/pco/PCOCommon",
            "version" : "0.1.0",
            "annotation" : [ {
               "type" : "Annotation",
               "s" : {
                  "r" : "208",
                  "s" : [ {
                     "value" : [ "","include " ]
                  }, {
                     "s" : [ {
                        "value" : [ "PCOCommon" ]
                     } ]
                  }, {
                     "value" : [ " version ","'0.1.0'"," called ","PC" ]
                  } ]
               }
            } ]
         }, {
            "localId" : "209",
            "locator" : "7:1-7:59",
            "localIdentifier" : "PCOLogic",
            "path" : "http://hl7.org/fhir/us/pco/GoalAttainmentLogic",
            "version" : "0.1.0",
            "annotation" : [ {
               "type" : "Annotation",
               "s" : {
                  "r" : "209",
                  "s" : [ {
                     "value" : [ "","include " ]
                  }, {
                     "s" : [ {
                        "value" : [ "GoalAttainmentLogic" ]
                     } ]
                  }, {
                     "value" : [ " version ","'0.1.0'"," called ","PCOLogic" ]
                  } ]
               }
            } ]
         } ]
      },
      "parameters" : {
         "def" : [ {
            "localId" : "210",
            "locator" : "9:1-10:74",
            "name" : "Measurement Period",
            "accessLevel" : "Public",
            "annotation" : [ {
               "type" : "Annotation",
               "s" : {
                  "r" : "210",
                  "s" : [ {
                     "value" : [ "","parameter ","\"Measurement Period\""," " ]
                  }, {
                     "r" : "230",
                     "s" : [ {
                        "value" : [ "Interval<" ]
                     }, {
                        "r" : "231",
                        "s" : [ {
                           "value" : [ "DateTime" ]
                        } ]
                     }, {
                        "value" : [ ">" ]
                     } ]
                  }, {
                     "value" : [ "\n    default " ]
                  }, {
                     "r" : "229",
                     "s" : [ {
                        "r" : "211",
                        "value" : [ "Interval[","@2024-01-01T00:00:00.000Z",", ","@2024-12-31T23:59:59.999Z","]" ]
                     } ]
                  } ]
               }
            } ],
            "default" : {
               "localId" : "229",
               "locator" : "10:13-10:74",
               "lowClosed" : true,
               "highClosed" : true,
               "type" : "Interval",
               "low" : {
                  "localId" : "211",
                  "locator" : "10:22-10:46",
                  "type" : "DateTime",
                  "signature" : [ ],
                  "year" : {
                     "localId" : "212",
                     "valueType" : "{urn:hl7-org:elm-types:r1}Integer",
                     "value" : "2024",
                     "type" : "Literal"
                  },
                  "month" : {
                     "localId" : "213",
                     "valueType" : "{urn:hl7-org:elm-types:r1}Integer",
                     "value" : "1",
                     "type" : "Literal"
                  },
                  "day" : {
                     "localId" : "214",
                     "valueType" : "{urn:hl7-org:elm-types:r1}Integer",
                     "value" : "1",
                     "type" : "Literal"
                  },
                  "hour" : {
                     "localId" : "215",
                     "valueType" : "{urn:hl7-org:elm-types:r1}Integer",
                     "value" : "0",
                     "type" : "Literal"
                  },
                  "minute" : {
                     "localId" : "216",
                     "valueType" : "{urn:hl7-org:elm-types:r1}Integer",
                     "value" : "0",
                     "type" : "Literal"
                  },
                  "second" : {
                     "localId" : "217",
                     "valueType" : "{urn:hl7-org:elm-types:r1}Integer",
                     "value" : "0",
                     "type" : "Literal"
                  },
                  "millisecond" : {
                     "localId" : "218",
                     "valueType" : "{urn:hl7-org:elm-types:r1}Integer",
                     "value" : "0",
                     "type" : "Literal"
                  },
                  "timezoneOffset" : {
                     "localId" : "219",
                     "valueType" : "{urn:hl7-org:elm-types:r1}Decimal",
                     "value" : "0.0",
                     "type" : "Literal"
                  }
               },
               "high" : {
                  "localId" : "220",
                  "locator" : "10:49-10:73",
                  "type" : "DateTime",
                  "signature" : [ ],
                  "year" : {
                     "localId" : "221",
                     "valueType" : "{urn:hl7-org:elm-types:r1}Integer",
                     "value" : "2024",
                     "type" : "Literal"
                  },
                  "month" : {
                     "localId" : "222",
                     "valueType" : "{urn:hl7-org:elm-types:r1}Integer",
                     "value" : "12",
                     "type" : "Literal"
                  },
                  "day" : {
                     "localId" : "223",
                     "valueType" : "{urn:hl7-org:elm-types:r1}Integer",
                     "value" : "31",
                     "type" : "Literal"
                  },
                  "hour" : {
                     "localId" : "224",
                     "valueType" : "{urn:hl7-org:elm-types:r1}Integer",
                     "value" : "23",
                     "type" : "Literal"
                  },
                  "minute" : {
                     "localId" : "225",
                     "valueType" : "{urn:hl7-org:elm-types:r1}Integer",
                     "value" : "59",
                     "type" : "Literal"
                  },
                  "second" : {
                     "localId" : "226",
                     "valueType" : "{urn:hl7-org:elm-types:r1}Integer",
                     "value" : "59",
                     "type" : "Literal"
                  },
                  "millisecond" : {
                     "localId" : "227",
                     "valueType" : "{urn:hl7-org:elm-types:r1}Integer",
                     "value" : "999",
                     "type" : "Literal"
                  },
                  "timezoneOffset" : {
                     "localId" : "228",
                     "valueType" : "{urn:hl7-org:elm-types:r1}Decimal",
                     "value" : "0.0",
                     "type" : "Literal"
                  }
               }
            },
            "parameterTypeSpecifier" : {
               "localId" : "230",
               "locator" : "9:32-9:49",
               "type" : "IntervalTypeSpecifier",
               "pointType" : {
                  "localId" : "231",
                  "locator" : "9:41-9:48",
                  "name" : "{urn:hl7-org:elm-types:r1}DateTime",
                  "type" : "NamedTypeSpecifier"
               }
            }
         }, {
            "localId" : "232",
            "locator" : "12:1-13:37",
            "name" : "Follow-Up Interval",
            "accessLevel" : "Public",
            "annotation" : [ {
               "type" : "Annotation",
               "s" : {
                  "r" : "232",
                  "s" : [ {
                     "value" : [ "","parameter ","\"Follow-Up Interval\""," " ]
                  }, {
                     "r" : "236",
                     "s" : [ {
                        "value" : [ "Interval<" ]
                     }, {
                        "r" : "237",
                        "s" : [ {
                           "value" : [ "System",".","Quantity" ]
                        } ]
                     }, {
                        "value" : [ ">" ]
                     } ]
                  }, {
                     "value" : [ "\n  default " ]
                  }, {
                     "r" : "235",
                     "s" : [ {
                        "value" : [ "Interval[" ]
                     }, {
                        "r" : "233",
                        "s" : [ {
                           "value" : [ "2 ","weeks" ]
                        } ]
                     }, {
                        "value" : [ ", " ]
                     }, {
                        "r" : "234",
                        "s" : [ {
                           "value" : [ "26 ","weeks" ]
                        } ]
                     }, {
                        "value" : [ "]" ]
                     } ]
                  } ]
               }
            } ],
            "default" : {
               "localId" : "235",
               "locator" : "13:11-13:37",
               "lowClosed" : true,
               "highClosed" : true,
               "type" : "Interval",
               "low" : {
                  "localId" : "233",
                  "locator" : "13:20-13:26",
                  "value" : 2,
                  "unit" : "weeks",
                  "type" : "Quantity"
               },
               "high" : {
                  "localId" : "234",
                  "locator" : "13:29-13:36",
                  "value" : 26,
                  "unit" : "weeks",
                  "type" : "Quantity"
               }
            },
            "parameterTypeSpecifier" : {
               "localId" : "236",
               "locator" : "12:32-12:56",
               "type" : "IntervalTypeSpecifier",
               "pointType" : {
                  "localId" : "237",
                  "locator" : "12:41-12:55",
                  "name" : "{urn:hl7-org:elm-types:r1}Quantity",
                  "type" : "NamedTypeSpecifier"
               }
            }
         } ]
      },
      "contexts" : {
         "def" : [ {
            "localId" : "241",
            "locator" : "15:1-15:15",
            "name" : "Patient"
         } ]
      },
      "statements" : {
         "def" : [ {
            "localId" : "239",
            "locator" : "15:1-15:15",
            "name" : "Patient",
            "context" : "Patient",
            "expression" : {
               "localId" : "240",
               "type" : "SingletonFrom",
               "signature" : [ ],
               "operand" : {
                  "localId" : "238",
                  "locator" : "15:1-15:15",
                  "dataType" : "{http://hl7.org/fhir}Patient",
                  "templateId" : "http://hl7.org/fhir/StructureDefinition/Patient",
                  "type" : "Retrieve",
                  "include" : [ ],
                  "codeFilter" : [ ],
                  "dateFilter" : [ ],
                  "otherFilter" : [ ]
               }
            }
         }, {
            "localId" : "243",
            "locator" : "26:1-29:1",
            "name" : "Initial Population",
            "context" : "Patient",
            "accessLevel" : "Public",
            "annotation" : [ {
               "type" : "Annotation",
               "t" : [ {
                  "name" : "description",
                  "value" : "Includes individuals 18 years of age and older."
               } ],
               "s" : {
                  "r" : "243",
                  "s" : [ {
                     "value" : [ "/*\nGoal Identification: % of individuals 18 years of age and older with a complex care need \nwho had a PCO goal identified resulting in completion of goal attainment scaling (GAS) \nor a Patient-Reported Outcome Measure (PROM) and development of an action plan.\n*/\n\n/*\n@description: Includes individuals 18 years of age and older.\n*/\n","define ","\"Initial Population\"",": " ]
                  }, {
                     "r" : "244",
                     "s" : [ {
                        "value" : [ "{\n  " ]
                     }, {
                        "r" : "263",
                        "s" : [ {
                           "s" : [ {
                              "r" : "245",
                              "s" : [ {
                                 "r" : "246",
                                 "s" : [ {
                                    "s" : [ {
                                       "value" : [ "Patient" ]
                                    } ]
                                 } ]
                              }, {
                                 "value" : [ " ","person" ]
                              } ]
                           } ]
                        }, {
                           "value" : [ "\n    " ]
                        }, {
                           "r" : "247",
                           "s" : [ {
                              "value" : [ "where " ]
                           }, {
                              "r" : "247",
                              "s" : [ {
                                 "r" : "257",
                                 "s" : [ {
                                    "value" : [ "AgeInYearsAt","(" ]
                                 }, {
                                    "r" : "248",
                                    "s" : [ {
                                       "value" : [ "start of " ]
                                    }, {
                                       "r" : "249",
                                       "s" : [ {
                                          "value" : [ "\"Measurement Period\"" ]
                                       } ]
                                    } ]
                                 }, {
                                    "value" : [ ")" ]
                                 } ]
                              }, {
                                 "r" : "260",
                                 "value" : [ " ",">="," ","18" ]
                              } ]
                           } ]
                        } ]
                     }, {
                        "value" : [ "\n}" ]
                     } ]
                  } ]
               }
            } ],
            "expression" : {
               "localId" : "244",
               "locator" : "26:30-29:1",
               "type" : "List",
               "element" : [ {
                  "localId" : "263",
                  "locator" : "27:3-28:59",
                  "type" : "Query",
                  "source" : [ {
                     "localId" : "245",
                     "locator" : "27:3-27:16",
                     "alias" : "person",
                     "expression" : {
                        "localId" : "246",
                        "locator" : "27:3-27:9",
                        "name" : "Patient",
                        "type" : "ExpressionRef"
                     }
                  } ],
                  "let" : [ ],
                  "relationship" : [ ],
                  "where" : {
                     "localId" : "247",
                     "locator" : "28:5-28:59",
                     "type" : "GreaterOrEqual",
                     "signature" : [ {
                        "localId" : "261",
                        "name" : "{urn:hl7-org:elm-types:r1}Integer",
                        "type" : "NamedTypeSpecifier"
                     }, {
                        "localId" : "262",
                        "name" : "{urn:hl7-org:elm-types:r1}Integer",
                        "type" : "NamedTypeSpecifier"
                     } ],
                     "operand" : [ {
                        "localId" : "257",
                        "locator" : "28:11-28:53",
                        "precision" : "Year",
                        "type" : "CalculateAgeAt",
                        "signature" : [ {
                           "localId" : "258",
                           "name" : "{urn:hl7-org:elm-types:r1}DateTime",
                           "type" : "NamedTypeSpecifier"
                        }, {
                           "localId" : "259",
                           "name" : "{urn:hl7-org:elm-types:r1}DateTime",
                           "type" : "NamedTypeSpecifier"
                        } ],
                        "operand" : [ {
                           "localId" : "255",
                           "type" : "ToDateTime",
                           "signature" : [ {
                              "localId" : "256",
                              "name" : "{urn:hl7-org:elm-types:r1}Date",
                              "type" : "NamedTypeSpecifier"
                           } ],
                           "operand" : {
                              "localId" : "253",
                              "path" : "birthDate.value",
                              "type" : "Property",
                              "source" : {
                                 "localId" : "252",
                                 "name" : "Patient",
                                 "type" : "ExpressionRef"
                              }
                           }
                        }, {
                           "localId" : "248",
                           "locator" : "28:24-28:52",
                           "type" : "Start",
                           "signature" : [ ],
                           "operand" : {
                              "localId" : "249",
                              "locator" : "28:33-28:52",
                              "name" : "Measurement Period",
                              "type" : "ParameterRef"
                           }
                        } ]
                     }, {
                        "localId" : "260",
                        "locator" : "28:58-28:59",
                        "valueType" : "{urn:hl7-org:elm-types:r1}Integer",
                        "value" : "18",
                        "type" : "Literal"
                     } ]
                  }
               } ]
            }
         }, {
            "localId" : "265",
            "locator" : "35:1-36:22",
            "name" : "Denominator",
            "context" : "Patient",
            "accessLevel" : "Public",
            "annotation" : [ {
               "type" : "Annotation",
               "t" : [ {
                  "name" : "description",
                  "value" : "Initial Population individuals with a complex care need."
               }, {
                  "name" : "comment",
                  "value" : "\"complex care need?\""
               } ],
               "s" : {
                  "r" : "265",
                  "s" : [ {
                     "value" : [ "/*\n@description: Initial Population individuals with a complex care need.\n@comment: TODO - How do we determine \"complex care need?\"\n*/\n","define ","\"Denominator\"",":\n  " ]
                  }, {
                     "r" : "266",
                     "s" : [ {
                        "value" : [ "\"Initial Population\"" ]
                     } ]
                  } ]
               }
            } ],
            "expression" : {
               "localId" : "266",
               "locator" : "36:3-36:22",
               "name" : "Initial Population",
               "type" : "ExpressionRef"
            }
         }, {
            "localId" : "268",
            "locator" : "38:1-39:6",
            "name" : "Denominator Exclusions",
            "context" : "Patient",
            "accessLevel" : "Public",
            "annotation" : [ {
               "type" : "Annotation",
               "s" : {
                  "r" : "268",
                  "s" : [ {
                     "r" : "269",
                     "value" : [ "","define ","\"Denominator Exclusions\"",":\n  ","null" ]
                  } ]
               }
            } ],
            "expression" : {
               "localId" : "269",
               "locator" : "39:3-39:6",
               "type" : "Null"
            }
         }, {
            "localId" : "271",
            "locator" : "41:1-42:6",
            "name" : "Denominator Exceptions",
            "context" : "Patient",
            "accessLevel" : "Public",
            "annotation" : [ {
               "type" : "Annotation",
               "s" : {
                  "r" : "271",
                  "s" : [ {
                     "r" : "272",
                     "value" : [ "","define ","\"Denominator Exceptions\"",":\n  ","null" ]
                  } ]
               }
            } ],
            "expression" : {
               "localId" : "272",
               "locator" : "42:3-42:6",
               "type" : "Null"
            }
         }, {
            "localId" : "274",
            "locator" : "48:1-51:67",
            "name" : "Numerator",
            "context" : "Patient",
            "accessLevel" : "Public",
            "annotation" : [ {
               "type" : "Annotation",
               "s" : {
                  "r" : "274",
                  "s" : [ {
                     "value" : [ "/* \n... has a PCO goal identified resulting in completion of goal attainment scaling (GAS)\nor a Patient-Reported Outcome Measure (PROM) and development of an action plan.\n*/\n","define ","\"Numerator\"",":\n  " ]
                  }, {
                     "r" : "286",
                     "s" : [ {
                        "s" : [ {
                           "r" : "275",
                           "s" : [ {
                              "r" : "276",
                              "s" : [ {
                                 "s" : [ {
                                    "value" : [ "\"Denominator\"" ]
                                 } ]
                              } ]
                           }, {
                              "value" : [ " ","person" ]
                           } ]
                        } ]
                     }, {
                        "value" : [ " " ]
                     }, {
                        "r" : "277",
                        "s" : [ {
                           "value" : [ "where\n    " ]
                        }, {
                           "r" : "277",
                           "s" : [ {
                              "r" : "278",
                              "s" : [ {
                                 "value" : [ "exists " ]
                              }, {
                                 "r" : "280",
                                 "s" : [ {
                                    "r" : "279",
                                    "s" : [ {
                                       "value" : [ "PCOLogic" ]
                                    } ]
                                 }, {
                                    "value" : [ "." ]
                                 }, {
                                    "r" : "280",
                                    "s" : [ {
                                       "value" : [ "\"PCO Goals During Measurement Period\"" ]
                                    } ]
                                 } ]
                              } ]
                           }, {
                              "value" : [ "\n      and " ]
                           }, {
                              "r" : "281",
                              "s" : [ {
                                 "value" : [ "exists " ]
                              }, {
                                 "r" : "283",
                                 "s" : [ {
                                    "r" : "282",
                                    "s" : [ {
                                       "value" : [ "PCOLogic" ]
                                    } ]
                                 }, {
                                    "value" : [ "." ]
                                 }, {
                                    "r" : "283",
                                    "s" : [ {
                                       "value" : [ "\"Baseline Scores Before Follow-Up Period\"" ]
                                    } ]
                                 } ]
                              } ]
                           } ]
                        } ]
                     } ]
                  } ]
               }
            } ],
            "expression" : {
               "localId" : "286",
               "locator" : "49:3-51:67",
               "type" : "Query",
               "source" : [ {
                  "localId" : "275",
                  "locator" : "49:3-49:22",
                  "alias" : "person",
                  "expression" : {
                     "localId" : "276",
                     "locator" : "49:3-49:15",
                     "name" : "Denominator",
                     "type" : "ExpressionRef"
                  }
               } ],
               "let" : [ ],
               "relationship" : [ ],
               "where" : {
                  "localId" : "277",
                  "locator" : "49:24-51:67",
                  "type" : "And",
                  "signature" : [ ],
                  "operand" : [ {
                     "localId" : "278",
                     "locator" : "50:5-50:57",
                     "type" : "Exists",
                     "signature" : [ ],
                     "operand" : {
                        "localId" : "280",
                        "locator" : "50:12-50:57",
                        "name" : "PCO Goals During Measurement Period",
                        "libraryName" : "PCOLogic",
                        "type" : "ExpressionRef"
                     }
                  }, {
                     "localId" : "281",
                     "locator" : "51:11-51:67",
                     "type" : "Exists",
                     "signature" : [ {
                        "localId" : "284",
                        "type" : "ListTypeSpecifier",
                        "elementType" : {
                           "localId" : "285",
                           "name" : "{http://hl7.org/fhir}Observation",
                           "type" : "NamedTypeSpecifier"
                        }
                     } ],
                     "operand" : {
                        "localId" : "283",
                        "locator" : "51:18-51:67",
                        "name" : "Baseline Scores Before Follow-Up Period",
                        "libraryName" : "PCOLogic",
                        "type" : "ExpressionRef"
                     }
                  } ]
               }
            }
         } ]
      }
   }
}