<?xml version="1.0" encoding="UTF-8"?>

<Measure xmlns="http://hl7.org/fhir">
  <id value="GoalIdentificationMeasure"/>
  <meta>
    <profile value="http://hl7.org/fhir/us/cqfmeasures/StructureDefinition/computable-measure-cqfm"/>
    <profile value="http://hl7.org/fhir/us/cqfmeasures/StructureDefinition/publishable-measure-cqfm"/>
    <profile value="http://hl7.org/fhir/us/cqfmeasures/StructureDefinition/executable-measure-cqfm"/>
  </meta>
  <text>
    <status value="extensions"/><div xmlns="http://www.w3.org/1999/xhtml">
    <table class="grid dict">
        
            <tr>
                <th scope="row"><b>Title: </b></th>
                <td style="padding-left: 4px;">Person-Centered Goal Identification</td>
            </tr>
        

        

        
            <tr>
                <th scope="row"><b>Id: </b></th>
                <td style="padding-left: 4px;">GoalIdentificationMeasure</td>
            </tr>
        

        
            <tr>
                <th scope="row"><b>Version: </b></th>
                <td style="padding-left: 4px;">0.1.0</td>
            </tr>
        

        
            <tr>
                <th scope="row"><b>Url: </b></th>
                <td style="padding-left: 4px;"><a href="Measure-GoalIdentificationMeasure.html">Person-Centered Goal Identification</a></td>
            </tr>
        

        
            <tr>
                <th scope="row">
                    <b>
                        
                            
                                short-name identifier:
                            
                        
                    </b>
                </th>

                <td style="padding-left: 4px;">
                    
                        <p style="margin-bottom: 5px;">
                            <span>PCOMeasure1</span>
                        </p>
                    
                </td>
            </tr>
        
            <tr>
                <th scope="row">
                    <b>
                        
                            
                                version-independent identifier:
                            
                        
                    </b>
                </th>

                <td style="padding-left: 4px;">
                    
                        <p style="margin-bottom: 5px;">
                            <span>urn:uuid:bc80e4cf-d267-47bf-ad0d-4d37f8ae2328</span>
                        </p>
                    
                </td>
            </tr>
        
            <tr>
                <th scope="row">
                    <b>
                        
                            
                                version-specific identifier:
                            
                        
                    </b>
                </th>

                <td style="padding-left: 4px;">
                    
                        <p style="margin-bottom: 5px;">
                            <span>urn:uuid:5c16a2fb-1882-49aa-802b-a0b73ed17c05</span>
                        </p>
                    
                </td>
            </tr>
        
            <tr>
                <th scope="row">
                    <b>
                        
                            
                                publisher (CMS) identifier:
                            
                        
                    </b>
                </th>

                <td style="padding-left: 4px;">
                    
                        <p style="margin-bottom: 5px;">
                            <span>NA</span>
                        </p>
                    
                </td>
            </tr>
        

        
            <tr>
                <th scope="row"><b>Effective Period: </b></th>
                <td style="padding-left: 4px;">2024-01-01..2024-12-31</td>
            </tr>
        

        
            <tr>
                <th scope="row"><b>Status: </b></th>
                <td style="padding-left: 4px;">draft</td>
            </tr>
        

        

        
            <tr>
                <th scope="row"><b>Publisher: </b></th>
                <td style="padding-left: 4px;">Mountain Lotus WellBeing LLC</td>
            </tr>
        

        
        <tr>
            <th scope="row"><b>Author: </b></th>
            <td style="padding-left: 4px;">Mountain Lotus WellBeing LLC</td>
        </tr>
        

        

        
            <tr>
                <th scope="row"><b>Description: </b></th>
                <td style="padding-left: 4px;"><div><p>Goal Identification: % of individuals 18 years of age and older with a complex care need who had a PCO goal identified resulting in completion of goal attainment scaling (GAS) or a Patient-Reported Outcome Measure (PROM) and development of an action plan.</p>
</div></td>
            </tr>
        

        

        

        

        
            <tr>
                <th scope="row"><b>Jurisdiction: </b></th>
                <td style="padding-left: 4px;">001</td>
            </tr>
        

        

        
            <tr>
                <th scope="row"><b>Purpose: </b></th>
                <td style="padding-left: 4px;"><div><p>Goal Attainment Scaling (GAS) in healthcare measures the extent to which individuals achieve specific goals or objectives. It allows for the quantification and evaluation of progress toward individualized goals, particularly in areas where traditional outcome measures may be insufficient.</p>
</div></td>
            </tr>
        

        
            <tr>
                <th scope="row"><b>Copyright: </b></th>
                <td style="padding-left: 4px;"><div><p>Measure specifications are in the Public Domain.</p>
<p>LOINC(R) copyright 2004-2023 Regenstrief Institute, Inc. This material contains SNOMED Clinical Terms(R) (SNOMED CT[R]) copyright 2004-2023 International Health Terminology Standards Development Organisation. ICD-10 copyright 2023 World Health Organization. All Rights Reserved.</p>
</div></td>
            </tr>
        

        
            <tr>
                <th scope="row"><b>Disclaimer: </b></th>
                <td style="padding-left: 4px;"><div><p>These performance measures are not clinical guidelines and do not establish a standard of medical care, and have not been tested for all potential applications. The measures and specifications are provided without warranty.</p>
</div></td>
            </tr>
        

        

        

        
            <tr>
                <th scope="row"><b>Scoring: </b></th>
                <td style="padding-left: 4px;">
                    
                        
                            <p style="margin-bottom: 5px;">
                                <span>Proportion </span>
                            </p>
                        
                    
                    
                </td>
            </tr>
        

        

        

        

        

        
        <tr>
            <th scope="row"><b>Rationale: </b></th>
            <td style="padding-left: 4px;"><div><p>Goal-directed care in healthcare centers on setting and achieving specific, personalized goals that prioritize an individual's well-being and &quot;What Matters Most&quot; to each person. Rather than just treating symptoms, this approach involves close collaboration between patients, caregivers, and healthcare providers to identify individual goals related to health outcomes, functional improvement, or symptom management. Once goals are established, tailored care plans are developed, incorporating various treatments, therapies, and lifestyle adjustments to meet the individual's needs and preferences. Continual monitoring and adjustment ensure alignment with evolving priorities, fostering patient engagement and satisfaction while enhancing overall healthcare effectiveness.</p>
</div></td>
        </tr>
        

        
        <tr>
            <th scope="row"><b>Clinical recommendation statement: </b></th>
            <td style="padding-left: 4px;"><div><p>None at this time.</p>
</div></td>
        </tr>
        

        

        
            <tr>
                <th scope="row"><b>Guidance (Usage): </b></th>
                <td style="padding-left: 4px;">Content TBD.</td>
            </tr>
        

        
            
                <tr>
                    <th scope="row"><b>Population Criteria: </b></th>
                    <td style="padding-left: 4px;">
                        
                            <table class="grid-dict">
                                
                                    <tr>
                                        <th><b>64f0d91d56d636294b157d97</b></th>
                                    </tr>
                                
                                
                                    <tr>
                                        <td>Initial Population:</td>

                                        
                                            
                                                <td>Individuals 18 years of age and older.</td>
                                            
                                        

                                    </tr>
                                
                                    <tr>
                                        <td>Denominator:</td>

                                        
                                            
                                                <td>Individuals 18 years of age and older with a complex care need.</td>
                                            
                                        

                                    </tr>
                                
                                    <tr>
                                        <td>Denominator Exclusion:</td>

                                        
                                            
                                                <td>None</td>
                                            
                                        

                                    </tr>
                                
                                    <tr>
                                        <td>Numerator:</td>

                                        
                                            
                                                <td>Individuals who had a PCO goal identified resulting in completion of goal attainment scaling (GAS) or a Patient-Reported Outcome Measure (PROM) and development of an action plan.</td>
                                            
                                        

                                    </tr>
                                
                                    <tr>
                                        <td>Denominator Exception:</td>

                                        
                                            
                                                <td>None</td>
                                            
                                        

                                    </tr>
                                
                                
                            </table>
                        
                    </td>
                </tr>
            
        

        

        

        

        
            <tr>
                <th scope="row"><b>Libraries: </b></th>
                <td style="padding-left: 4px;">
                    <table class="grid-dict">
                        
                            <tr>
                                <td><a href="Library-GoalIdentificationMeasure.html">GoalIdentificationMeasure</a></td>
                            </tr>
                        
                    </table>
                </td>
            </tr>
        

        

        
            
                <tr>
                    <th scope="row"><b>Terminology and Other Dependencies: </b></th>
                    <td style="padding-left: 4px;">
                        
                            <li><a href="Library-GoalAttainmentLogic.html">GoalAttainmentLogicversion: {0}0.1.0)</a></li>
                        
                            <li><code>http://mtnlotus.com/uv/pco/Library/FHIRHelpers|4.4.000</code></li>
                        
                            <li><a href="Library-PCOCommon.html">PCOCommonversion: {0}0.1.0)</a></li>
                        
                            <li><a href="ValueSet-pco-category-valueset.html">PCO Categories</a></li>
                        
                    </td>
                </tr>
                <tr>
                    <th scope="row"><b>Parameters:</b></th>
                    <td style="padding-left: 4px;">
                        <table class="grid-dict">
                            <tr>
                                <th><b>name</b></th>
                                <th><b>use</b></th>
                                <th><b>min</b></th>
                                <th><b>max</b></th>
                                <th><b>type</b></th>
                            </tr>
                            
                                <tr>
                                    <td>Measurement Period</td>
                                    <td>In</td>
                                    <td>0</td>
                                    <td>1</td>
                                    <td>Period</td>
                                </tr>
                            
                                <tr>
                                    <td>Numerator</td>
                                    <td>Out</td>
                                    <td>0</td>
                                    <td>*</td>
                                    <td>Patient</td>
                                </tr>
                            
                                <tr>
                                    <td>Denominator</td>
                                    <td>Out</td>
                                    <td>0</td>
                                    <td>*</td>
                                    <td>Patient</td>
                                </tr>
                            
                                <tr>
                                    <td>Initial Population</td>
                                    <td>Out</td>
                                    <td>0</td>
                                    <td>*</td>
                                    <td>Patient</td>
                                </tr>
                            
                                <tr>
                                    <td>Denominator Exclusions</td>
                                    <td>Out</td>
                                    <td>0</td>
                                    <td>1</td>
                                    <td>Resource</td>
                                </tr>
                            
                                <tr>
                                    <td>Denominator Exceptions</td>
                                    <td>Out</td>
                                    <td>0</td>
                                    <td>1</td>
                                    <td>Resource</td>
                                </tr>
                            
                        </table>
                    </td>
                </tr>

                <tr>
                    <th scope="row"><b>DataRequirements:</b></th>
                    <td style="padding-left: 4px;">
                        <table class="grid-dict">
                            <tr>
                                <th><b>Resource Type</b></th>
                                <th><b>Resource Elements</b></th>
                                <th><b>Valueset Name</b></th>
                                <th><b>Valueset</b></th>
                            </tr>
                            
                                <tr>
                                    <td>Patient(<a href="http://hl7.org/fhir/R4/patient.html">Patient</a>)</td>
                                    <td>
                                        
                                    </td>
                                    <td>
                                        
                                    </td>
                                    <td/>
                                </tr>
                            
                                <tr>
                                    <td>Goal(<a href="http://hl7.org/fhir/R4/goal.html">Goal</a>)</td>
                                    <td>
                                        
                                            category
                                        
                                            start
                                        
                                    </td>
                                    <td>
                                        
                                    </td>
                                    <td/>
                                </tr>
                            
                                <tr>
                                    <td>CarePlan(<a href="http://hl7.org/fhir/R4/careplan.html">CarePlan</a>)</td>
                                    <td>
                                        
                                            goal
                                        
                                    </td>
                                    <td>
                                        
                                    </td>
                                    <td/>
                                </tr>
                            
                        </table>
                    </td>
                </tr>

                

                
                <tr>
                    <th scope="row"><b>Logic Definitions:</b></th>
                    <td style="padding-left: 4px;">
                        
                        <table class="grid-dict">
                            <tr>
                                <th><b>Group</b></th>
                                <th><b>Scoring</b></th>
                                <th><b>Population Criteria</b></th>
                                <th><b>Expression</b></th>
                            </tr>
                            <tr>
                                
                                <td> 64f0d91d56d636294b157d97 </td>
                                <td colspan="3" style="padding-left: 4px;">
                                    
                                        <b>Group scoring:</b>
                                        
                                            <span>  proportion </span>
                                        
                                    

                                    

                                    
                                        <b>Measure scoring:</b>
                                        
                                            <p style="margin-bottom: 5px;">
                                                <span>Proportion</span>
                                            </p>
                                        
                                    

                                    

                                    
                                        <tr>
                                        
                                            <th scope="row"><b>Type: </b></th>
                                            <td style="padding-left: 4px;">
                                                
                                                    
                                                        <p style="margin-bottom: 5px;">
                                                            <span>Process </span>
                                                        </p>
                                                    
                                                
                                                
                                            </td>
                                        
                                        </tr>
                                    

                                    

                                    
                                    <tr>
                                        <th scope="row"><b>Rate Aggregation: </b></th>
                                        <td colspan="3" style="padding-left: 4px;">None</td>
                                    </tr>
                                    

                                    
                                        <tr>
                                            <th scope="row"><b>Improvement Notation: </b></th>
                                            <td style="padding-left: 4px;">
                                            
                                                
                                                    
                                                        <p style="margin-bottom: 5px;">
                                                            <span>increase </span>
                                                        </p>
                                                    
                                                
                                                
                                            
                                            </td>
                                        </tr>
                                    

                                    

                                </td>
                                
                                <tr>
                                    <td/>
                                    <td/>
                                    <td>Initial Population</td>
                                    <td>
                                        
                                            <pre><code class="language-cql">/*
Goal Identification: % of individuals 18 years of age and older with a complex care need 
who had a PCO goal identified resulting in completion of goal attainment scaling (GAS) 
or a Patient-Reported Outcome Measure (PROM) and development of an action plan.
*/

/// individuals 18 years of age and older
define &quot;Initial Population&quot;: {
  Patient person
    where AgeInYearsAt(start of &quot;Measurement Period&quot;) &gt;= 18
}</code></pre>
                                        
                                    </td>
                                </tr>
                                
                                <tr>
                                    <td/>
                                    <td/>
                                    <td>Denominator</td>
                                    <td>
                                        
                                            <pre><code class="language-cql">/// TODO: with a complex care need 
define &quot;Denominator&quot;:
  &quot;Initial Population&quot;</code></pre>
                                        
                                    </td>
                                </tr>
                                
                                <tr>
                                    <td/>
                                    <td/>
                                    <td>Denominator Exclusion</td>
                                    <td>
                                        
                                            <pre><code class="language-cql">define &quot;Denominator Exclusions&quot;:
  null</code></pre>
                                        
                                    </td>
                                </tr>
                                
                                <tr>
                                    <td/>
                                    <td/>
                                    <td>Numerator</td>
                                    <td>
                                        
                                            <pre><code class="language-cql">/// has a PCO goal identified resulting in completion of goal attainment scaling (GAS)
/// ... and development of an action plan.
define &quot;Numerator&quot;:
  &quot;Denominator&quot; person where (
    exists &quot;Identified PCO Goals&quot; pcoGoal
      where pcoGoal.hasGAS()
        and exists pcoGoal.carePlans()
  )</code></pre>
                                        
                                    </td>
                                </tr>
                                
                                <tr>
                                    <td/>
                                    <td/>
                                    <td>Denominator Exception</td>
                                    <td>
                                        
                                            <pre><code class="language-cql">define &quot;Denominator Exceptions&quot;:
  null</code></pre>
                                        
                                    </td>
                                </tr>
                                
                                
                            
                            </tr>
                        </table>
                

                <table class="grid-dict">
                    
                        <tr>
                            <th><b>Library Name</b></th>
                            <th><b>Name</b></th>
                        </tr>
                        <tr>
                            
                                <td>GoalIdentificationMeasure</td>
                            
                            
                                <td>Initial Population</td>
                            
                        </tr>
                        <tr>
                            
                                <td/>
                                <td>
                                    <pre class="highlight language-cql"><code class="language-cql">/*
Goal Identification: % of individuals 18 years of age and older with a complex care need 
who had a PCO goal identified resulting in completion of goal attainment scaling (GAS) 
or a Patient-Reported Outcome Measure (PROM) and development of an action plan.
*/

/// individuals 18 years of age and older
define &quot;Initial Population&quot;: {
  Patient person
    where AgeInYearsAt(start of &quot;Measurement Period&quot;) &gt;= 18
}</code></pre>
                                </td>
                            
                        </tr>
                    
                        <tr>
                            <th><b>Library Name</b></th>
                            <th><b>Name</b></th>
                        </tr>
                        <tr>
                            
                                <td>GoalIdentificationMeasure</td>
                            
                            
                                <td>Denominator</td>
                            
                        </tr>
                        <tr>
                            
                                <td/>
                                <td>
                                    <pre class="highlight language-cql"><code class="language-cql">/// TODO: with a complex care need 
define &quot;Denominator&quot;:
  &quot;Initial Population&quot;</code></pre>
                                </td>
                            
                        </tr>
                    
                        <tr>
                            <th><b>Library Name</b></th>
                            <th><b>Name</b></th>
                        </tr>
                        <tr>
                            
                                <td>GoalAttainmentLogic</td>
                            
                            
                                <td>PCO Goals</td>
                            
                        </tr>
                        <tr>
                            
                                <td/>
                                <td>
                                    <pre class="highlight language-cql"><code class="language-cql">/* 
  A &quot;PCO Goal&quot; is any FHIR Goal that has a category in &quot;PCO Categories&quot;
  and has a start date.
*/
define &quot;PCO Goals&quot;:
  [Goal] goal
    where goal.category in &quot;PCO Categories&quot;
      and (goal.start as FHIR.date) is not null</code></pre>
                                </td>
                            
                        </tr>
                    
                        <tr>
                            <th><b>Library Name</b></th>
                            <th><b>Name</b></th>
                        </tr>
                        <tr>
                            
                                <td>GoalIdentificationMeasure</td>
                            
                            
                                <td>Identified PCO Goals</td>
                            
                        </tr>
                        <tr>
                            
                                <td/>
                                <td>
                                    <pre class="highlight language-cql"><code class="language-cql">define &quot;Identified PCO Goals&quot;:
  GAS.&quot;PCO Goals&quot; pcoGoal
    where ToDateTime(pcoGoal.start as FHIR.date) during &quot;Measurement Period&quot;</code></pre>
                                </td>
                            
                        </tr>
                    
                        <tr>
                            <th><b>Library Name</b></th>
                            <th><b>Name</b></th>
                        </tr>
                        <tr>
                            
                                <td>GoalIdentificationMeasure</td>
                            
                            
                                <td>Numerator</td>
                            
                        </tr>
                        <tr>
                            
                                <td/>
                                <td>
                                    <pre class="highlight language-cql"><code class="language-cql">/// has a PCO goal identified resulting in completion of goal attainment scaling (GAS)
/// ... and development of an action plan.
define &quot;Numerator&quot;:
  &quot;Denominator&quot; person where (
    exists &quot;Identified PCO Goals&quot; pcoGoal
      where pcoGoal.hasGAS()
        and exists pcoGoal.carePlans()
  )</code></pre>
                                </td>
                            
                        </tr>
                    
                        <tr>
                            <th><b>Library Name</b></th>
                            <th><b>Name</b></th>
                        </tr>
                        <tr>
                            
                                <td>GoalIdentificationMeasure</td>
                            
                            
                                <td>Denominator Exclusions</td>
                            
                        </tr>
                        <tr>
                            
                                <td/>
                                <td>
                                    <pre class="highlight language-cql"><code class="language-cql">define &quot;Denominator Exclusions&quot;:
  null</code></pre>
                                </td>
                            
                        </tr>
                    
                        <tr>
                            <th><b>Library Name</b></th>
                            <th><b>Name</b></th>
                        </tr>
                        <tr>
                            
                                <td>GoalIdentificationMeasure</td>
                            
                            
                                <td>Denominator Exceptions</td>
                            
                        </tr>
                        <tr>
                            
                                <td/>
                                <td>
                                    <pre class="highlight language-cql"><code class="language-cql">define &quot;Denominator Exceptions&quot;:
  null</code></pre>
                                </td>
                            
                        </tr>
                    
                        <tr>
                            <th><b>Library Name</b></th>
                            <th><b>Name</b></th>
                        </tr>
                        <tr>
                            
                                <td>FHIRHelpers</td>
                            
                            
                                <td>ToConcept</td>
                            
                        </tr>
                        <tr>
                            
                                <td/>
                                <td>
                                    <pre class="highlight language-cql"><code class="language-cql">/*
@description: Converts the given FHIR [CodeableConcept](https://hl7.org/fhir/datatypes.html#CodeableConcept) value to a CQL Concept.
*/
define function ToConcept(concept FHIR.CodeableConcept):
    if concept is null then
        null
    else
        System.Concept {
            codes: concept.coding C return ToCode(C),
            display: concept.text.value
        }</code></pre>
                                </td>
                            
                        </tr>
                    
                        <tr>
                            <th><b>Library Name</b></th>
                            <th><b>Name</b></th>
                        </tr>
                        <tr>
                            
                                <td>FHIRHelpers</td>
                            
                            
                                <td>ToDate</td>
                            
                        </tr>
                        <tr>
                            
                                <td/>
                                <td>
                                    <pre class="highlight language-cql"><code class="language-cql">define function ToDate(value date): value.value</code></pre>
                                </td>
                            
                        </tr>
                    
                        <tr>
                            <th><b>Library Name</b></th>
                            <th><b>Name</b></th>
                        </tr>
                        <tr>
                            
                                <td>GoalAttainmentLogic</td>
                            
                            
                                <td>hasGAS</td>
                            
                        </tr>
                        <tr>
                            
                                <td/>
                                <td>
                                    <pre class="highlight language-cql"><code class="language-cql">define fluent function hasGAS(goal Goal):
  exists goal.extensions('http://mtnlotus.com/uv/pco/StructureDefinition/pco-goal-attainment-scaling')</code></pre>
                                </td>
                            
                        </tr>
                    
                        <tr>
                            <th><b>Library Name</b></th>
                            <th><b>Name</b></th>
                        </tr>
                        <tr>
                            
                                <td>PCOCommon</td>
                            
                            
                                <td>extensions</td>
                            
                        </tr>
                        <tr>
                            
                                <td/>
                                <td>
                                    <pre class="highlight language-cql"><code class="language-cql">/*
@description: Returns any extensions defined on the given resource with the specified url.
@comment: NOTE: Extensions are not the preferred approach, but are used as a way to access
content that is defined by extensions but not yet surfaced in the
CQL model info.
*/
define fluent function extensions(domainResource DomainResource, url String):
  domainResource.extension E
	  where E.url = url
		return E</code></pre>
                                </td>
                            
                        </tr>
                    
                        <tr>
                            <th><b>Library Name</b></th>
                            <th><b>Name</b></th>
                        </tr>
                        <tr>
                            
                                <td>FHIRHelpers</td>
                            
                            
                                <td>ToString</td>
                            
                        </tr>
                        <tr>
                            
                                <td/>
                                <td>
                                    <pre class="highlight language-cql"><code class="language-cql">define function ToString(value uri): value.value</code></pre>
                                </td>
                            
                        </tr>
                    
                        <tr>
                            <th><b>Library Name</b></th>
                            <th><b>Name</b></th>
                        </tr>
                        <tr>
                            
                                <td>PCOCommon</td>
                            
                            
                                <td>carePlans</td>
                            
                        </tr>
                        <tr>
                            
                                <td/>
                                <td>
                                    <pre class="highlight language-cql"><code class="language-cql">// Returns a list of CarePlan that support this Goal.
define fluent function carePlans(goal Goal):
  [CarePlan] carePlan
    where exists ( carePlan.goal goalRef
        where goal.id = goalRef.reference.getId()
    )</code></pre>
                                </td>
                            
                        </tr>
                    
                        <tr>
                            <th><b>Library Name</b></th>
                            <th><b>Name</b></th>
                        </tr>
                        <tr>
                            
                                <td>PCOCommon</td>
                            
                            
                                <td>getId</td>
                            
                        </tr>
                        <tr>
                            
                                <td/>
                                <td>
                                    <pre class="highlight language-cql"><code class="language-cql">define fluent function getId(uri String):
  Last(Split(uri, '/'))</code></pre>
                                </td>
                            
                        </tr>
                    
                    </table>
                </td>
            </tr>
            
        
    

    </table>
</div>
  </text>
  <contained>
    <Library>
      <id value="effective-data-requirements"/>
      <extension url="http://hl7.org/fhir/us/cqfmeasures/StructureDefinition/cqfm-logicDefinition">
        <extension url="libraryName">
          <valueString value="GoalIdentificationMeasure"/>
        </extension>
        <extension url="name">
          <valueString value="Initial Population"/>
        </extension>
        <extension url="statement">
          <valueString value="/*&#xA;Goal Identification: % of individuals 18 years of age and older with a complex care need &#xA;who had a PCO goal identified resulting in completion of goal attainment scaling (GAS) &#xA;or a Patient-Reported Outcome Measure (PROM) and development of an action plan.&#xA;*/&#xA;&#xA;/// individuals 18 years of age and older&#xA;define &quot;Initial Population&quot;: {&#xA;  Patient person&#xA;    where AgeInYearsAt(start of &quot;Measurement Period&quot;) &gt;= 18&#xA;}"/>
        </extension>
        <extension url="displaySequence">
          <valueInteger value="0"/>
        </extension>
      </extension>
      <extension url="http://hl7.org/fhir/us/cqfmeasures/StructureDefinition/cqfm-logicDefinition">
        <extension url="libraryName">
          <valueString value="GoalIdentificationMeasure"/>
        </extension>
        <extension url="name">
          <valueString value="Denominator"/>
        </extension>
        <extension url="statement">
          <valueString value="/// TODO: with a complex care need &#xA;define &quot;Denominator&quot;:&#xA;  &quot;Initial Population&quot;"/>
        </extension>
        <extension url="displaySequence">
          <valueInteger value="1"/>
        </extension>
      </extension>
      <extension url="http://hl7.org/fhir/us/cqfmeasures/StructureDefinition/cqfm-logicDefinition">
        <extension url="libraryName">
          <valueString value="GoalAttainmentLogic"/>
        </extension>
        <extension url="name">
          <valueString value="PCO Goals"/>
        </extension>
        <extension url="statement">
          <valueString value="/* &#xA;  A &quot;PCO Goal&quot; is any FHIR Goal that has a category in &quot;PCO Categories&quot;&#xA;  and has a start date.&#xA;*/&#xA;define &quot;PCO Goals&quot;:&#xA;  [Goal] goal&#xA;    where goal.category in &quot;PCO Categories&quot;&#xA;      and (goal.start as FHIR.date) is not null"/>
        </extension>
        <extension url="displaySequence">
          <valueInteger value="2"/>
        </extension>
      </extension>
      <extension url="http://hl7.org/fhir/us/cqfmeasures/StructureDefinition/cqfm-logicDefinition">
        <extension url="libraryName">
          <valueString value="GoalIdentificationMeasure"/>
        </extension>
        <extension url="name">
          <valueString value="Identified PCO Goals"/>
        </extension>
        <extension url="statement">
          <valueString value="define &quot;Identified PCO Goals&quot;:&#xA;  GAS.&quot;PCO Goals&quot; pcoGoal&#xA;    where ToDateTime(pcoGoal.start as FHIR.date) during &quot;Measurement Period&quot;"/>
        </extension>
        <extension url="displaySequence">
          <valueInteger value="3"/>
        </extension>
      </extension>
      <extension url="http://hl7.org/fhir/us/cqfmeasures/StructureDefinition/cqfm-logicDefinition">
        <extension url="libraryName">
          <valueString value="GoalIdentificationMeasure"/>
        </extension>
        <extension url="name">
          <valueString value="Numerator"/>
        </extension>
        <extension url="statement">
          <valueString value="/// has a PCO goal identified resulting in completion of goal attainment scaling (GAS)&#xA;/// ... and development of an action plan.&#xA;define &quot;Numerator&quot;:&#xA;  &quot;Denominator&quot; person where (&#xA;    exists &quot;Identified PCO Goals&quot; pcoGoal&#xA;      where pcoGoal.hasGAS()&#xA;        and exists pcoGoal.carePlans()&#xA;  )"/>
        </extension>
        <extension url="displaySequence">
          <valueInteger value="4"/>
        </extension>
      </extension>
      <extension url="http://hl7.org/fhir/us/cqfmeasures/StructureDefinition/cqfm-logicDefinition">
        <extension url="libraryName">
          <valueString value="GoalIdentificationMeasure"/>
        </extension>
        <extension url="name">
          <valueString value="Denominator Exclusions"/>
        </extension>
        <extension url="statement">
          <valueString value="define &quot;Denominator Exclusions&quot;:&#xA;  null"/>
        </extension>
        <extension url="displaySequence">
          <valueInteger value="5"/>
        </extension>
      </extension>
      <extension url="http://hl7.org/fhir/us/cqfmeasures/StructureDefinition/cqfm-logicDefinition">
        <extension url="libraryName">
          <valueString value="GoalIdentificationMeasure"/>
        </extension>
        <extension url="name">
          <valueString value="Denominator Exceptions"/>
        </extension>
        <extension url="statement">
          <valueString value="define &quot;Denominator Exceptions&quot;:&#xA;  null"/>
        </extension>
        <extension url="displaySequence">
          <valueInteger value="6"/>
        </extension>
      </extension>
      <extension url="http://hl7.org/fhir/us/cqfmeasures/StructureDefinition/cqfm-logicDefinition">
        <extension url="libraryName">
          <valueString value="FHIRHelpers"/>
        </extension>
        <extension url="name">
          <valueString value="ToConcept"/>
        </extension>
        <extension url="statement">
          <valueString value="/*&#xA;@description: Converts the given FHIR [CodeableConcept](https://hl7.org/fhir/datatypes.html#CodeableConcept) value to a CQL Concept.&#xA;*/&#xA;define function ToConcept(concept FHIR.CodeableConcept):&#xA;    if concept is null then&#xA;        null&#xA;    else&#xA;        System.Concept {&#xA;            codes: concept.coding C return ToCode(C),&#xA;            display: concept.text.value&#xA;        }"/>
        </extension>
        <extension url="displaySequence">
          <valueInteger value="7"/>
        </extension>
      </extension>
      <extension url="http://hl7.org/fhir/us/cqfmeasures/StructureDefinition/cqfm-logicDefinition">
        <extension url="libraryName">
          <valueString value="FHIRHelpers"/>
        </extension>
        <extension url="name">
          <valueString value="ToDate"/>
        </extension>
        <extension url="statement">
          <valueString value="define function ToDate(value date): value.value"/>
        </extension>
        <extension url="displaySequence">
          <valueInteger value="8"/>
        </extension>
      </extension>
      <extension url="http://hl7.org/fhir/us/cqfmeasures/StructureDefinition/cqfm-logicDefinition">
        <extension url="libraryName">
          <valueString value="GoalAttainmentLogic"/>
        </extension>
        <extension url="name">
          <valueString value="hasGAS"/>
        </extension>
        <extension url="statement">
          <valueString value="define fluent function hasGAS(goal Goal):&#xA;  exists goal.extensions('http://mtnlotus.com/uv/pco/StructureDefinition/pco-goal-attainment-scaling')"/>
        </extension>
        <extension url="displaySequence">
          <valueInteger value="9"/>
        </extension>
      </extension>
      <extension url="http://hl7.org/fhir/us/cqfmeasures/StructureDefinition/cqfm-logicDefinition">
        <extension url="libraryName">
          <valueString value="PCOCommon"/>
        </extension>
        <extension url="name">
          <valueString value="extensions"/>
        </extension>
        <extension url="statement">
          <valueString value="/*&#xA;@description: Returns any extensions defined on the given resource with the specified url.&#xA;@comment: NOTE: Extensions are not the preferred approach, but are used as a way to access&#xA;content that is defined by extensions but not yet surfaced in the&#xA;CQL model info.&#xA;*/&#xA;define fluent function extensions(domainResource DomainResource, url String):&#xA;  domainResource.extension E&#xA;&#x9;  where E.url = url&#xA;&#x9;&#x9;return E"/>
        </extension>
        <extension url="displaySequence">
          <valueInteger value="10"/>
        </extension>
      </extension>
      <extension url="http://hl7.org/fhir/us/cqfmeasures/StructureDefinition/cqfm-logicDefinition">
        <extension url="libraryName">
          <valueString value="FHIRHelpers"/>
        </extension>
        <extension url="name">
          <valueString value="ToString"/>
        </extension>
        <extension url="statement">
          <valueString value="define function ToString(value uri): value.value"/>
        </extension>
        <extension url="displaySequence">
          <valueInteger value="11"/>
        </extension>
      </extension>
      <extension url="http://hl7.org/fhir/us/cqfmeasures/StructureDefinition/cqfm-logicDefinition">
        <extension url="libraryName">
          <valueString value="PCOCommon"/>
        </extension>
        <extension url="name">
          <valueString value="carePlans"/>
        </extension>
        <extension url="statement">
          <valueString value="// Returns a list of CarePlan that support this Goal.&#xA;define fluent function carePlans(goal Goal):&#xA;  [CarePlan] carePlan&#xA;    where exists ( carePlan.goal goalRef&#xA;        where goal.id = goalRef.reference.getId()&#xA;    )"/>
        </extension>
        <extension url="displaySequence">
          <valueInteger value="12"/>
        </extension>
      </extension>
      <extension url="http://hl7.org/fhir/us/cqfmeasures/StructureDefinition/cqfm-logicDefinition">
        <extension url="libraryName">
          <valueString value="PCOCommon"/>
        </extension>
        <extension url="name">
          <valueString value="getId"/>
        </extension>
        <extension url="statement">
          <valueString value="define fluent function getId(uri String):&#xA;  Last(Split(uri, '/'))"/>
        </extension>
        <extension url="displaySequence">
          <valueInteger value="13"/>
        </extension>
      </extension>
      <name value="EffectiveDataRequirements"/>
      <status value="active"/>
      <type>
        <coding>
          <system value="http://terminology.hl7.org/CodeSystem/library-type"/>
          <code value="module-definition"/>
        </coding>
      </type>
      <relatedArtifact>
        <type value="depends-on"/>
        <display value="Library GAS"/>
        <resource value="http://mtnlotus.com/uv/pco/Library/GoalAttainmentLogic|0.1.0"/>
      </relatedArtifact>
      <relatedArtifact>
        <type value="depends-on"/>
        <display value="Library FHIRHelpers"/>
        <resource value="http://mtnlotus.com/uv/pco/Library/FHIRHelpers|4.4.000"/>
      </relatedArtifact>
      <relatedArtifact>
        <type value="depends-on"/>
        <display value="Library PC"/>
        <resource value="http://mtnlotus.com/uv/pco/Library/PCOCommon|0.1.0"/>
      </relatedArtifact>
      <relatedArtifact>
        <type value="depends-on"/>
        <display value="Value set PCO Categories"/>
        <resource value="http://mtnlotus.com/uv/pco/ValueSet/pco-category-valueset"/>
      </relatedArtifact>
      <parameter>
        <name value="Measurement Period"/>
        <use value="in"/>
        <min value="0"/>
        <max value="1"/>
        <type value="Period"/>
      </parameter>
      <parameter>
        <name value="Numerator"/>
        <use value="out"/>
        <min value="0"/>
        <max value="*"/>
        <type value="Patient"/>
      </parameter>
      <parameter>
        <name value="Denominator"/>
        <use value="out"/>
        <min value="0"/>
        <max value="*"/>
        <type value="Patient"/>
      </parameter>
      <parameter>
        <name value="Initial Population"/>
        <use value="out"/>
        <min value="0"/>
        <max value="*"/>
        <type value="Patient"/>
      </parameter>
      <parameter>
        <name value="Denominator Exclusions"/>
        <use value="out"/>
        <min value="0"/>
        <max value="1"/>
        <type value="Resource"/>
      </parameter>
      <parameter>
        <name value="Denominator Exceptions"/>
        <use value="out"/>
        <min value="0"/>
        <max value="1"/>
        <type value="Resource"/>
      </parameter>
      <dataRequirement>
        <type value="Patient"/>
        <profile value="http://hl7.org/fhir/StructureDefinition/Patient"/>
      </dataRequirement>
      <dataRequirement>
        <type value="Goal"/>
        <profile value="http://hl7.org/fhir/StructureDefinition/Goal"/>
        <mustSupport value="category"/>
        <mustSupport value="start"/>
      </dataRequirement>
      <dataRequirement>
        <type value="CarePlan"/>
        <profile value="http://hl7.org/fhir/StructureDefinition/CarePlan"/>
        <mustSupport value="goal"/>
      </dataRequirement>
    </Library>
  </contained>
  <extension url="http://hl7.org/fhir/us/cqfmeasures/StructureDefinition/cqfm-softwaresystem">
    <valueReference>
      <reference value="Device/cqf-tooling"/>
    </valueReference>
  </extension>
  <extension id="effective-data-requirements" url="http://hl7.org/fhir/us/cqfmeasures/StructureDefinition/cqfm-effectiveDataRequirements">
    <valueReference>
      <reference value="#effective-data-requirements"/>
    </valueReference>
  </extension>
  <url value="http://mtnlotus.com/uv/pco/Measure/GoalIdentificationMeasure"/>
  <identifier>
    <use value="usual"/>
    <type>
      <coding>
        <system value="http://hl7.org/fhir/us/cqfmeasures/CodeSystem/identifier-type"/>
        <code value="short-name"/>
      </coding>
    </type>
    <system value="https://madie.cms.gov/measure/shortName"/>
    <value value="PCOMeasure1"/>
  </identifier>
  <identifier>
    <use value="official"/>
    <type>
      <coding>
        <system value="http://hl7.org/fhir/us/cqfmeasures/CodeSystem/identifier-type"/>
        <code value="version-independent"/>
      </coding>
    </type>
    <system value="urn:ietf:rfc:3986"/>
    <value value="urn:uuid:bc80e4cf-d267-47bf-ad0d-4d37f8ae2328"/>
  </identifier>
  <identifier>
    <use value="official"/>
    <type>
      <coding>
        <system value="http://hl7.org/fhir/us/cqfmeasures/CodeSystem/identifier-type"/>
        <code value="version-specific"/>
      </coding>
    </type>
    <system value="urn:ietf:rfc:3986"/>
    <value value="urn:uuid:5c16a2fb-1882-49aa-802b-a0b73ed17c05"/>
  </identifier>
  <identifier>
    <use value="official"/>
    <type>
      <coding>
        <system value="http://hl7.org/fhir/us/cqfmeasures/CodeSystem/identifier-type"/>
        <code value="publisher"/>
      </coding>
    </type>
    <system value="https://madie.cms.gov/measure/cmsId"/>
    <value value="NA"/>
    <assigner>
      <display value="CMS"/>
    </assigner>
  </identifier>
  <version value="0.1.0"/>
  <name value="GoalIdentificationMeasure"/>
  <title value="Person-Centered Goal Identification"/>
  <status value="draft"/>
  <experimental value="false"/>
  <date value="2024-08-19T20:15:52+00:00"/>
  <publisher value="Mountain Lotus WellBeing LLC"/>
  <contact>
    <name value="Mountain Lotus WellBeing LLC"/>
    <telecom>
      <system value="url"/>
      <value value="http://mtnlotus.com"/>
    </telecom>
  </contact>
  <description value="Goal Identification: % of individuals 18 years of age and older with a complex care need who had a PCO goal identified resulting in completion of goal attainment scaling (GAS) or a Patient-Reported Outcome Measure (PROM) and development of an action plan."/>
  <jurisdiction>
    <coding>
      <system value="http://unstats.un.org/unsd/methods/m49/m49.htm"/>
      <code value="001"/>
      <display value="World"/>
    </coding>
  </jurisdiction>
  <purpose value="Goal Attainment Scaling (GAS) in healthcare measures the extent to which individuals achieve specific goals or objectives. It allows for the quantification and evaluation of progress toward individualized goals, particularly in areas where traditional outcome measures may be insufficient."/>
  <usage value="Content TBD."/>
  <copyright value="Measure specifications are in the Public Domain.&#xA;&#xA;LOINC(R) copyright 2004-2023 Regenstrief Institute, Inc. This material contains SNOMED Clinical Terms(R) (SNOMED CT[R]) copyright 2004-2023 International Health Terminology Standards Development Organisation. ICD-10 copyright 2023 World Health Organization. All Rights Reserved."/>
  <effectivePeriod>
    <start value="2024-01-01"/>
    <end value="2024-12-31"/>
  </effectivePeriod>
  <author>
    <name value="Mountain Lotus WellBeing LLC"/>
    <telecom>
      <system value="url"/>
      <value value="https://www.mtnlotus.com/"/>
    </telecom>
  </author>
  <library value="http://mtnlotus.com/uv/pco/Library/GoalIdentificationMeasure"/>
  <disclaimer value="These performance measures are not clinical guidelines and do not establish a standard of medical care, and have not been tested for all potential applications. The measures and specifications are provided without warranty."/>
  <scoring>
    <coding>
      <system value="http://terminology.hl7.org/CodeSystem/measure-scoring"/>
      <code value="proportion"/>
      <display value="Proportion"/>
    </coding>
  </scoring>
  <rationale value="Goal-directed care in healthcare centers on setting and achieving specific, personalized goals that prioritize an individual's well-being and &quot;What Matters Most&quot; to each person. Rather than just treating symptoms, this approach involves close collaboration between patients, caregivers, and healthcare providers to identify individual goals related to health outcomes, functional improvement, or symptom management. Once goals are established, tailored care plans are developed, incorporating various treatments, therapies, and lifestyle adjustments to meet the individual's needs and preferences. Continual monitoring and adjustment ensure alignment with evolving priorities, fostering patient engagement and satisfaction while enhancing overall healthcare effectiveness."/>
  <clinicalRecommendationStatement value="None at this time."/>
  <group id="64f0d91d56d636294b157d97">
    <extension url="http://hl7.org/fhir/us/cqfmeasures/StructureDefinition/cqfm-scoring">
      <valueCodeableConcept>
        <coding>
          <system value="http://terminology.hl7.org/CodeSystem/measure-scoring"/>
          <code value="proportion"/>
          <display value="Proportion"/>
        </coding>
      </valueCodeableConcept>
    </extension>
    <extension url="http://hl7.org/fhir/us/cqfmeasures/StructureDefinition/cqfm-populationBasis">
      <valueCode value="Patient"/>
    </extension>
    <extension url="http://hl7.org/fhir/us/cqfmeasures/StructureDefinition/cqfm-type">
      <valueCodeableConcept>
        <coding>
          <system value="http://terminology.hl7.org/CodeSystem/measure-type"/>
          <code value="process"/>
          <display value="Process"/>
        </coding>
      </valueCodeableConcept>
    </extension>
    <extension url="http://hl7.org/fhir/us/cqfmeasures/StructureDefinition/cqfm-rateAggregation">
      <valueCode value="None"/>
    </extension>
    <extension url="http://hl7.org/fhir/us/cqfmeasures/StructureDefinition/cqfm-improvementNotation">
      <valueCodeableConcept>
        <coding>
          <system value="http://terminology.hl7.org/CodeSystem/measure-improvement-notation"/>
          <code value="decrease"/>
          <display value="increase"/>
        </coding>
      </valueCodeableConcept>
    </extension>
    <description value="Content TBD"/>
    <population id="692C6F6B-4153-496F-8582-0839A0816567">
      <code>
        <coding>
          <system value="http://terminology.hl7.org/CodeSystem/measure-population"/>
          <code value="initial-population"/>
          <display value="Initial Population"/>
        </coding>
      </code>
      <description value="Individuals 18 years of age and older."/>
      <criteria>
        <language value="text/cql-identifier"/>
        <expression value="Initial Population"/>
      </criteria>
    </population>
    <population id="3116F1E4-8334-4CA0-9BEF-16CFEEDCB2A9">
      <code>
        <coding>
          <system value="http://terminology.hl7.org/CodeSystem/measure-population"/>
          <code value="denominator"/>
          <display value="Denominator"/>
        </coding>
      </code>
      <description value="Individuals 18 years of age and older with a complex care need."/>
      <criteria>
        <language value="text/cql-identifier"/>
        <expression value="Denominator"/>
      </criteria>
    </population>
    <population id="AA76FF0E-0EF9-40E6-9913-90FA63D50298">
      <code>
        <coding>
          <system value="http://terminology.hl7.org/CodeSystem/measure-population"/>
          <code value="denominator-exclusion"/>
          <display value="Denominator Exclusion"/>
        </coding>
      </code>
      <description value="None"/>
      <criteria>
        <language value="text/cql-identifier"/>
        <expression value="Denominator Exclusions"/>
      </criteria>
    </population>
    <population id="3D2BED97-5ADC-4210-8A3E-91B13652E7D0">
      <code>
        <coding>
          <system value="http://terminology.hl7.org/CodeSystem/measure-population"/>
          <code value="numerator"/>
          <display value="Numerator"/>
        </coding>
      </code>
      <description value="Individuals who had a PCO goal identified resulting in completion of goal attainment scaling (GAS) or a Patient-Reported Outcome Measure (PROM) and development of an action plan."/>
      <criteria>
        <language value="text/cql-identifier"/>
        <expression value="Numerator"/>
      </criteria>
    </population>
    <population id="4511743B-B054-4A08-800B-C4624450C38C">
      <code>
        <coding>
          <system value="http://terminology.hl7.org/CodeSystem/measure-population"/>
          <code value="denominator-exception"/>
          <display value="Denominator Exception"/>
        </coding>
      </code>
      <description value="None"/>
      <criteria>
        <language value="text/cql-identifier"/>
        <expression value="Denominator Exceptions"/>
      </criteria>
    </population>
  </group>
</Measure>