{
  "resourceType" : "Observation",
  "id" : "pcoGASScorePractitionerFollowupExample",
  "text" : {
    "status" : "generated",
    "div" : "<div xmlns=\"http://www.w3.org/1999/xhtml\"><p class=\"res-header-id\"><b>Generated Narrative: Observation pcoGASScorePractitionerFollowupExample</b></p><a name=\"pcoGASScorePractitionerFollowupExample\"> </a><a name=\"hcpcoGASScorePractitionerFollowupExample\"> </a><a name=\"pcoGASScorePractitionerFollowupExample-en-US\"> </a><p><b>status</b>: Final</p><p><b>category</b>: <span title=\"Codes:{http://terminology.hl7.org/CodeSystem/observation-category survey}\">Survey</span></p><p><b>code</b>: <span title=\"Codes:{http://mtnlotus.com/uv/pco/CodeSystem/pco-gas-codes-temporary goal-attainment-scaling}\">Goal Attainment Scaling (GAS)</span></p><p><b>subject</b>: <a href=\"Patient-pcoPatientJones.html\">Dorothy Jones  Female, DoB: 1947-11-25 ( http://example.org#ee8d4ac0-545c-4501-8d7e-646bfbda1db5\u00a0(use:\u00a0official,\u00a0))</a></p><p><b>focus</b>: <a href=\"Goal-pcoGoalWalkDogExample.html\">Goal: extension = ,,,,; lifecycleStatus = active; achievementStatus = In Progress; category = Physical Function; description = ; start[x] = 2024-04-03</a></p><p><b>effective</b>: 2024-05-22 10:15:00+0000</p><p><b>performer</b>: <a href=\"Practitioner-pcoPractitionerGonzalez.html\">Practitioner Maria Gonzalez, NBC-HWC</a></p><p><b>value</b>: <span title=\"Codes:{http://mtnlotus.com/uv/pco/CodeSystem/pco-gas-codes-temporary practitioner-gas-expected-outcome}\">Expected outcome</span></p></div>"
  },
  "status" : "final",
  "category" : [{
    "coding" : [{
      "system" : "http://terminology.hl7.org/CodeSystem/observation-category",
      "code" : "survey"
    }]
  }],
  "code" : {
    "coding" : [{
      "system" : "http://mtnlotus.com/uv/pco/CodeSystem/pco-gas-codes-temporary",
      "code" : "goal-attainment-scaling"
    }]
  },
  "subject" : {
    "reference" : "Patient/pcoPatientJones"
  },
  "focus" : [{
    "reference" : "Goal/pcoGoalWalkDogExample"
  }],
  "effectiveDateTime" : "2024-05-22T10:15:00Z",
  "performer" : [{
    "reference" : "Practitioner/pcoPractitionerGonzalez"
  }],
  "valueCodeableConcept" : {
    "coding" : [{
      "system" : "http://mtnlotus.com/uv/pco/CodeSystem/pco-gas-codes-temporary",
      "code" : "practitioner-gas-expected-outcome",
      "display" : "Expected outcome"
    }]
  }
}