{
  "resourceType" : "Observation",
  "id" : "pcoWhatMattersRelationshipsExample",
  "text" : {
    "status" : "generated",
    "div" : "<div xmlns=\"http://www.w3.org/1999/xhtml\"><p class=\"res-header-id\"><b>Generated Narrative: Observation pcoWhatMattersRelationshipsExample</b></p><a name=\"pcoWhatMattersRelationshipsExample\"> </a><a name=\"hcpcoWhatMattersRelationshipsExample\"> </a><a name=\"pcoWhatMattersRelationshipsExample-en-US\"> </a><p><b>status</b>: Final</p><p><b>category</b>: <span title=\"Codes:{http://terminology.hl7.org/CodeSystem/observation-category survey}\">Survey</span></p><p><b>code</b>: <span title=\"Codes:{http://hl7.org/fhir/us/pco/CodeSystem/va-whole-health relationships}\">Family, Friends &amp; Co-Workers</span></p><p><b>subject</b>: <a href=\"Patient-pcoPatientJones.html\">Dorothy Jones  Female, DoB: 1947-11-25 ( http://example.org#ee8d4ac0-545c-4501-8d7e-646bfbda1db5\u00a0(use:\u00a0official,\u00a0))</a></p><p><b>effective</b>: 2024-03-27 15:20:00+0000</p><p><b>performer</b>: <a href=\"Patient-pcoPatientJones.html\">Dorothy Jones  Female, DoB: 1947-11-25 ( http://example.org#ee8d4ac0-545c-4501-8d7e-646bfbda1db5\u00a0(use:\u00a0official,\u00a0))</a></p><blockquote><p><b>component</b></p><p><b>code</b>: <span title=\"Codes:{http://hl7.org/fhir/us/pco/CodeSystem/what-matters-rating now-rating}\">Now Rating</span></p><p><b>value</b>: 3</p></blockquote><blockquote><p><b>component</b></p><p><b>code</b>: <span title=\"Codes:{http://hl7.org/fhir/us/pco/CodeSystem/what-matters-rating now-reasons}\">Now Reasons</span></p><p><b>value</b>: I am still recovering from isolation during COVID and now physical difficulty leaving my home.</p></blockquote><blockquote><p><b>component</b></p><p><b>code</b>: <span title=\"Codes:{http://hl7.org/fhir/us/pco/CodeSystem/what-matters-rating future-rating}\">Future Rating</span></p><p><b>value</b>: 9</p></blockquote><blockquote><p><b>component</b></p><p><b>code</b>: <span title=\"Codes:{http://hl7.org/fhir/us/pco/CodeSystem/what-matters-rating future-changes}\">Future Changes</span></p><p><b>value</b>: I want to walk outside and visit friends in the park.</p></blockquote></div>"
  },
  "status" : "final",
  "category" : [{
    "coding" : [{
      "system" : "http://terminology.hl7.org/CodeSystem/observation-category",
      "code" : "survey",
      "display" : "Survey"
    }]
  }],
  "code" : {
    "coding" : [{
      "system" : "http://hl7.org/fhir/us/pco/CodeSystem/va-whole-health",
      "code" : "relationships",
      "display" : "Family, Friends & Co-Workers"
    }]
  },
  "subject" : {
    "reference" : "Patient/pcoPatientJones"
  },
  "effectiveDateTime" : "2024-03-27T15:20:00Z",
  "performer" : [{
    "reference" : "Patient/pcoPatientJones"
  }],
  "component" : [{
    "code" : {
      "coding" : [{
        "system" : "http://hl7.org/fhir/us/pco/CodeSystem/what-matters-rating",
        "code" : "now-rating"
      }]
    },
    "valueInteger" : 3
  },
  {
    "code" : {
      "coding" : [{
        "system" : "http://hl7.org/fhir/us/pco/CodeSystem/what-matters-rating",
        "code" : "now-reasons"
      }]
    },
    "valueString" : "I am still recovering from isolation during COVID and now physical difficulty leaving my home."
  },
  {
    "code" : {
      "coding" : [{
        "system" : "http://hl7.org/fhir/us/pco/CodeSystem/what-matters-rating",
        "code" : "future-rating"
      }]
    },
    "valueInteger" : 9
  },
  {
    "code" : {
      "coding" : [{
        "system" : "http://hl7.org/fhir/us/pco/CodeSystem/what-matters-rating",
        "code" : "future-changes"
      }]
    },
    "valueString" : "I want to walk outside and visit friends in the park."
  }]
}