<?xml version="1.0" encoding="UTF-8"?>

<Observation xmlns="http://hl7.org/fhir">
  <id value="pcoGASScorePractitionerFollowupExample"/>
  <text>
    <status value="generated"/><div xmlns="http://www.w3.org/1999/xhtml"><p class="res-header-id"><b>Generated Narrative: Observation pcoGASScorePractitionerFollowupExample</b></p><a name="pcoGASScorePractitionerFollowupExample"> </a><a name="hcpcoGASScorePractitionerFollowupExample"> </a><a name="pcoGASScorePractitionerFollowupExample-en-US"> </a><p><b>status</b>: Final</p><p><b>category</b>: <span title="Codes:{http://terminology.hl7.org/CodeSystem/observation-category survey}">Survey</span></p><p><b>code</b>: <span title="Codes:{http://loinc.org 68490}">Practitioner follow-up goal attainment scaling score</span></p><p><b>subject</b>: <a href="Patient-pcoPatientJones.html">Dorothy Jones  Female, DoB: 1947-11-25 ( http://example.org#ee8d4ac0-545c-4501-8d7e-646bfbda1db5 (use: official, ))</a></p><p><b>focus</b>: <a href="Goal-pcoGoalWalkDogExample.html">Goal: extension = ,,,,; lifecycleStatus = active; achievementStatus = In Progress; category = Person-Centered Goal,Physical Function; description = ; start[x] = 2024-04-03</a></p><p><b>effective</b>: 2024-05-22 10:15:00+0000</p><p><b>performer</b>: <a href="Practitioner-pcoPractitionerGonzalez.html">Practitioner Maria Gonzalez, NBC-HWC</a></p><p><b>value</b>: <span title="Codes:{http://loinc.org LA6111-4}">Expected outcome</span></p></div>
  </text>
  <status value="final"/>
  <category>
    <coding>
      <system value="http://terminology.hl7.org/CodeSystem/observation-category"/>
      <code value="survey"/>
      <display value="Survey"/>
    </coding>
  </category>
  <code>
    <coding>
      <system value="http://loinc.org"/>
      <code value="68490"/>
      <display value="Practitioner follow-up goal attainment scaling score"/>
    </coding>
  </code>
  <subject>
    <reference value="Patient/pcoPatientJones"/>
  </subject>
  <focus>
    <reference value="Goal/pcoGoalWalkDogExample"/>
  </focus>
  <effectiveDateTime value="2024-05-22T10:15:00Z"/>
  <performer>
    <reference value="Practitioner/pcoPractitionerGonzalez"/>
  </performer>
  <valueCodeableConcept>
    <coding>
      <system value="http://loinc.org"/>
      <code value="LA6111-4"/>
      <display value="Expected outcome"/>
    </coding>
  </valueCodeableConcept>
</Observation>