<?xml version="1.0" encoding="UTF-8"?>

<Observation xmlns="http://hl7.org/fhir">
  <id value="pcoWhatMattersPriorityExample"/>
  <text>
    <status value="generated"/><div xmlns="http://www.w3.org/1999/xhtml"><p class="res-header-id"><b>Generated Narrative: Observation pcoWhatMattersPriorityExample</b></p><a name="pcoWhatMattersPriorityExample"> </a><a name="hcpcoWhatMattersPriorityExample"> </a><a name="pcoWhatMattersPriorityExample-en-US"> </a><p><b>status</b>: Final</p><p><b>category</b>: <span title="Codes:{http://hl7.org/fhir/us/pco/CodeSystem/va-whole-health body}">Moving the Body</span>, <span title="Codes:{http://terminology.hl7.org/CodeSystem/observation-category survey}">Survey</span></p><p><b>code</b>: <span title="Codes:{http://hl7.org/fhir/us/pco/CodeSystem/wellbeing-concepts wellbeing-priority}">Well-Being Priority</span></p><p><b>subject</b>: <a href="Patient-pcoPatientJones.html">Dorothy Jones  Female, DoB: 1947-11-25 ( http://example.org#ee8d4ac0-545c-4501-8d7e-646bfbda1db5 (use: official, ))</a></p><p><b>effective</b>: 2024-03-27 15:05:00+0000</p><p><b>performer</b>: <a href="Patient-pcoPatientJones.html">Dorothy Jones  Female, DoB: 1947-11-25 ( http://example.org#ee8d4ac0-545c-4501-8d7e-646bfbda1db5 (use: official, ))</a></p><p><b>value</b>: true</p></div>
  </text>
  <status value="final"/>
  <category>
    <coding>
      <system value="http://hl7.org/fhir/us/pco/CodeSystem/va-whole-health"/>
      <code value="body"/>
      <display value="Moving the Body"/>
    </coding>
  </category>
  <category>
    <coding>
      <system value="http://terminology.hl7.org/CodeSystem/observation-category"/>
      <code value="survey"/>
    </coding>
  </category>
  <code>
    <coding>
      <system value="http://hl7.org/fhir/us/pco/CodeSystem/wellbeing-concepts"/>
      <code value="wellbeing-priority"/>
    </coding>
  </code>
  <subject>
    <reference value="Patient/pcoPatientJones"/>
  </subject>
  <effectiveDateTime value="2024-03-27T15:05:00Z"/>
  <performer>
    <reference value="Patient/pcoPatientJones"/>
  </performer>
  <valueBoolean value="true"/>
</Observation>