<?xml version="1.0" encoding="UTF-8"?>

<Observation xmlns="http://hl7.org/fhir">
  <id value="pcoWhatMattersBodyExampleFutureRating"/>
  <meta>
    <profile value="http://hl7.org/fhir/us/pco/StructureDefinition/pco-what-matters-assessment"/>
  </meta>
  <text>
    <status value="generated"/><div xmlns="http://www.w3.org/1999/xhtml"><p class="res-header-id"><b>Generated Narrative: Observation pcoWhatMattersBodyExampleFutureRating</b></p><a name="pcoWhatMattersBodyExampleFutureRating"> </a><a name="hcpcoWhatMattersBodyExampleFutureRating"> </a><a name="pcoWhatMattersBodyExampleFutureRating-en-US"> </a><p><b>status</b>: Final</p><p><b>category</b>: <span title="Codes:{http://hl7.org/fhir/us/pco/CodeSystem/pco-concepts what-matters}">What Matters</span>, <span title="Codes:{http://terminology.hl7.org/CodeSystem/observation-category survey}">Survey</span></p><p><b>code</b>: <span title="Codes:{http://hl7.org/fhir/us/pco/CodeSystem/what-matters-concepts future-rating}">Future Rating</span></p><p><b>subject</b>: <a href="Patient-pcoPatientJones.html">Dorothy Jones  Female, DoB: 1947-11-25 ( http://example.org#ee8d4ac0-545c-4501-8d7e-646bfbda1db5 (use: official, ))</a></p><p><b>effective</b>: 2024-03-27 15:10:00+0000</p><p><b>performer</b>: <a href="Patient-pcoPatientJones.html">Dorothy Jones  Female, DoB: 1947-11-25 ( http://example.org#ee8d4ac0-545c-4501-8d7e-646bfbda1db5 (use: official, ))</a></p><p><b>value</b>: <span title="Codes:{http://loinc.org LA10140-4}">8</span></p><p><b>derivedFrom</b>: <a href="Observation-pcoWhatMattersBodyExample.html">Observation Moving the Body</a></p></div>
  </text>
  <status value="final"/>
  <category>
    <coding>
      <system value="http://hl7.org/fhir/us/pco/CodeSystem/pco-concepts"/>
      <code value="what-matters"/>
      <display value="What Matters"/>
    </coding>
  </category>
  <category>
    <coding>
      <system value="http://terminology.hl7.org/CodeSystem/observation-category"/>
      <code value="survey"/>
    </coding>
  </category>
  <code>
    <coding>
      <system value="http://hl7.org/fhir/us/pco/CodeSystem/what-matters-concepts"/>
      <code value="future-rating"/>
      <display value="Future Rating"/>
    </coding>
  </code>
  <subject>
    <reference value="Patient/pcoPatientJones"/>
  </subject>
  <effectiveDateTime value="2024-03-27T15:10:00Z"/>
  <performer>
    <reference value="Patient/pcoPatientJones"/>
  </performer>
  <valueCodeableConcept>
    <coding>
      <system value="http://loinc.org"/>
      <code value="LA10140-4"/>
      <display value="8"/>
    </coding>
  </valueCodeableConcept>
  <derivedFrom>
    <reference value="Observation/pcoWhatMattersBodyExample"/>
  </derivedFrom>
</Observation>