{
  "resourceType" : "Observation",
  "id" : "pcoPROMScoreAnxietyExample",
  "status" : "final",
  "category" : [{
    "coding" : [{
      "system" : "http://terminology.hl7.org/CodeSystem/observation-category",
      "code" : "survey"
    }]
  }],
  "code" : {
    "coding" : [{
      "system" : "http://loinc.org",
      "code" : "70274-6",
      "display" : "Generalized anxiety disorder 7 item (GAD-7) total score"
    }]
  },
  "subject" : {
    "reference" : "Patient/pcoPatientLopez"
  },
  "focus" : [{
    "reference" : "Goal/pcoGoalAnxietyExample"
  }],
  "effectiveDateTime" : "2024-09-19T13:15:00Z",
  "performer" : [{
    "reference" : "Patient/pcoPatientLopez"
  }],
  "valueQuantity" : {
    "value" : 10,
    "unit" : "score",
    "system" : "http://unitsofmeasure.org",
    "code" : "{score}"
  }
}