<?xml version="1.0" encoding="UTF-8"?>

<Observation xmlns="http://hl7.org/fhir">
  <id value="pcoWhatMattersRelationshipsExample"/>
  <status value="final"/>
  <category>
    <coding>
      <system value="http://terminology.hl7.org/CodeSystem/observation-category"/>
      <code value="survey"/>
    </coding>
  </category>
  <code>
    <coding>
      <system value="http://mtnlotus.com/uv/pco/CodeSystem/va-whole-health"/>
      <code value="relationships"/>
      <display value="Family, Friends &amp; Co-Workers"/>
    </coding>
  </code>
  <subject>
    <reference value="Patient/pcoPatientJones"/>
  </subject>
  <effectiveDateTime value="2024-03-27T15:20:00Z"/>
  <performer>
    <reference value="Patient/pcoPatientJones"/>
  </performer>
  <component>
    <code>
      <coding>
        <system value="http://mtnlotus.com/uv/pco/CodeSystem/what-matters-rating"/>
        <code value="now-rating"/>
      </coding>
    </code>
    <valueInteger value="3"/>
  </component>
  <component>
    <code>
      <coding>
        <system value="http://mtnlotus.com/uv/pco/CodeSystem/what-matters-rating"/>
        <code value="now-reasons"/>
      </coding>
    </code>
    <valueString value="I am still recovering from isolation during COVID and now physical difficulty leaving my home."/>
  </component>
  <component>
    <code>
      <coding>
        <system value="http://mtnlotus.com/uv/pco/CodeSystem/what-matters-rating"/>
        <code value="future-rating"/>
      </coding>
    </code>
    <valueInteger value="9"/>
  </component>
  <component>
    <code>
      <coding>
        <system value="http://mtnlotus.com/uv/pco/CodeSystem/what-matters-rating"/>
        <code value="future-changes"/>
      </coding>
    </code>
    <valueString value="I want to walk outside and visit friends in the park."/>
  </component>
</Observation>