<?xml version="1.0" encoding="UTF-8"?>

<Patient xmlns="http://hl7.org/fhir">
  <id value="pcoPatientLopez"/>
  <text>
    <status value="generated"/><div xmlns="http://www.w3.org/1999/xhtml"><p class="res-header-id"><b>Generated Narrative: Patient pcoPatientLopez</b></p><a name="pcoPatientLopez"> </a><a name="hcpcoPatientLopez"> </a><a name="pcoPatientLopez-en-US"> </a><p style="border: 1px #661aff solid; background-color: #e6e6ff; padding: 10px;">Camila Lopez  Female, DoB: 1959-07-16 ( http://example.org#ee8d4ac0-545c-4501-8d7e-646bfbda1ge3 (use: official, ))</p><hr/></div>
  </text>
  <identifier>
    <use value="official"/>
    <system value="http://example.org"/>
    <value value="ee8d4ac0-545c-4501-8d7e-646bfbda1ge3"/>
  </identifier>
  <name>
    <family value="Lopez"/>
    <given value="Camila"/>
  </name>
  <gender value="female"/>
  <birthDate value="1959-07-16"/>
</Patient>