<?xml version="1.0" encoding="UTF-8"?>

<ServiceRequest xmlns="http://hl7.org/fhir">
  <id value="pcoPhysicalTherapyReferral"/>
  <text>
    <status value="extensions"/><div xmlns="http://www.w3.org/1999/xhtml"><p class="res-header-id"><b>Generated Narrative: ServiceRequest pcoPhysicalTherapyReferral</b></p><a name="pcoPhysicalTherapyReferral"> </a><a name="hcpcoPhysicalTherapyReferral"> </a><a name="pcoPhysicalTherapyReferral-en-US"> </a><p><b>ServiceRequest Pertains To Goal</b>: <a href="Goal-pcoGoalWalkDogExample.html">Goal: extension = ,,,,; lifecycleStatus = active; achievementStatus = In Progress; category = What Matters Most,Physical Function; description = ; start[x] = 2024-04-03</a></p><p><b>status</b>: Active</p><p><b>intent</b>: Plan</p><p><b>code</b>: <span title="Codes:{http://snomed.info/sct 91251008}">Physical therapy procedure (regime/therapy)</span></p><p><b>subject</b>: <a href="Patient-pcoPatientJones.html">Dorothy Jones  Female, DoB: 1947-11-25 ( http://example.org#ee8d4ac0-545c-4501-8d7e-646bfbda1db5 (use: official, ))</a></p><p><b>occurrence</b>: Once</p><p><b>authoredOn</b>: 2024-02-22</p><p><b>requester</b>: <a href="Practitioner-pcoPractitionerAnderson.html">Practitioner John Anderson, MD</a></p><p><b>note</b>: Trial of physical therapy focused on strengthening</p></div>
  </text>
  <extension url="http://hl7.org/fhir/StructureDefinition/resource-pertainsToGoal">
    <valueReference>
      <reference value="Goal/pcoGoalWalkDogExample"/>
    </valueReference>
  </extension>
  <status value="active"/>
  <intent value="plan"/>
  <code>
    <coding>
      <system value="http://snomed.info/sct"/>
      <code value="91251008"/>
      <display value="Physical therapy procedure (regime/therapy)"/>
    </coding>
  </code>
  <subject>
    <reference value="Patient/pcoPatientJones"/>
  </subject>
  <occurrenceTiming>
    <repeat>
      <boundsPeriod>
        <start value="2024-03-01"/>
        <end value="2024-04-30"/>
      </boundsPeriod>
      <frequency value="1"/>
      <periodUnit value="wk"/>
    </repeat>
  </occurrenceTiming>
  <authoredOn value="2024-02-22"/>
  <requester>
    <reference value="Practitioner/pcoPractitionerAnderson"/>
  </requester>
  <note>
    <text value="Trial of physical therapy focused on strengthening"/>
  </note>
</ServiceRequest>