{
  "package": "hl7.fhir.us.pco",
  "version": "0.2.0",
  "fhirVersion": "4.0.1",
  "jurisdiction": "US",
  "extensions": [
    {
      "url": "http://hl7.org/fhir/us/pco/StructureDefinition/pco-goal-attainment-scaling",
      "title": "Goal Attainment Scaling",
      "types": [
        "Coding",
        "string",
        "base64Binary",
        "boolean",
        "canonical",
        "code",
        "date",
        "dateTime",
        "decimal",
        "id",
        "instant",
        "integer",
        "markdown",
        "oid",
        "positiveInt",
        "string",
        "time",
        "unsignedInt",
        "uri",
        "url",
        "uuid",
        "Address",
        "Age",
        "Annotation",
        "Attachment",
        "CodeableConcept",
        "Coding",
        "ContactPoint",
        "Count",
        "Distance",
        "Duration",
        "HumanName",
        "Identifier",
        "Money",
        "Period",
        "Quantity",
        "Range",
        "Ratio",
        "Reference",
        "SampledData",
        "Signature",
        "Timing",
        "ContactDetail",
        "Contributor",
        "DataRequirement",
        "Expression",
        "ParameterDefinition",
        "RelatedArtifact",
        "TriggerDefinition",
        "UsageContext",
        "Dosage",
        "Meta"
      ]
    }
  ],
  "profiles": {
    "CarePlan": [
      {
        "url": "http://hl7.org/fhir/us/pco/StructureDefinition/pco-care-plan",
        "title": "Person-Centered Care Plan"
      }
    ],
    "Observation": [
      {
        "url": "http://hl7.org/fhir/us/pco/StructureDefinition/pco-prom-score-observation",
        "title": "Patient-Reported Outcome Measure (PROM) score"
      },
      {
        "url": "http://hl7.org/fhir/us/pco/StructureDefinition/pco-what-matters-assessment",
        "title": "What Matters Assessment"
      },
      {
        "url": "http://hl7.org/fhir/us/pco/StructureDefinition/pco-what-matters-priority",
        "title": "What Matters Priority"
      }
    ],
    "Goal": [
      {
        "url": "http://hl7.org/fhir/us/pco/StructureDefinition/pco-prom-goal-profile",
        "title": "Person-Centered PROM Goal"
      }
    ],
    "List": [
      {
        "url": "http://hl7.org/fhir/us/pco/StructureDefinition/pco-personal-priorities-organizer",
        "title": "Personal Priorities Organizer"
      }
    ]
  },
  "usage": {
    "http://hl7.org/fhir/StructureDefinition/cqf-cqlOptions": [
      "Library"
    ],
    "http://hl7.org/fhir/StructureDefinition/elementdefinition-bestpractice": [
      "StructureDefinition.snapshot.element.constraint"
    ],
    "http://hl7.org/fhir/StructureDefinition/elementdefinition-bestpractice-explanation": [
      "StructureDefinition.snapshot.element.constraint"
    ],
    "http://hl7.org/fhir/StructureDefinition/elementdefinition-bindingName": [
      "StructureDefinition.snapshot.element.binding"
    ],
    "http://hl7.org/fhir/StructureDefinition/elementdefinition-maxValueSet": [
      "StructureDefinition.snapshot.element.binding"
    ],
    "http://hl7.org/fhir/StructureDefinition/elementdefinition-type-must-support": [
      "StructureDefinition.differential.element.type",
      "StructureDefinition.snapshot.element.type",
      "StructureDefinition.snapshot.element.type.targetProfile"
    ],
    "http://hl7.org/fhir/StructureDefinition/resource-pertainsToGoal": [
      "ServiceRequest"
    ],
    "http://hl7.org/fhir/StructureDefinition/structuredefinition-display-hint": [
      "StructureDefinition.snapshot.element"
    ],
    "http://hl7.org/fhir/StructureDefinition/structuredefinition-fhir-type": [
      "StructureDefinition.snapshot.element.type"
    ],
    "http://hl7.org/fhir/StructureDefinition/structuredefinition-hierarchy": [
      "StructureDefinition.snapshot.element.type"
    ],
    "http://hl7.org/fhir/StructureDefinition/structuredefinition-wg": [
      "CodeSystem",
      "ImplementationGuide",
      "Library",
      "Measure",
      "Questionnaire",
      "StructureDefinition",
      "ValueSet"
    ],
    "http://hl7.org/fhir/tools/StructureDefinition/ig-internal-dependency": [
      "ImplementationGuide.definition"
    ],
    "http://hl7.org/fhir/tools/StructureDefinition/ig-page-name": [
      "ImplementationGuide.definition.page",
      "ImplementationGuide.definition.page.page"
    ],
    "http://hl7.org/fhir/tools/StructureDefinition/ig-parameter": [
      "ImplementationGuide.definition"
    ],
    "http://hl7.org/fhir/tools/StructureDefinition/implementationguide-dependency-comment": [
      "ImplementationGuide.dependsOn"
    ],
    "http://hl7.org/fhir/tools/StructureDefinition/resource-information": [
      "ImplementationGuide.definition.resource"
    ],
    "http://hl7.org/fhir/us/core/StructureDefinition/uscdi-requirement": [
      "StructureDefinition.snapshot.element"
    ],
    "http://hl7.org/fhir/us/cqfmeasures/StructureDefinition/cqfm-directReferenceCode": [
      "Measure.contained"
    ],
    "http://hl7.org/fhir/us/cqfmeasures/StructureDefinition/cqfm-effectiveDataRequirements": [
      "Measure"
    ],
    "http://hl7.org/fhir/us/cqfmeasures/StructureDefinition/cqfm-improvementNotation": [
      "Measure.group"
    ],
    "http://hl7.org/fhir/us/cqfmeasures/StructureDefinition/cqfm-logicDefinition": [
      "Measure.contained"
    ],
    "http://hl7.org/fhir/us/cqfmeasures/StructureDefinition/cqfm-populationBasis": [
      "Measure.group"
    ],
    "http://hl7.org/fhir/us/cqfmeasures/StructureDefinition/cqfm-rateAggregation": [
      "Measure.group"
    ],
    "http://hl7.org/fhir/us/cqfmeasures/StructureDefinition/cqfm-softwaresystem": [
      "Library",
      "Measure"
    ],
    "http://hl7.org/fhir/us/cqfmeasures/StructureDefinition/cqfm-type": [
      "Measure.group"
    ],
    "http://hl7.org/fhir/us/pco/StructureDefinition/pco-goal-attainment-scaling": [
      "Goal"
    ]
  }
}