{
  "codeSystems" : [
    {
      "url" : "http://hl7.org/fhir/ValueSet/body-site",
      "version" : "4.0.1",
      "status" : "draft",
      "name" : "SNOMEDCTBodyStructures",
      "title" : "SNOMED CT Body Structures",
      "description" : "This value set includes all codes from [SNOMED CT](http://snomed.info/sct) where concept is-a 442083009 (Anatomical or acquired body site (body structure)).",
      "systems" : ["http://snomed.info/sct"],
      "oids" : ["2.16.840.1.113883.4.642.3.141"],
      "sources" : ["2.16.840.1.113883.4.642.3.141"],
      "uses" : {
      },
      "StructureDefinition-pco-practitioner-gas-score.html" : "Practitioner Goal Attainment Scaling (GAS) score",
      "StructureDefinition-pco-prom-score.html" : "Patient-Reported Outcome Measure (PROM) score",
      "StructureDefinition-pco-progress-score-observation.html" : "Person-Centered Progress Score",
      "StructureDefinition-pco-caregiver-gas-score.html" : "Caregiver Goal Attainment Scaling (GAS) score",
      "StructureDefinition-pco-patient-gas-score.html" : "Patient Goal Attainment Scaling (GAS) score",
      "StructureDefinition-pco-what-matters-assessment.html" : "What Matters Assessment"
    },
    {
      "url" : "http://hl7.org/fhir/ValueSet/care-plan-activity-kind",
      "version" : "4.0.1",
      "status" : "draft",
      "name" : "CarePlanActivityKind",
      "title" : "Care Plan Activity Kind",
      "description" : "Resource types defined as part of FHIR that can be represented as in-line definitions of a care plan activity.",
      "systems" : ["http://hl7.org/fhir/resource-types"],
      "oids" : ["2.16.840.1.113883.4.642.3.145"],
      "sources" : ["2.16.840.1.113883.4.642.3.145"],
      "uses" : {
      },
      "StructureDefinition-pco-care-plan.html" : "Person-Centered Care Plan"
    },
    {
      "url" : "http://hl7.org/fhir/ValueSet/care-plan-activity-outcome",
      "version" : "4.0.1",
      "status" : "draft",
      "name" : "CarePlanActivityOutcome",
      "title" : "Care Plan Activity Outcome",
      "description" : "Example codes indicating the outcome of a care plan activity. Note that these are in no way complete and might not even be appropriate for some uses.",
      "systems" : ["http://snomed.info/sct"],
      "oids" : ["2.16.840.1.113883.4.642.3.149"],
      "sources" : ["2.16.840.1.113883.4.642.3.149"],
      "uses" : {
      },
      "StructureDefinition-pco-care-plan.html" : "Person-Centered Care Plan"
    },
    {
      "url" : "http://hl7.org/fhir/ValueSet/care-plan-activity-status",
      "version" : "4.0.1",
      "status" : "draft",
      "name" : "CarePlanActivityStatus",
      "title" : "CarePlanActivityStatus",
      "description" : "Codes that reflect the current state of a care plan activity within its overall life cycle.",
      "systems" : ["http://hl7.org/fhir/care-plan-activity-status"],
      "oids" : ["2.16.840.1.113883.4.642.3.146"],
      "sources" : ["2.16.840.1.113883.4.642.3.146"],
      "uses" : {
      },
      "StructureDefinition-pco-care-plan.html" : "Person-Centered Care Plan"
    },
    {
      "url" : "http://hl7.org/fhir/ValueSet/care-plan-category",
      "version" : "4.0.1",
      "status" : "draft",
      "name" : "CarePlanCategory",
      "title" : "Care Plan Category",
      "description" : "Example codes indicating the category a care plan falls within.  Note that these are in no way complete and might not even be appropriate for some uses.",
      "systems" : ["http://snomed.info/sct"],
      "oids" : ["2.16.840.1.113883.4.642.3.148"],
      "sources" : ["2.16.840.1.113883.4.642.3.148"],
      "uses" : {
      },
      "StructureDefinition-pco-care-plan.html" : "Person-Centered Care Plan"
    },
    {
      "url" : "http://hl7.org/fhir/ValueSet/care-plan-intent",
      "version" : "4.0.1",
      "status" : "draft",
      "name" : "CarePlanIntent",
      "title" : "Care Plan Intent",
      "description" : "Codes indicating the degree of authority/intentionality associated with a care plan.",
      "systems" : ["http://hl7.org/fhir/request-intent"],
      "oids" : ["2.16.840.1.113883.4.642.3.150"],
      "sources" : ["2.16.840.1.113883.4.642.3.150"],
      "uses" : {
      },
      "StructureDefinition-pco-care-plan.html" : "Person-Centered Care Plan"
    },
    {
      "url" : "http://hl7.org/fhir/ValueSet/clinical-findings",
      "version" : "4.0.1",
      "status" : "draft",
      "name" : "SNOMEDCTClinicalFindings",
      "title" : "SNOMED CT Clinical Findings",
      "description" : "This value set includes all the \"Clinical finding\" [SNOMED CT](http://snomed.info/sct) codes - concepts where concept is-a 404684003 (Clinical finding (finding)).",
      "systems" : ["http://snomed.info/sct"],
      "oids" : ["2.16.840.1.113883.4.642.3.232"],
      "sources" : ["2.16.840.1.113883.4.642.3.232"],
      "uses" : {
      },
      "StructureDefinition-pco-gas-goal-profile.html" : "Person-Centered Goal Attainment",
      "StructureDefinition-pco-goal-profile.html" : "Person-Centered Goal",
      "StructureDefinition-pco-care-plan.html" : "Person-Centered Care Plan",
      "StructureDefinition-pco-goal-prom-profile.html" : "Person-Centered Goal for PROMs"
    },
    {
      "url" : "http://hl7.org/fhir/ValueSet/data-absent-reason",
      "version" : "4.0.1",
      "status" : "active",
      "name" : "DataAbsentReason",
      "title" : "DataAbsentReason",
      "description" : "Used to specify why the normally expected content of the data element is missing.",
      "systems" : ["http://terminology.hl7.org/CodeSystem/data-absent-reason"],
      "oids" : ["2.16.840.1.113883.4.642.3.5"],
      "sources" : ["2.16.840.1.113883.4.642.3.5"],
      "uses" : {
      },
      "StructureDefinition-pco-practitioner-gas-score.html" : "Practitioner Goal Attainment Scaling (GAS) score",
      "StructureDefinition-pco-prom-score.html" : "Patient-Reported Outcome Measure (PROM) score",
      "StructureDefinition-pco-progress-score-observation.html" : "Person-Centered Progress Score",
      "StructureDefinition-pco-caregiver-gas-score.html" : "Caregiver Goal Attainment Scaling (GAS) score",
      "StructureDefinition-pco-patient-gas-score.html" : "Patient Goal Attainment Scaling (GAS) score",
      "StructureDefinition-pco-what-matters-assessment.html" : "What Matters Assessment"
    },
    {
      "url" : "http://hl7.org/fhir/ValueSet/goal-achievement",
      "version" : "4.0.1",
      "status" : "draft",
      "name" : "GoalAchievementStatus",
      "title" : "Goal achievement status",
      "description" : "Describes the progression, or lack thereof, towards the goal against the target.",
      "systems" : ["http://terminology.hl7.org/CodeSystem/goal-achievement"],
      "oids" : ["2.16.840.1.113883.4.642.3.1374"],
      "sources" : ["2.16.840.1.113883.4.642.3.1374"],
      "uses" : {
      },
      "StructureDefinition-pco-gas-goal-profile.html" : "Person-Centered Goal Attainment",
      "StructureDefinition-pco-goal-profile.html" : "Person-Centered Goal",
      "StructureDefinition-pco-goal-prom-profile.html" : "Person-Centered Goal for PROMs"
    },
    {
      "url" : "http://hl7.org/fhir/ValueSet/goal-category",
      "version" : "4.0.1",
      "status" : "draft",
      "name" : "GoalCategory",
      "title" : "Goal category",
      "description" : "Example codes for grouping goals to use for filtering or presentation.",
      "systems" : ["http://terminology.hl7.org/CodeSystem/goal-category"],
      "oids" : ["2.16.840.1.113883.4.642.3.275"],
      "sources" : ["2.16.840.1.113883.4.642.3.275"],
      "uses" : {
      },
      "StructureDefinition-pco-gas-goal-profile.html" : "Person-Centered Goal Attainment",
      "StructureDefinition-pco-goal-profile.html" : "Person-Centered Goal",
      "StructureDefinition-pco-goal-prom-profile.html" : "Person-Centered Goal for PROMs"
    },
    {
      "url" : "http://hl7.org/fhir/ValueSet/goal-priority",
      "version" : "4.0.1",
      "status" : "draft",
      "name" : "GoalPriority",
      "title" : "Goal priority",
      "description" : "Indicates the level of importance associated with reaching or sustaining a goal.",
      "systems" : ["http://terminology.hl7.org/CodeSystem/goal-priority"],
      "oids" : ["2.16.840.1.113883.4.642.3.273"],
      "sources" : ["2.16.840.1.113883.4.642.3.273"],
      "uses" : {
      },
      "StructureDefinition-pco-gas-goal-profile.html" : "Person-Centered Goal Attainment",
      "StructureDefinition-pco-goal-profile.html" : "Person-Centered Goal",
      "StructureDefinition-pco-goal-prom-profile.html" : "Person-Centered Goal for PROMs"
    },
    {
      "url" : "http://hl7.org/fhir/ValueSet/goal-status",
      "version" : "4.0.1",
      "status" : "draft",
      "name" : "GoalLifecycleStatus",
      "title" : "GoalLifecycleStatus",
      "description" : "Codes that reflect the current state of a goal and whether the goal is still being targeted.",
      "systems" : ["http://hl7.org/fhir/goal-status"],
      "oids" : ["2.16.840.1.113883.4.642.3.271"],
      "sources" : ["2.16.840.1.113883.4.642.3.271"],
      "uses" : {
      },
      "StructureDefinition-pco-gas-goal-profile.html" : "Person-Centered Goal Attainment",
      "StructureDefinition-pco-goal-profile.html" : "Person-Centered Goal",
      "StructureDefinition-pco-goal-prom-profile.html" : "Person-Centered Goal for PROMs"
    },
    {
      "url" : "http://hl7.org/fhir/ValueSet/languages",
      "version" : "4.0.1",
      "status" : "draft",
      "name" : "CommonLanguages",
      "title" : "Common Languages",
      "description" : "This value set includes common codes from BCP-47 (http://tools.ietf.org/html/bcp47)",
      "systems" : ["urn:ietf:bcp:47"],
      "oids" : ["2.16.840.1.113883.4.642.3.20"],
      "sources" : ["2.16.840.1.113883.4.642.3.20"],
      "uses" : {
      },
      "StructureDefinition-pco-practitioner-gas-score.html" : "Practitioner Goal Attainment Scaling (GAS) score",
      "StructureDefinition-pco-prom-score.html" : "Patient-Reported Outcome Measure (PROM) score",
      "StructureDefinition-pco-progress-score-observation.html" : "Person-Centered Progress Score",
      "StructureDefinition-pco-caregiver-gas-score.html" : "Caregiver Goal Attainment Scaling (GAS) score",
      "StructureDefinition-pco-gas-goal-profile.html" : "Person-Centered Goal Attainment",
      "StructureDefinition-pco-goal-profile.html" : "Person-Centered Goal",
      "StructureDefinition-pco-patient-gas-score.html" : "Patient Goal Attainment Scaling (GAS) score",
      "StructureDefinition-pco-care-plan.html" : "Person-Centered Care Plan",
      "StructureDefinition-pco-what-matters-assessment.html" : "What Matters Assessment",
      "StructureDefinition-pco-goal-prom-profile.html" : "Person-Centered Goal for PROMs"
    },
    {
      "url" : "http://hl7.org/fhir/ValueSet/medication-codes",
      "version" : "4.0.1",
      "status" : "draft",
      "name" : "SNOMEDCTMedicationCodes",
      "title" : "SNOMED CT Medication Codes",
      "description" : "This value set includes all drug or medicament substance codes and all pharmaceutical/biologic products from SNOMED CT - provided as an exemplar value set.",
      "systems" : ["http://snomed.info/sct"],
      "oids" : ["2.16.840.1.113883.4.642.3.375"],
      "sources" : ["2.16.840.1.113883.4.642.3.375"],
      "uses" : {
      },
      "StructureDefinition-pco-care-plan.html" : "Person-Centered Care Plan"
    },
    {
      "url" : "http://hl7.org/fhir/ValueSet/observation-category",
      "version" : "4.0.1",
      "status" : "draft",
      "name" : "ObservationCategoryCodes",
      "title" : "Observation Category Codes",
      "description" : "Observation Category codes.",
      "systems" : ["http://terminology.hl7.org/CodeSystem/observation-category"],
      "oids" : ["2.16.840.1.113883.4.642.3.403"],
      "sources" : ["2.16.840.1.113883.4.642.3.403"],
      "uses" : {
      },
      "StructureDefinition-pco-practitioner-gas-score.html" : "Practitioner Goal Attainment Scaling (GAS) score",
      "StructureDefinition-pco-prom-score.html" : "Patient-Reported Outcome Measure (PROM) score",
      "StructureDefinition-pco-progress-score-observation.html" : "Person-Centered Progress Score",
      "StructureDefinition-pco-caregiver-gas-score.html" : "Caregiver Goal Attainment Scaling (GAS) score",
      "StructureDefinition-pco-patient-gas-score.html" : "Patient Goal Attainment Scaling (GAS) score",
      "StructureDefinition-pco-what-matters-assessment.html" : "What Matters Assessment"
    },
    {
      "url" : "http://hl7.org/fhir/ValueSet/observation-codes",
      "version" : "4.0.1",
      "status" : "draft",
      "name" : "LOINCCodes",
      "title" : "LOINC Codes",
      "description" : "This value set includes all LOINC codes",
      "systems" : ["http://loinc.org"],
      "oids" : ["2.16.840.1.113883.4.642.3.396"],
      "sources" : ["2.16.840.1.113883.4.642.3.396"],
      "uses" : {
      },
      "StructureDefinition-pco-practitioner-gas-score.html" : "Practitioner Goal Attainment Scaling (GAS) score",
      "StructureDefinition-pco-prom-score.html" : "Patient-Reported Outcome Measure (PROM) score",
      "StructureDefinition-pco-progress-score-observation.html" : "Person-Centered Progress Score",
      "StructureDefinition-pco-caregiver-gas-score.html" : "Caregiver Goal Attainment Scaling (GAS) score",
      "StructureDefinition-pco-gas-goal-profile.html" : "Person-Centered Goal Attainment",
      "StructureDefinition-pco-goal-profile.html" : "Person-Centered Goal",
      "StructureDefinition-pco-patient-gas-score.html" : "Patient Goal Attainment Scaling (GAS) score",
      "StructureDefinition-pco-what-matters-assessment.html" : "What Matters Assessment"
    },
    {
      "url" : "http://hl7.org/fhir/ValueSet/observation-interpretation",
      "version" : "4.0.1",
      "status" : "active",
      "name" : "ObservationInterpretationCodes",
      "title" : "Observation Interpretation Codes",
      "description" : "A categorical assessment, providing a rough qualitative interpretation of the observation value,    such as “normal”/ “abnormal”,”low” / “high”, “better” / “worse”, “susceptible” / “resistant”, “expected”/ “not expected”.    The value set is intended to be for ANY use where coded representation of an interpretation is needed.   \r\n   \r\n   Notes:\r\n   \r\n   This is being communicated in v2.x in OBX-8 (Observation Interpretation), in v3 in ObservationInterpretation (CWE) in R1 (Representative Realm) and in FHIR in    Observation.interpretation. Historically these values come from the laboratory domain, and these codes are extensively    used. The value set binding is extensible, so codes outside the value set that are needed for interpretation concepts    (i.e. particular meanings) that are not included in the value set can be used, and these new codes may also be added to    the value set and published in a future version.",
      "systems" : [
        "http://terminology.hl7.org/CodeSystem/v3-ObservationInterpretation"
      ],
      "oids" : ["2.16.840.1.113883.4.642.3.399"],
      "sources" : ["2.16.840.1.113883.4.642.3.399"],
      "uses" : {
      },
      "StructureDefinition-pco-practitioner-gas-score.html" : "Practitioner Goal Attainment Scaling (GAS) score",
      "StructureDefinition-pco-prom-score.html" : "Patient-Reported Outcome Measure (PROM) score",
      "StructureDefinition-pco-progress-score-observation.html" : "Person-Centered Progress Score",
      "StructureDefinition-pco-caregiver-gas-score.html" : "Caregiver Goal Attainment Scaling (GAS) score",
      "StructureDefinition-pco-patient-gas-score.html" : "Patient Goal Attainment Scaling (GAS) score",
      "StructureDefinition-pco-what-matters-assessment.html" : "What Matters Assessment"
    },
    {
      "url" : "http://hl7.org/fhir/ValueSet/observation-methods",
      "version" : "4.0.1",
      "status" : "draft",
      "name" : "ObservationMethods",
      "title" : "Observation Methods",
      "description" : "Observation Method codes from [SNOMED CT](http://snomed.info/sct) where concept is-a 272394005 (Technique (qualifier value)) or is-a 129264002 (Action (qualifier value)) or is-a 386053000 (Evaluation procedure(procedure))",
      "systems" : ["http://snomed.info/sct"],
      "oids" : ["2.16.840.1.113883.4.642.3.395"],
      "sources" : ["2.16.840.1.113883.4.642.3.395"],
      "uses" : {
      },
      "StructureDefinition-pco-practitioner-gas-score.html" : "Practitioner Goal Attainment Scaling (GAS) score",
      "StructureDefinition-pco-prom-score.html" : "Patient-Reported Outcome Measure (PROM) score",
      "StructureDefinition-pco-progress-score-observation.html" : "Person-Centered Progress Score",
      "StructureDefinition-pco-caregiver-gas-score.html" : "Caregiver Goal Attainment Scaling (GAS) score",
      "StructureDefinition-pco-patient-gas-score.html" : "Patient Goal Attainment Scaling (GAS) score",
      "StructureDefinition-pco-what-matters-assessment.html" : "What Matters Assessment"
    },
    {
      "url" : "http://hl7.org/fhir/ValueSet/observation-status",
      "version" : "4.0.1",
      "status" : "active",
      "name" : "ObservationStatus",
      "title" : "ObservationStatus",
      "description" : "Codes providing the status of an observation.",
      "systems" : ["http://hl7.org/fhir/observation-status"],
      "oids" : ["2.16.840.1.113883.4.642.3.400"],
      "sources" : ["2.16.840.1.113883.4.642.3.400"],
      "uses" : {
      },
      "StructureDefinition-pco-practitioner-gas-score.html" : "Practitioner Goal Attainment Scaling (GAS) score",
      "StructureDefinition-pco-prom-score.html" : "Patient-Reported Outcome Measure (PROM) score",
      "StructureDefinition-pco-progress-score-observation.html" : "Person-Centered Progress Score",
      "StructureDefinition-pco-caregiver-gas-score.html" : "Caregiver Goal Attainment Scaling (GAS) score",
      "StructureDefinition-pco-patient-gas-score.html" : "Patient Goal Attainment Scaling (GAS) score",
      "StructureDefinition-pco-what-matters-assessment.html" : "What Matters Assessment"
    },
    {
      "url" : "http://hl7.org/fhir/ValueSet/procedure-code",
      "version" : "4.0.1",
      "status" : "draft",
      "name" : "ProcedureCodes(SNOMEDCT)",
      "title" : "Procedure Codes (SNOMED CT)",
      "description" : "Procedure Code: All SNOMED CT procedure codes.",
      "systems" : ["http://snomed.info/sct"],
      "oids" : ["2.16.840.1.113883.4.642.3.427"],
      "sources" : ["2.16.840.1.113883.4.642.3.427"],
      "uses" : {
      },
      "StructureDefinition-pco-care-plan.html" : "Person-Centered Care Plan"
    },
    {
      "url" : "http://hl7.org/fhir/ValueSet/referencerange-appliesto",
      "version" : "4.0.1",
      "status" : "draft",
      "name" : "ObservationReferenceRangeAppliesToCodes",
      "title" : "Observation Reference Range Applies To Codes",
      "description" : "This value set defines a set of codes that can be used to indicate the particular target population the reference range applies to.",
      "systems" : [
        "http://terminology.hl7.org/CodeSystem/v3-Race",
        "http://snomed.info/sct"
      ],
      "oids" : ["2.16.840.1.113883.4.642.3.407"],
      "sources" : ["2.16.840.1.113883.4.642.3.407"],
      "uses" : {
      },
      "StructureDefinition-pco-practitioner-gas-score.html" : "Practitioner Goal Attainment Scaling (GAS) score",
      "StructureDefinition-pco-prom-score.html" : "Patient-Reported Outcome Measure (PROM) score",
      "StructureDefinition-pco-progress-score-observation.html" : "Person-Centered Progress Score",
      "StructureDefinition-pco-caregiver-gas-score.html" : "Caregiver Goal Attainment Scaling (GAS) score",
      "StructureDefinition-pco-patient-gas-score.html" : "Patient Goal Attainment Scaling (GAS) score",
      "StructureDefinition-pco-what-matters-assessment.html" : "What Matters Assessment"
    },
    {
      "url" : "http://hl7.org/fhir/ValueSet/referencerange-meaning",
      "version" : "4.0.1",
      "status" : "draft",
      "name" : "ObservationReferenceRangeMeaningCodes",
      "title" : "Observation Reference Range Meaning Codes",
      "description" : "This value set defines a set of codes that can be used to indicate the meaning/use of a reference range for a particular target population.",
      "systems" : [
        "http://terminology.hl7.org/CodeSystem/referencerange-meaning"
      ],
      "oids" : ["2.16.840.1.113883.4.642.3.397"],
      "sources" : ["2.16.840.1.113883.4.642.3.397"],
      "uses" : {
      },
      "StructureDefinition-pco-practitioner-gas-score.html" : "Practitioner Goal Attainment Scaling (GAS) score",
      "StructureDefinition-pco-prom-score.html" : "Patient-Reported Outcome Measure (PROM) score",
      "StructureDefinition-pco-progress-score-observation.html" : "Person-Centered Progress Score",
      "StructureDefinition-pco-caregiver-gas-score.html" : "Caregiver Goal Attainment Scaling (GAS) score",
      "StructureDefinition-pco-patient-gas-score.html" : "Patient Goal Attainment Scaling (GAS) score",
      "StructureDefinition-pco-what-matters-assessment.html" : "What Matters Assessment"
    },
    {
      "url" : "http://hl7.org/fhir/ValueSet/request-status",
      "version" : "4.0.1",
      "status" : "draft",
      "name" : "RequestStatus",
      "title" : "RequestStatus",
      "description" : "Codes identifying the lifecycle stage of a request.",
      "systems" : ["http://hl7.org/fhir/request-status"],
      "oids" : ["2.16.840.1.113883.4.642.3.111"],
      "sources" : ["2.16.840.1.113883.4.642.3.111"],
      "uses" : {
      },
      "StructureDefinition-pco-care-plan.html" : "Person-Centered Care Plan"
    },
    {
      "url" : "http://hl7.org/fhir/us/core/ValueSet/us-core-goal-description",
      "version" : "6.1.0",
      "status" : "active",
      "name" : "USCoreGoalCodes",
      "title" : "US Core Goal Codes",
      "description" : "Concepts from CPT and LOINC code systems that can be used to indicate the goal.",
      "systems" : ["http://loinc.org", "http://snomed.info/sct"],
      "uses" : {
      },
      "StructureDefinition-pco-gas-goal-profile.html" : "Person-Centered Goal Attainment",
      "StructureDefinition-pco-goal-profile.html" : "Person-Centered Goal",
      "StructureDefinition-pco-goal-prom-profile.html" : "Person-Centered Goal for PROMs"
    },
    {
      "url" : "http://hl7.org/fhir/us/core/ValueSet/us-core-narrative-status",
      "version" : "6.1.0",
      "status" : "active",
      "name" : "NarrativeStatus",
      "title" : "US Core Narrative Status",
      "description" : "The US Core Narrative Status Value Set limits the text status for the resource narrative.",
      "systems" : ["http://hl7.org/fhir/narrative-status"],
      "uses" : {
      },
      "StructureDefinition-pco-care-plan.html" : "Person-Centered Care Plan"
    },
    {
      "url" : "http://hl7.org/fhir/us/core/ValueSet/us-core-screening-assessment-observation-category",
      "version" : "6.1.0",
      "status" : "active",
      "name" : "USCoreScreeningAssessmentObservationCategory",
      "title" : "US Core Screening Assessment Observation Category",
      "description" : "Category codes used in the US Core Observation Screening Assessment Profile to help identify the type of USCDI Health Status/Assessment data class being reported.",
      "systems" : ["http://hl7.org/fhir/us/core/CodeSystem/us-core-category"],
      "uses" : {
      },
      "StructureDefinition-pco-practitioner-gas-score.html" : "Practitioner Goal Attainment Scaling (GAS) score",
      "StructureDefinition-pco-prom-score.html" : "Patient-Reported Outcome Measure (PROM) score",
      "StructureDefinition-pco-progress-score-observation.html" : "Person-Centered Progress Score",
      "StructureDefinition-pco-caregiver-gas-score.html" : "Caregiver Goal Attainment Scaling (GAS) score",
      "StructureDefinition-pco-patient-gas-score.html" : "Patient Goal Attainment Scaling (GAS) score",
      "StructureDefinition-pco-what-matters-assessment.html" : "What Matters Assessment"
    },
    {
      "url" : "http://hl7.org/fhir/us/core/ValueSet/us-core-survey-codes",
      "version" : "6.1.0",
      "status" : "active",
      "name" : "USCoreSurveyCodes",
      "title" : "US Core Survey Codes",
      "description" : "This value set includes screening and assessment panel codes in LOINC (Refer to [Appendix A](https://loinc.org/kb/users-guide/loinc-database-structure/) of LOINC Users' Guide).",
      "systems" : ["http://loinc.org"],
      "uses" : {
      },
      "StructureDefinition-pco-practitioner-gas-score.html" : "Practitioner Goal Attainment Scaling (GAS) score",
      "StructureDefinition-pco-progress-score-observation.html" : "Person-Centered Progress Score",
      "StructureDefinition-pco-caregiver-gas-score.html" : "Caregiver Goal Attainment Scaling (GAS) score",
      "StructureDefinition-pco-patient-gas-score.html" : "Patient Goal Attainment Scaling (GAS) score"
    },
    {
      "url" : "http://mtnlotus.com/uv/pco/ValueSet/caregiver-gas-followup",
      "version" : "0.1.0",
      "status" : "draft",
      "name" : "CaregiverGASFollowup",
      "title" : "Caregiver Follow-Up GAS Score",
      "description" : "The caregiver follow-up score indicates how the caregiver rated either the patient's progress or their own progress on goal attainment scaling.",
      "systems" : [
        "http://mtnlotus.com/uv/pco/CodeSystem/pco-gas-codes-temporary"
      ],
      "uses" : {
      },
      "StructureDefinition-pco-caregiver-gas-score.html" : "Caregiver Goal Attainment Scaling (GAS) score"
    },
    {
      "url" : "http://mtnlotus.com/uv/pco/ValueSet/patient-gas-followup",
      "version" : "0.1.0",
      "status" : "draft",
      "name" : "PatientGASFollowup",
      "title" : "Patient Follow-Up GAS Score",
      "description" : "The patient follow-up score indicates how the patient rated their own progress on goal attainment scaling.",
      "systems" : [
        "http://mtnlotus.com/uv/pco/CodeSystem/pco-gas-codes-temporary"
      ],
      "uses" : {
      },
      "StructureDefinition-pco-goal-attainment-scaling.html" : "Goal Attainment Scaling",
      "StructureDefinition-pco-patient-gas-score.html" : "Patient Goal Attainment Scaling (GAS) score"
    },
    {
      "url" : "http://mtnlotus.com/uv/pco/ValueSet/pco-category-valueset",
      "version" : "0.1.0",
      "status" : "draft",
      "name" : "PCOCategoryValueSet",
      "title" : "PCO Categories",
      "description" : "Example value set to identify the category for PCO resources.",
      "systems" : [
        "http://mtnlotus.com/uv/pco/CodeSystem/va-whole-health",
        "http://mtnlotus.com/uv/pco/CodeSystem/ncqa-goal-domains"
      ],
      "uses" : {
      },
      "StructureDefinition-pco-gas-goal-profile.html" : "Person-Centered Goal Attainment",
      "StructureDefinition-pco-goal-profile.html" : "Person-Centered Goal",
      "StructureDefinition-pco-care-plan.html" : "Person-Centered Care Plan",
      "StructureDefinition-pco-goal-prom-profile.html" : "Person-Centered Goal for PROMs"
    },
    {
      "url" : "http://mtnlotus.com/uv/pco/ValueSet/practitioner-gas-followup",
      "version" : "0.1.0",
      "status" : "draft",
      "name" : "PractitionerGASFollowup",
      "title" : "Practitioner Follow-Up GAS Score",
      "description" : "The practitioner follow-up score indicates how the practitioner rated the patient's progress on goal attainment scaling.",
      "systems" : [
        "http://mtnlotus.com/uv/pco/CodeSystem/pco-gas-codes-temporary"
      ],
      "uses" : {
      },
      "StructureDefinition-pco-practitioner-gas-score.html" : "Practitioner Goal Attainment Scaling (GAS) score"
    },
    {
      "url" : "http://mtnlotus.com/uv/pco/ValueSet/prom-target-measures",
      "version" : "0.1.0",
      "status" : "draft",
      "name" : "PROMTargetMeasures",
      "title" : "PROM Target Measures",
      "description" : "Target measure codes used to track progress on patient-reported outcome measures (PROMs).",
      "systems" : ["http://loinc.org"],
      "uses" : {
      },
      "StructureDefinition-pco-prom-score.html" : "Patient-Reported Outcome Measure (PROM) score",
      "StructureDefinition-pco-goal-prom-profile.html" : "Person-Centered Goal for PROMs"
    },
    {
      "url" : "http://mtnlotus.com/uv/pco/ValueSet/what-matters-focus-areas",
      "version" : "0.1.0",
      "status" : "draft",
      "name" : "WhatMattersFocusAreas",
      "title" : "What Matters Focus Areas",
      "description" : "Example value set to identify focus areas from the VA Circle of Health. Whole Health is VA's approach to care that supports your health and well-being. Whole Health centers around What Matters to you, not what is the matter with you. This means your health team will get to know you as a person, before working with you to develop a personalized health plan based on your values, needs, and goals.",
      "systems" : [
        "http://mtnlotus.com/uv/pco/CodeSystem/va-whole-health",
        "http://mtnlotus.com/uv/pco/CodeSystem/mtnlotus-concepts"
      ],
      "uses" : {
      },
      "StructureDefinition-pco-what-matters-assessment.html" : "What Matters Assessment"
    }
  ]
}
