{
  "resourceType" : "ValueSet",
  "id" : "pco-category-vs",
  "text" : {
    "status" : "generated",
    "div" : "<div xmlns=\"http://www.w3.org/1999/xhtml\"><p class=\"res-header-id\"><b>Generated Narrative: ValueSet pco-category-vs</b></p><a name=\"pco-category-vs\"> </a><a name=\"hcpco-category-vs\"> </a><a name=\"pco-category-vs-en-US\"> </a><ul><li>Include these codes as defined in <a href=\"CodeSystem-pco-codes.html\"><code>http://hl7.org/fhir/us/pco/CodeSystem/pco-codes</code></a><table class=\"none\"><tr><td style=\"white-space:nowrap\"><b>Code</b></td><td><b>Display</b></td></tr><tr><td><a href=\"CodeSystem-pco-codes.html#pco-codes-person-centered\">person-centered</a></td><td>Person-Centered</td></tr></table></li></ul></div>"
  },
  "url" : "http://hl7.org/fhir/us/pco/ValueSet/pco-category-vs",
  "version" : "0.2.0",
  "name" : "PCOCategoryValueSet",
  "title" : "Person-Centered Category Value Set",
  "status" : "draft",
  "experimental" : false,
  "date" : "2024-12-09T23:33:01+00:00",
  "publisher" : "HL7 International / Patient Care",
  "contact" : [{
    "name" : "HL7 International / Patient Care",
    "telecom" : [{
      "system" : "url",
      "value" : "http://www.hl7.org/Special/committees/patientcare"
    },
    {
      "system" : "email",
      "value" : "patientcare@lists.HL7.org"
    }]
  }],
  "description" : "Used to categorize resources as being Person-Centered",
  "jurisdiction" : [{
    "coding" : [{
      "system" : "urn:iso:std:iso:3166",
      "code" : "US"
    }]
  }],
  "compose" : {
    "include" : [{
      "system" : "http://hl7.org/fhir/us/pco/CodeSystem/pco-codes",
      "concept" : [{
        "code" : "person-centered",
        "display" : "Person-Centered"
      }]
    }]
  }
}