{
  "codeSystems" : [
    {
      "url" : "http://mtnlotus.com/uv/pco/ValueSet/gas-score-answers",
      "version" : "0.2.0",
      "status" : "draft",
      "name" : "GASScoreAnswers",
      "title" : "Follow-Up GAS Score Answers",
      "description" : "The progress rating on goal attainment scaling.",
      "systems" : ["http://loinc.org"],
      "uses" : {
      },
      "StructureDefinition-pco-goal-attainment-scaling.html" : "Goal Attainment Scaling",
      "StructureDefinition-pco-gas-score-observation.html" : "PCO Goal Attainment Scaling (GAS) score"
    },
    {
      "url" : "http://mtnlotus.com/uv/pco/ValueSet/goal-attainment-scaling-score",
      "version" : "0.2.0",
      "status" : "draft",
      "name" : "GoalAttainmentScalingScore",
      "title" : "Goal Attainment Scaling (GAS) Score",
      "description" : "The score indicates how a patient, caregiver, or practitioner rated progress on goal attainment scaling.",
      "systems" : ["http://loinc.org"],
      "uses" : {
      },
      "StructureDefinition-pco-gas-score-observation.html" : "PCO Goal Attainment Scaling (GAS) score"
    },
    {
      "url" : "http://mtnlotus.com/uv/pco/ValueSet/pco-category-valueset",
      "version" : "0.2.0",
      "status" : "draft",
      "name" : "PCOCategoryValueSet",
      "title" : "PCO Categories",
      "description" : "Example value set to identify the category for PCO resources.",
      "systems" : [
        "http://mtnlotus.com/uv/pco/CodeSystem/va-whole-health",
        "http://mtnlotus.com/uv/pco/CodeSystem/ncqa-goal-domains"
      ],
      "uses" : {
      },
      "StructureDefinition-pco-goal-profile.html" : "Person-Centered Goal",
      "StructureDefinition-pco-care-plan.html" : "Person-Centered Care Plan"
    },
    {
      "url" : "http://mtnlotus.com/uv/pco/ValueSet/prom-target-measures",
      "version" : "0.2.0",
      "status" : "draft",
      "name" : "PROMTargetMeasures",
      "title" : "PROM Target Measures",
      "description" : "Target measure codes used to track progress on patient-reported outcome measures (PROMs).",
      "systems" : ["http://loinc.org"],
      "uses" : {
      },
      "StructureDefinition-pco-prom-goal-profile.html" : "Person-Centered PROM Goal",
      "StructureDefinition-pco-prom-score.html" : "Patient-Reported Outcome Measure (PROM) score"
    },
    {
      "url" : "http://mtnlotus.com/uv/pco/ValueSet/what-matters-focus-areas",
      "version" : "0.2.0",
      "status" : "draft",
      "name" : "WhatMattersFocusAreas",
      "title" : "What Matters Focus Areas",
      "description" : "Example value set to identify focus areas from the VA Circle of Health. Whole Health is VA's approach to care that supports your health and well-being. Whole Health centers around What Matters to you, not what is the matter with you. This means your health team will get to know you as a person, before working with you to develop a personalized health plan based on your values, needs, and goals.",
      "systems" : ["http://mtnlotus.com/uv/pco/CodeSystem/va-whole-health"],
      "uses" : {
      },
      "StructureDefinition-pco-what-matters-assessment.html" : "What Matters Assessment"
    }
  ]
}
