{
  "codeSystems" : [
    {
      "url" : "http://hl7.org/fhir/us/pco/ValueSet/gas-score-answers",
      "version" : "0.2.0",
      "status" : "draft",
      "name" : "GASScoreAnswers",
      "title" : "Follow-Up GAS Score Answers",
      "description" : "The progress rating on goal attainment scaling.",
      "systems" : ["http://loinc.org"],
      "uses" : {
      },
      "StructureDefinition-pco-gas-score-observation.html" : "Goal Attainment Scaling (GAS) score",
      "StructureDefinition-pco-goal-attainment-scaling.html" : "Goal Attainment Scaling"
    },
    {
      "url" : "http://hl7.org/fhir/us/pco/ValueSet/goal-attainment-scaling-score",
      "version" : "0.2.0",
      "status" : "draft",
      "name" : "GoalAttainmentScalingScore",
      "title" : "Goal Attainment Scaling (GAS) Score",
      "description" : "The score indicates how a patient, caregiver, or practitioner rated progress on goal attainment scaling.",
      "systems" : ["http://loinc.org"],
      "uses" : {
      },
      "StructureDefinition-pco-gas-score-observation.html" : "Goal Attainment Scaling (GAS) score"
    },
    {
      "url" : "http://hl7.org/fhir/us/pco/ValueSet/goal-barrier-codes",
      "version" : "0.2.0",
      "status" : "draft",
      "name" : "GoalBarrierCodes",
      "title" : "Goal Barrier Assessment Codes",
      "description" : "Terminology codes for goal barrier assessment",
      "systems" : ["http://snomed.info/sct"],
      "uses" : {
      },
      "StructureDefinition-pco-goal-barrier.html" : "Person-Centered Goal Barrier"
    },
    {
      "url" : "http://hl7.org/fhir/us/pco/ValueSet/pco-care-tradeoff-choices-vs",
      "version" : "0.2.0",
      "status" : "draft",
      "name" : "CareTradeOffChoices",
      "title" : "Care Trade-off Choices",
      "description" : "Options for a care trade-off.",
      "systems" : [
        "http://hl7.org/fhir/us/pco/CodeSystem/pco-care-tradeoff-choice-codes"
      ],
      "uses" : {
      },
      "StructureDefinition-pco-care-tradeoff.html" : "Care Trade-off Assessment"
    },
    {
      "url" : "http://hl7.org/fhir/us/pco/ValueSet/pco-goal-domains-example-vs",
      "version" : "0.2.0",
      "status" : "draft",
      "name" : "PCOGoalDomainsExample",
      "title" : "PCO Goal Domain Categories Example",
      "description" : "Example value set to identify the goal domains category for PCO resources.",
      "systems" : ["http://hl7.org/fhir/us/pco/CodeSystem/pco-goal-domains"],
      "uses" : {
      },
      "StructureDefinition-pco-goal-profile.html" : "Person-Centered Goal"
    },
    {
      "url" : "http://hl7.org/fhir/us/pco/ValueSet/pco-survey-category-vs",
      "version" : "0.2.0",
      "status" : "draft",
      "name" : "PCOSurveyCategoryVS",
      "title" : "Person-Centered Outcomes Survey Value Set",
      "description" : "Used to indicate that PCO observations of of type Survey, as defined by US-Core.",
      "systems" : ["http://terminology.hl7.org/CodeSystem/observation-category"]
    },
    {
      "url" : "http://hl7.org/fhir/us/pco/ValueSet/ppc-bothersome-health-concern-examples-vs",
      "version" : "0.2.0",
      "status" : "draft",
      "name" : "PPCBothersomeHealthConcernExamples",
      "title" : "Bothersome Health Concern Example ValueSet",
      "description" : "Example value set containing types of bothersome symptoms or health concerns.",
      "systems" : [
        "http://hl7.org/fhir/us/pco/CodeSystem/ppc-bothersome-health-concern-concepts"
      ],
      "uses" : {
      },
      "StructureDefinition-pco-goal-barrier.html" : "Person-Centered Goal Barrier"
    },
    {
      "url" : "http://hl7.org/fhir/us/pco/ValueSet/ppc-care-tradeoff-examples-vs",
      "version" : "0.2.0",
      "status" : "draft",
      "name" : "PPCCareTradeOffExamples",
      "title" : "Care Trade-off Examples",
      "description" : "Example value set containing types of care trade-off.",
      "systems" : [
        "http://hl7.org/fhir/us/pco/CodeSystem/ppc-care-tradeoff-concepts"
      ],
      "uses" : {
      },
      "StructureDefinition-pco-care-tradeoff.html" : "Care Trade-off Assessment"
    },
    {
      "url" : "http://hl7.org/fhir/us/pco/ValueSet/ppc-what-matters-example-vs",
      "version" : "0.2.0",
      "status" : "draft",
      "name" : "PPCWhatMattersExample",
      "title" : "PPC What Matters Example ValueSet",
      "description" : "Example value set containing types of What Matters.",
      "systems" : [
        "http://hl7.org/fhir/us/pco/CodeSystem/ppc-what-matters-concepts"
      ]
    },
    {
      "url" : "http://hl7.org/fhir/us/pco/ValueSet/prom-target-measures",
      "version" : "0.2.0",
      "status" : "draft",
      "name" : "PROMTargetMeasures",
      "title" : "PROM Target Measures",
      "description" : "Target measure codes used to track progress on patient-reported outcome measures (PROMs).",
      "systems" : ["http://loinc.org"],
      "uses" : {
      },
      "StructureDefinition-pco-prom-goal-profile.html" : "Person-Centered PROM Goal",
      "StructureDefinition-pco-prom-score-observation.html" : "Patient-Reported Outcome Measure (PROM) score"
    },
    {
      "url" : "http://hl7.org/fhir/us/pco/ValueSet/wellbeing-category-vs",
      "version" : "0.2.0",
      "status" : "draft",
      "name" : "WellBeingCategoryValueSet",
      "title" : "Well-Being Categories",
      "description" : "Value set containing well-being concepts for observation category.",
      "systems" : ["http://hl7.org/fhir/us/pco/CodeSystem/wellbeing-concepts"]
    },
    {
      "url" : "http://hl7.org/fhir/us/pco/ValueSet/wellbeing-domains-example-vs",
      "version" : "0.2.0",
      "status" : "draft",
      "name" : "WellBeingDomainValueSet",
      "title" : "Well-Being Domains Example",
      "description" : "Example value set containing well-being domains from the VA Circle of Health.",
      "systems" : [
        "http://hl7.org/fhir/us/pco/CodeSystem/va-whole-health-example"
      ],
      "uses" : {
      },
      "StructureDefinition-pco-what-matters-priority.html" : "What Matters Priority",
      "StructureDefinition-pco-what-matters-assessment.html" : "What Matters Assessment"
    },
    {
      "url" : "http://hl7.org/fhir/us/pco/ValueSet/what-matters-vs",
      "version" : "0.2.0",
      "status" : "draft",
      "name" : "WhatMattersValueSet",
      "title" : "What Matters Categories",
      "description" : "Value set containing well-being concepts for What Matters Most.",
      "systems" : ["http://hl7.org/fhir/us/pco/CodeSystem/wellbeing-concepts"],
      "uses" : {
      },
      "StructureDefinition-pco-what-matters-priority.html" : "What Matters Priority",
      "StructureDefinition-pco-what-matters-assessment.html" : "What Matters Assessment",
      "StructureDefinition-pco-care-plan.html" : "Person-Centered Care Plan",
      "StructureDefinition-pco-goal-profile.html" : "Person-Centered Goal"
    }
  ]
}
