{
  "codeSystems" : [
    {
      "url" : "http://hl7.org/fhir/us/pco/ValueSet/gas-score-answers",
      "version" : "0.2.0",
      "status" : "draft",
      "name" : "GASScoreAnswers",
      "title" : "Follow-Up GAS Score Answers",
      "description" : "The progress rating on goal attainment scaling.",
      "systems" : ["http://loinc.org"]
    },
    {
      "url" : "http://hl7.org/fhir/us/pco/ValueSet/goal-attainment-scaling-score",
      "version" : "0.2.0",
      "status" : "draft",
      "name" : "GoalAttainmentScalingScore",
      "title" : "Goal Attainment Scaling (GAS) Score",
      "description" : "The score indicates how a patient, caregiver, or practitioner rated progress on goal attainment scaling.",
      "systems" : ["http://loinc.org"]
    },
    {
      "url" : "http://hl7.org/fhir/us/pco/ValueSet/goal-barrier-codes",
      "version" : "0.2.0",
      "status" : "draft",
      "name" : "GoalBarrierCodes",
      "title" : "Goal Barrier Assessment Codes",
      "description" : "Terminology codes for goal barrier assessment",
      "systems" : ["http://snomed.info/sct"]
    },
    {
      "url" : "http://hl7.org/fhir/us/pco/ValueSet/pco-care-tradeoff-choices-vs",
      "version" : "0.2.0",
      "status" : "draft",
      "name" : "CareTradeOffChoices",
      "title" : "Care Trade-off Choices",
      "description" : "Options for a care trade-off.",
      "systems" : [
        "http://hl7.org/fhir/us/pco/CodeSystem/pco-care-tradeoff-choice-codes"
      ]
    },
    {
      "url" : "http://hl7.org/fhir/us/pco/ValueSet/pco-care-tradeoff-types-example-vs",
      "version" : "0.2.0",
      "status" : "draft",
      "name" : "CareTradeOffTypesExample",
      "title" : "Care Trade-off Types Example",
      "description" : "Example value set containing types of care trade-off.",
      "systems" : ["http://snomed.info/sct"]
    },
    {
      "url" : "http://hl7.org/fhir/us/pco/ValueSet/pco-goal-barrier-types-example-vs",
      "version" : "0.2.0",
      "status" : "draft",
      "name" : "GoalBarrierTypesExample",
      "title" : "Goal Barrier Types Example",
      "description" : "Example value set containing types of goal barriers.",
      "systems" : ["http://snomed.info/sct"]
    },
    {
      "url" : "http://hl7.org/fhir/us/pco/ValueSet/pco-goal-domains-example-vs",
      "version" : "0.2.0",
      "status" : "draft",
      "name" : "PCOGoalDomainsExample",
      "title" : "PCO Goal Domain Categories Example",
      "description" : "Example value set to identify the goal domains category for PCO resources.",
      "systems" : ["http://hl7.org/fhir/us/pco/CodeSystem/pco-goal-domains"]
    },
    {
      "url" : "http://hl7.org/fhir/us/pco/ValueSet/prom-target-measures",
      "version" : "0.2.0",
      "status" : "draft",
      "name" : "PROMTargetMeasures",
      "title" : "PROM Target Measure Scores",
      "description" : "Target measure score codes used to track progress on patient-reported outcome measures (PROMs).",
      "systems" : ["http://loinc.org"]
    },
    {
      "url" : "http://hl7.org/fhir/us/pco/ValueSet/readiness-assessment-codes",
      "version" : "0.2.0",
      "status" : "draft",
      "name" : "ReadinessAssessmentType",
      "title" : "Readiness Assessment Codes",
      "description" : "Terminology codes for readiness assessment types.",
      "systems" : [
        "http://hl7.org/fhir/us/pco/CodeSystem/readiness-assessment-concepts"
      ]
    },
    {
      "url" : "http://hl7.org/fhir/us/pco/ValueSet/wellbeing-categories",
      "version" : "0.2.0",
      "status" : "draft",
      "name" : "WellBeingCategories",
      "title" : "Well-Being Categories",
      "description" : "Categories for well-being assessment or goals.",
      "systems" : ["http://hl7.org/fhir/us/pco/CodeSystem/wellbeing-concepts"]
    },
    {
      "url" : "http://hl7.org/fhir/us/pco/ValueSet/wellbeing-domains-example",
      "version" : "0.2.0",
      "status" : "draft",
      "name" : "WellBeingDomainValueSet",
      "title" : "Well-Being Domains Example",
      "description" : "Example value set containing well-being domains from the VA Circle of Health.",
      "systems" : [
        "http://hl7.org/fhir/us/pco/CodeSystem/va-whole-health-example"
      ]
    }
  ]
}
