{
  "codeSystems" : [
    {
      "url" : "http://hl7.org/fhir/ValueSet/body-site",
      "version" : "4.0.1",
      "status" : "draft",
      "name" : "SNOMEDCTBodyStructures",
      "title" : "SNOMED CT Body Structures",
      "description" : "This value set includes all codes from [SNOMED CT](http://snomed.info/sct) where concept is-a 442083009 (Anatomical or acquired body site (body structure)).",
      "systems" : ["http://snomed.info/sct"],
      "oids" : ["2.16.840.1.113883.4.642.3.141"],
      "sources" : ["2.16.840.1.113883.4.642.3.141"],
      "uses" : {
      },
      "StructureDefinition-pco-caregiver-gas-score.html" : "Caregiver Goal Attainment Scaling (GAS) score",
      "StructureDefinition-pco-patient-gas-score.html" : "Patient Goal Attainment Scaling (GAS) score",
      "StructureDefinition-pco-practitioner-gas-score.html" : "Practitioner Goal Attainment Scaling (GAS) score"
    },
    {
      "url" : "http://hl7.org/fhir/ValueSet/clinical-findings",
      "version" : "4.0.1",
      "status" : "draft",
      "name" : "SNOMEDCTClinicalFindings",
      "title" : "SNOMED CT Clinical Findings",
      "description" : "This value set includes all the \"Clinical finding\" [SNOMED CT](http://snomed.info/sct) codes - concepts where concept is-a 404684003 (Clinical finding (finding)).",
      "systems" : ["http://snomed.info/sct"],
      "oids" : ["2.16.840.1.113883.4.642.3.232"],
      "sources" : ["2.16.840.1.113883.4.642.3.232"],
      "uses" : {
      },
      "StructureDefinition-pco-goal.html" : "Person-Centered Goal"
    },
    {
      "url" : "http://hl7.org/fhir/ValueSet/data-absent-reason",
      "version" : "4.0.1",
      "status" : "active",
      "name" : "DataAbsentReason",
      "title" : "DataAbsentReason",
      "description" : "Used to specify why the normally expected content of the data element is missing.",
      "systems" : ["http://terminology.hl7.org/CodeSystem/data-absent-reason"],
      "oids" : ["2.16.840.1.113883.4.642.3.5"],
      "sources" : ["2.16.840.1.113883.4.642.3.5"],
      "uses" : {
      },
      "StructureDefinition-pco-caregiver-gas-score.html" : "Caregiver Goal Attainment Scaling (GAS) score",
      "StructureDefinition-pco-patient-gas-score.html" : "Patient Goal Attainment Scaling (GAS) score",
      "StructureDefinition-pco-practitioner-gas-score.html" : "Practitioner Goal Attainment Scaling (GAS) score"
    },
    {
      "url" : "http://hl7.org/fhir/ValueSet/goal-achievement",
      "version" : "4.0.1",
      "status" : "draft",
      "name" : "GoalAchievementStatus",
      "title" : "Goal achievement status",
      "description" : "Describes the progression, or lack thereof, towards the goal against the target.",
      "systems" : ["http://terminology.hl7.org/CodeSystem/goal-achievement"],
      "oids" : ["2.16.840.1.113883.4.642.3.1374"],
      "sources" : ["2.16.840.1.113883.4.642.3.1374"],
      "uses" : {
      },
      "StructureDefinition-pco-goal.html" : "Person-Centered Goal"
    },
    {
      "url" : "http://hl7.org/fhir/ValueSet/goal-category",
      "version" : "4.0.1",
      "status" : "draft",
      "name" : "GoalCategory",
      "title" : "Goal category",
      "description" : "Example codes for grouping goals to use for filtering or presentation.",
      "systems" : ["http://terminology.hl7.org/CodeSystem/goal-category"],
      "oids" : ["2.16.840.1.113883.4.642.3.275"],
      "sources" : ["2.16.840.1.113883.4.642.3.275"],
      "uses" : {
      },
      "StructureDefinition-pco-goal.html" : "Person-Centered Goal"
    },
    {
      "url" : "http://hl7.org/fhir/ValueSet/goal-priority",
      "version" : "4.0.1",
      "status" : "draft",
      "name" : "GoalPriority",
      "title" : "Goal priority",
      "description" : "Indicates the level of importance associated with reaching or sustaining a goal.",
      "systems" : ["http://terminology.hl7.org/CodeSystem/goal-priority"],
      "oids" : ["2.16.840.1.113883.4.642.3.273"],
      "sources" : ["2.16.840.1.113883.4.642.3.273"],
      "uses" : {
      },
      "StructureDefinition-pco-goal.html" : "Person-Centered Goal"
    },
    {
      "url" : "http://hl7.org/fhir/ValueSet/goal-start-event",
      "version" : "4.0.1",
      "status" : "draft",
      "name" : "GoalStartEvent",
      "title" : "Goal start event",
      "description" : "Identifies types of events that might trigger the start of a goal.",
      "systems" : ["http://snomed.info/sct"],
      "oids" : ["2.16.840.1.113883.4.642.3.279"],
      "sources" : ["2.16.840.1.113883.4.642.3.279"],
      "uses" : {
      },
      "StructureDefinition-pco-goal.html" : "Person-Centered Goal"
    },
    {
      "url" : "http://hl7.org/fhir/ValueSet/goal-status",
      "version" : "4.0.1",
      "status" : "draft",
      "name" : "GoalLifecycleStatus",
      "title" : "GoalLifecycleStatus",
      "description" : "Codes that reflect the current state of a goal and whether the goal is still being targeted.",
      "systems" : ["http://hl7.org/fhir/goal-status"],
      "oids" : ["2.16.840.1.113883.4.642.3.271"],
      "sources" : ["2.16.840.1.113883.4.642.3.271"],
      "uses" : {
      },
      "StructureDefinition-pco-goal.html" : "Person-Centered Goal"
    },
    {
      "url" : "http://hl7.org/fhir/ValueSet/languages",
      "version" : "4.0.1",
      "status" : "draft",
      "name" : "CommonLanguages",
      "title" : "Common Languages",
      "description" : "This value set includes common codes from BCP-47 (http://tools.ietf.org/html/bcp47)",
      "systems" : ["urn:ietf:bcp:47"],
      "oids" : ["2.16.840.1.113883.4.642.3.20"],
      "sources" : ["2.16.840.1.113883.4.642.3.20"],
      "uses" : {
      },
      "StructureDefinition-pco-caregiver-gas-score.html" : "Caregiver Goal Attainment Scaling (GAS) score",
      "StructureDefinition-pco-goal.html" : "Person-Centered Goal",
      "StructureDefinition-pco-patient-gas-score.html" : "Patient Goal Attainment Scaling (GAS) score",
      "StructureDefinition-pco-practitioner-gas-score.html" : "Practitioner Goal Attainment Scaling (GAS) score"
    },
    {
      "url" : "http://hl7.org/fhir/ValueSet/observation-category",
      "version" : "4.0.1",
      "status" : "draft",
      "name" : "ObservationCategoryCodes",
      "title" : "Observation Category Codes",
      "description" : "Observation Category codes.",
      "systems" : ["http://terminology.hl7.org/CodeSystem/observation-category"],
      "oids" : ["2.16.840.1.113883.4.642.3.403"],
      "sources" : ["2.16.840.1.113883.4.642.3.403"],
      "uses" : {
      },
      "StructureDefinition-pco-caregiver-gas-score.html" : "Caregiver Goal Attainment Scaling (GAS) score",
      "StructureDefinition-pco-patient-gas-score.html" : "Patient Goal Attainment Scaling (GAS) score",
      "StructureDefinition-pco-practitioner-gas-score.html" : "Practitioner Goal Attainment Scaling (GAS) score"
    },
    {
      "url" : "http://hl7.org/fhir/ValueSet/observation-codes",
      "version" : "4.0.1",
      "status" : "draft",
      "name" : "LOINCCodes",
      "title" : "LOINC Codes",
      "description" : "This value set includes all LOINC codes",
      "systems" : ["http://loinc.org"],
      "oids" : ["2.16.840.1.113883.4.642.3.396"],
      "sources" : ["2.16.840.1.113883.4.642.3.396"],
      "uses" : {
      },
      "StructureDefinition-pco-caregiver-gas-score.html" : "Caregiver Goal Attainment Scaling (GAS) score",
      "StructureDefinition-pco-goal.html" : "Person-Centered Goal",
      "StructureDefinition-pco-patient-gas-score.html" : "Patient Goal Attainment Scaling (GAS) score",
      "StructureDefinition-pco-practitioner-gas-score.html" : "Practitioner Goal Attainment Scaling (GAS) score"
    },
    {
      "url" : "http://hl7.org/fhir/ValueSet/observation-interpretation",
      "version" : "4.0.1",
      "status" : "active",
      "name" : "ObservationInterpretationCodes",
      "title" : "Observation Interpretation Codes",
      "description" : "A categorical assessment, providing a rough qualitative interpretation of the observation value,    such as “normal”/ “abnormal”,”low” / “high”, “better” / “worse”, “susceptible” / “resistant”, “expected”/ “not expected”.    The value set is intended to be for ANY use where coded representation of an interpretation is needed.   \r\n   \r\n   Notes:\r\n   \r\n   This is being communicated in v2.x in OBX-8 (Observation Interpretation), in v3 in ObservationInterpretation (CWE) in R1 (Representative Realm) and in FHIR in    Observation.interpretation. Historically these values come from the laboratory domain, and these codes are extensively    used. The value set binding is extensible, so codes outside the value set that are needed for interpretation concepts    (i.e. particular meanings) that are not included in the value set can be used, and these new codes may also be added to    the value set and published in a future version.",
      "systems" : [
        "http://terminology.hl7.org/CodeSystem/v3-ObservationInterpretation"
      ],
      "oids" : ["2.16.840.1.113883.4.642.3.399"],
      "sources" : ["2.16.840.1.113883.4.642.3.399"],
      "uses" : {
      },
      "StructureDefinition-pco-caregiver-gas-score.html" : "Caregiver Goal Attainment Scaling (GAS) score",
      "StructureDefinition-pco-patient-gas-score.html" : "Patient Goal Attainment Scaling (GAS) score",
      "StructureDefinition-pco-practitioner-gas-score.html" : "Practitioner Goal Attainment Scaling (GAS) score"
    },
    {
      "url" : "http://hl7.org/fhir/ValueSet/observation-methods",
      "version" : "4.0.1",
      "status" : "draft",
      "name" : "ObservationMethods",
      "title" : "Observation Methods",
      "description" : "Observation Method codes from [SNOMED CT](http://snomed.info/sct) where concept is-a 272394005 (Technique (qualifier value)) or is-a 129264002 (Action (qualifier value)) or is-a 386053000 (Evaluation procedure(procedure))",
      "systems" : ["http://snomed.info/sct"],
      "oids" : ["2.16.840.1.113883.4.642.3.395"],
      "sources" : ["2.16.840.1.113883.4.642.3.395"],
      "uses" : {
      },
      "StructureDefinition-pco-caregiver-gas-score.html" : "Caregiver Goal Attainment Scaling (GAS) score",
      "StructureDefinition-pco-patient-gas-score.html" : "Patient Goal Attainment Scaling (GAS) score",
      "StructureDefinition-pco-practitioner-gas-score.html" : "Practitioner Goal Attainment Scaling (GAS) score"
    },
    {
      "url" : "http://hl7.org/fhir/ValueSet/observation-status",
      "version" : "4.0.1",
      "status" : "active",
      "name" : "ObservationStatus",
      "title" : "ObservationStatus",
      "description" : "Codes providing the status of an observation.",
      "systems" : ["http://hl7.org/fhir/observation-status"],
      "oids" : ["2.16.840.1.113883.4.642.3.400"],
      "sources" : ["2.16.840.1.113883.4.642.3.400"],
      "uses" : {
      },
      "StructureDefinition-pco-caregiver-gas-score.html" : "Caregiver Goal Attainment Scaling (GAS) score",
      "StructureDefinition-pco-patient-gas-score.html" : "Patient Goal Attainment Scaling (GAS) score",
      "StructureDefinition-pco-practitioner-gas-score.html" : "Practitioner Goal Attainment Scaling (GAS) score"
    },
    {
      "url" : "http://hl7.org/fhir/ValueSet/referencerange-appliesto",
      "version" : "4.0.1",
      "status" : "draft",
      "name" : "ObservationReferenceRangeAppliesToCodes",
      "title" : "Observation Reference Range Applies To Codes",
      "description" : "This value set defines a set of codes that can be used to indicate the particular target population the reference range applies to.",
      "systems" : [
        "http://terminology.hl7.org/CodeSystem/v3-Race",
        "http://snomed.info/sct"
      ],
      "oids" : ["2.16.840.1.113883.4.642.3.407"],
      "sources" : ["2.16.840.1.113883.4.642.3.407"],
      "uses" : {
      },
      "StructureDefinition-pco-caregiver-gas-score.html" : "Caregiver Goal Attainment Scaling (GAS) score",
      "StructureDefinition-pco-patient-gas-score.html" : "Patient Goal Attainment Scaling (GAS) score",
      "StructureDefinition-pco-practitioner-gas-score.html" : "Practitioner Goal Attainment Scaling (GAS) score"
    },
    {
      "url" : "http://hl7.org/fhir/ValueSet/referencerange-meaning",
      "version" : "4.0.1",
      "status" : "draft",
      "name" : "ObservationReferenceRangeMeaningCodes",
      "title" : "Observation Reference Range Meaning Codes",
      "description" : "This value set defines a set of codes that can be used to indicate the meaning/use of a reference range for a particular target population.",
      "systems" : [
        "http://terminology.hl7.org/CodeSystem/referencerange-meaning"
      ],
      "oids" : ["2.16.840.1.113883.4.642.3.397"],
      "sources" : ["2.16.840.1.113883.4.642.3.397"],
      "uses" : {
      },
      "StructureDefinition-pco-caregiver-gas-score.html" : "Caregiver Goal Attainment Scaling (GAS) score",
      "StructureDefinition-pco-patient-gas-score.html" : "Patient Goal Attainment Scaling (GAS) score",
      "StructureDefinition-pco-practitioner-gas-score.html" : "Practitioner Goal Attainment Scaling (GAS) score"
    },
    {
      "url" : "http://hl7.org/fhir/us/core/ValueSet/us-core-goal-description",
      "version" : "6.1.0",
      "status" : "active",
      "name" : "USCoreGoalCodes",
      "title" : "US Core Goal Codes",
      "description" : "Concepts from CPT and LOINC code systems that can be used to indicate the goal.",
      "systems" : ["http://loinc.org", "http://snomed.info/sct"],
      "uses" : {
      },
      "StructureDefinition-pco-goal.html" : "Person-Centered Goal"
    },
    {
      "url" : "http://hl7.org/fhir/us/core/ValueSet/us-core-screening-assessment-observation-category",
      "version" : "6.1.0",
      "status" : "active",
      "name" : "USCoreScreeningAssessmentObservationCategory",
      "title" : "US Core Screening Assessment Observation Category",
      "description" : "Category codes used in the US Core Observation Screening Assessment Profile to help identify the type of USCDI Health Status/Assessment data class being reported.",
      "systems" : ["http://hl7.org/fhir/us/core/CodeSystem/us-core-category"],
      "uses" : {
      },
      "StructureDefinition-pco-caregiver-gas-score.html" : "Caregiver Goal Attainment Scaling (GAS) score",
      "StructureDefinition-pco-patient-gas-score.html" : "Patient Goal Attainment Scaling (GAS) score",
      "StructureDefinition-pco-practitioner-gas-score.html" : "Practitioner Goal Attainment Scaling (GAS) score"
    },
    {
      "url" : "http://hl7.org/fhir/us/core/ValueSet/us-core-survey-codes",
      "version" : "6.1.0",
      "status" : "active",
      "name" : "USCoreSurveyCodes",
      "title" : "US Core Survey Codes",
      "description" : "This value set includes screening and assessment panel codes in LOINC (Refer to [Appendix A](https://loinc.org/kb/users-guide/loinc-database-structure/) of LOINC Users' Guide).",
      "systems" : ["http://loinc.org"],
      "uses" : {
      },
      "StructureDefinition-pco-caregiver-gas-score.html" : "Caregiver Goal Attainment Scaling (GAS) score",
      "StructureDefinition-pco-patient-gas-score.html" : "Patient Goal Attainment Scaling (GAS) score",
      "StructureDefinition-pco-practitioner-gas-score.html" : "Practitioner Goal Attainment Scaling (GAS) score"
    },
    {
      "url" : "http://mtnlotus.com/uv/pco/ValueSet/caregiver-gas-followup-vs",
      "version" : "0.1.0",
      "status" : "draft",
      "name" : "CaregiverGASFollowupVS",
      "title" : "Caregiver Follow-Up GAS Score",
      "description" : "The caregiver follow-up score indicates how the caregiver rated either the patient's progress or their own progress on goal attainment scaling.",
      "systems" : ["http://loinc.org"],
      "uses" : {
      },
      "StructureDefinition-pco-caregiver-gas-score.html" : "Caregiver Goal Attainment Scaling (GAS) score"
    },
    {
      "url" : "http://mtnlotus.com/uv/pco/ValueSet/patient-gas-followup-vs",
      "version" : "0.1.0",
      "status" : "draft",
      "name" : "PatientGASFollowupVS",
      "title" : "Patient Follow-Up GAS Score",
      "description" : "The patient follow-up score indicates how the patient rated their own progress on goal attainment scaling.",
      "systems" : ["http://loinc.org"],
      "uses" : {
      },
      "StructureDefinition-pco-goal-attainment-scaling.html" : "Goal Attainment Scaling",
      "StructureDefinition-pco-patient-gas-score.html" : "Patient Goal Attainment Scaling (GAS) score"
    },
    {
      "url" : "http://mtnlotus.com/uv/pco/ValueSet/practitioner-gas-followup-vs",
      "version" : "0.1.0",
      "status" : "draft",
      "name" : "PractitionerGASFollowupVS",
      "title" : "Practitioner Follow-Up GAS Score",
      "description" : "The practitioner follow-up score indicates how the practitioner rated the patient's progress on goal attainment scaling.",
      "systems" : ["http://loinc.org"],
      "uses" : {
      },
      "StructureDefinition-pco-practitioner-gas-score.html" : "Practitioner Goal Attainment Scaling (GAS) score"
    }
  ]
}
