{
  "resourceType" : "ValueSet",
  "id" : "prom-target-measures",
  "text" : {
    "status" : "generated",
    "div" : "<div xmlns=\"http://www.w3.org/1999/xhtml\"><p class=\"res-header-id\"><b>Generated Narrative: ValueSet prom-target-measures</b></p><a name=\"prom-target-measures\"> </a><a name=\"hcprom-target-measures\"> </a><a name=\"prom-target-measures-en-US\"> </a><ul><li>Include these codes as defined in <a href=\"http://loinc.org\"><code>http://loinc.org</code></a><table class=\"none\"><tr><td style=\"white-space:nowrap\"><b>Code</b></td><td><b>Display</b></td></tr><tr><td><a href=\"https://loinc.org/70274-6/\">70274-6</a></td><td>Generalized anxiety disorder 7 item (GAD-7) total score</td></tr><tr><td><a href=\"https://loinc.org/44261-6/\">44261-6</a></td><td>Patient health questionnaire 9 item (PHQ-9) total score</td></tr><tr><td><a href=\"https://loinc.org/77854-8/\">77854-8</a></td><td>PROMIS Ability to Participate in Social Roles and Activities - Short Form v2.0 - 8a</td></tr><tr><td><a href=\"https://loinc.org/77848-0/\">77848-0</a></td><td>PROMIS Alcohol Use - Short Form v1.0 - 7a</td></tr><tr><td><a href=\"https://loinc.org/89921-1/\">89921-1</a></td><td>PROMIS Anger - Short Form v1.1 -  (5a)</td></tr><tr><td><a href=\"https://loinc.org/77862-1/\">77862-1</a></td><td>PROMIS Anxiety Short Form 7a</td></tr><tr><td><a href=\"https://loinc.org/81531-6/\">81531-6</a></td><td>PROMIS Cognitive Function - Short Form v2.0 - 8a</td></tr><tr><td><a href=\"https://loinc.org/71965-8/\">71965-8</a></td><td>PROMIS Depression</td></tr><tr><td><a href=\"https://loinc.org/92149-4/\">92149-4</a></td><td>PROMIS Dyspnea Severity - Short Form v1.0 - 10a</td></tr><tr><td><a href=\"https://loinc.org/77864-7/\">77864-7</a></td><td>PROMIS Fatigue - Short Form v1.0 - 7a</td></tr><tr><td><a href=\"https://loinc.org/77851-4/\">77851-4</a></td><td>PROMIS Informational Support - Short Form v2.0 - 8a</td></tr><tr><td><a href=\"https://loinc.org/77850-6/\">77850-6</a></td><td>PROMIS Instrumental Support- Short Form v2.0 - 8a</td></tr><tr><td><a href=\"https://loinc.org/91614-8/\">91614-8</a></td><td>PROMIS Mobility Item Bank v2.1</td></tr><tr><td><a href=\"https://loinc.org/77856-3/\">77856-3</a></td><td>PROMIS Pain behavior – v1.0 - 7a</td></tr><tr><td><a href=\"https://loinc.org/77865-4/\">77865-4</a></td><td>PROMIS - Pain Interference - Short Form v1.0 - 6a</td></tr><tr><td><a href=\"https://loinc.org/91721-1/\">91721-1</a></td><td>PROMIS Physical Function - Short Form v2.0 - 10a</td></tr><tr><td><a href=\"https://loinc.org/77855-5/\">77855-5</a></td><td>PROMIS Satisfaction with Participation in Social Roles - Short Form v1.0 - 8a</td></tr><tr><td><a href=\"https://loinc.org/92391-2/\">92391-2</a></td><td>PROMIS Self-Efficacy for Managing Daily Activities - Short Form v1.0 - 8a</td></tr><tr><td><a href=\"https://loinc.org/92329-2/\">92329-2</a></td><td>PROMIS Self-Efficacy for Managing Emotions - Short Form v1.0 - 8a</td></tr><tr><td><a href=\"https://loinc.org/92418-3/\">92418-3</a></td><td>PROMIS Self-Efficacy for Managing Medications and Treatments - Short Form v1.0 - 8a</td></tr><tr><td><a href=\"https://loinc.org/92448-0/\">92448-0</a></td><td>PROMIS Self-Efficacy for Managing Symptoms - Short Form v1.0 - 8a</td></tr><tr><td><a href=\"https://loinc.org/77859-7/\">77859-7</a></td><td>PROMIS Sleep-Related Impairment - Short Form v1.0 - 8a</td></tr><tr><td><a href=\"https://loinc.org/92266-6/\">92266-6</a></td><td>PROMIS Smoking: Negative Health Expectancies for All Smokers – Short Form v1.0 - 6a</td></tr><tr><td><a href=\"https://loinc.org/92305-2/\">92305-2</a></td><td>PROMIS Smoking: Nicotine Dependence for All Smokers – Short Form v1.0 - 8a</td></tr><tr><td><a href=\"https://loinc.org/77849-8/\">77849-8</a></td><td>PROMIS Social Isolation - Short Form v2.0 - 8a</td></tr><tr><td><a href=\"https://loinc.org/92213-8/\">92213-8</a></td><td>PROMIS_ Smoking: Coping Expectancies for All Smokers – Short Form v1.0 - 4a</td></tr><tr><td><a href=\"https://loinc.org/89676-1/\">89676-1</a></td><td>PROMIS cancer fatigue - version 1.0 T-score</td></tr><tr><td><a href=\"https://loinc.org/71969-0/\">71969-0</a></td><td>PROMIS-10 Global Health, GMH, T score</td></tr><tr><td><a href=\"https://loinc.org/71971-6/\">71971-6</a></td><td>PROMIS-10 Global Health, GPH, T score</td></tr><tr><td><a href=\"https://loinc.org/71955-9/\">71955-9</a></td><td>PROMIS-29 Sleep Disturbance, T score</td></tr><tr><td><a href=\"https://loinc.org/71957-5/\">71957-5</a></td><td>PROMIS-29 Satisfaction with Participation in Social Roles, T score</td></tr><tr><td><a href=\"https://loinc.org/71959-1/\">71959-1</a></td><td>PROMIS-29 Physical Function, T score</td></tr><tr><td><a href=\"https://loinc.org/71961-7/\">71961-7</a></td><td>PROMIS-29 Pain Interference, T score</td></tr><tr><td><a href=\"https://loinc.org/71963-3/\">71963-3</a></td><td>PROMIS-29 Fatigue, T score</td></tr></table></li></ul></div>"
  },
  "extension" : [{
    "url" : "http://hl7.org/fhir/StructureDefinition/structuredefinition-wg",
    "valueCode" : "pc"
  }],
  "url" : "http://hl7.org/fhir/us/pco/ValueSet/prom-target-measures",
  "version" : "0.2.0",
  "name" : "PROMTargetMeasures",
  "title" : "PROM Target Measures",
  "status" : "draft",
  "experimental" : false,
  "date" : "2025-01-02T22:55:55+00:00",
  "publisher" : "HL7 International / Patient Care",
  "contact" : [{
    "name" : "HL7 International / Patient Care",
    "telecom" : [{
      "system" : "url",
      "value" : "http://www.hl7.org/Special/committees/patientcare"
    },
    {
      "system" : "email",
      "value" : "patientcare@lists.HL7.org"
    }]
  }],
  "description" : "Target measure codes used to track progress on patient-reported outcome measures (PROMs).",
  "jurisdiction" : [{
    "coding" : [{
      "system" : "urn:iso:std:iso:3166",
      "code" : "US"
    }]
  }],
  "compose" : {
    "include" : [{
      "system" : "http://loinc.org",
      "concept" : [{
        "code" : "70274-6",
        "display" : "Generalized anxiety disorder 7 item (GAD-7) total score"
      },
      {
        "code" : "44261-6",
        "display" : "Patient health questionnaire 9 item (PHQ-9) total score"
      },
      {
        "code" : "77854-8",
        "display" : "PROMIS Ability to Participate in Social Roles and Activities - Short Form v2.0 - 8a"
      },
      {
        "code" : "77848-0",
        "display" : "PROMIS Alcohol Use - Short Form v1.0 - 7a"
      },
      {
        "code" : "89921-1",
        "display" : "PROMIS Anger - Short Form v1.1 -  (5a)"
      },
      {
        "code" : "77862-1",
        "display" : "PROMIS Anxiety Short Form 7a"
      },
      {
        "code" : "81531-6",
        "display" : "PROMIS Cognitive Function - Short Form v2.0 - 8a"
      },
      {
        "code" : "71965-8",
        "display" : "PROMIS Depression"
      },
      {
        "code" : "92149-4",
        "display" : "PROMIS Dyspnea Severity - Short Form v1.0 - 10a"
      },
      {
        "code" : "77864-7",
        "display" : "PROMIS Fatigue - Short Form v1.0 - 7a"
      },
      {
        "code" : "77851-4",
        "display" : "PROMIS Informational Support - Short Form v2.0 - 8a"
      },
      {
        "code" : "77850-6",
        "display" : "PROMIS Instrumental Support- Short Form v2.0 - 8a"
      },
      {
        "code" : "91614-8",
        "display" : "PROMIS Mobility Item Bank v2.1"
      },
      {
        "code" : "77856-3",
        "display" : "PROMIS Pain behavior – v1.0 - 7a"
      },
      {
        "code" : "77865-4",
        "display" : "PROMIS - Pain Interference - Short Form v1.0 - 6a"
      },
      {
        "code" : "91721-1",
        "display" : "PROMIS Physical Function - Short Form v2.0 - 10a"
      },
      {
        "code" : "77855-5",
        "display" : "PROMIS Satisfaction with Participation in Social Roles - Short Form v1.0 - 8a"
      },
      {
        "code" : "92391-2",
        "display" : "PROMIS Self-Efficacy for Managing Daily Activities - Short Form v1.0 - 8a"
      },
      {
        "code" : "92329-2",
        "display" : "PROMIS Self-Efficacy for Managing Emotions - Short Form v1.0 - 8a"
      },
      {
        "code" : "92418-3",
        "display" : "PROMIS Self-Efficacy for Managing Medications and Treatments - Short Form v1.0 - 8a"
      },
      {
        "code" : "92448-0",
        "display" : "PROMIS Self-Efficacy for Managing Symptoms - Short Form v1.0 - 8a"
      },
      {
        "code" : "77859-7",
        "display" : "PROMIS Sleep-Related Impairment - Short Form v1.0 - 8a"
      },
      {
        "code" : "92266-6",
        "display" : "PROMIS Smoking: Negative Health Expectancies for All Smokers – Short Form v1.0 - 6a"
      },
      {
        "code" : "92305-2",
        "display" : "PROMIS Smoking: Nicotine Dependence for All Smokers – Short Form v1.0 - 8a"
      },
      {
        "code" : "77849-8",
        "display" : "PROMIS Social Isolation - Short Form v2.0 - 8a"
      },
      {
        "code" : "92213-8",
        "display" : "PROMIS_ Smoking: Coping Expectancies for All Smokers – Short Form v1.0 - 4a"
      },
      {
        "code" : "89676-1",
        "display" : "PROMIS cancer fatigue - version 1.0 T-score"
      },
      {
        "code" : "71969-0",
        "display" : "PROMIS-10 Global Health, GMH, T score"
      },
      {
        "code" : "71971-6",
        "display" : "PROMIS-10 Global Health, GPH, T score"
      },
      {
        "code" : "71955-9",
        "display" : "PROMIS-29 Sleep Disturbance, T score"
      },
      {
        "code" : "71957-5",
        "display" : "PROMIS-29 Satisfaction with Participation in Social Roles, T score"
      },
      {
        "code" : "71959-1",
        "display" : "PROMIS-29 Physical Function, T score"
      },
      {
        "code" : "71961-7",
        "display" : "PROMIS-29 Pain Interference, T score"
      },
      {
        "code" : "71963-3",
        "display" : "PROMIS-29 Fatigue, T score"
      }]
    }]
  }
}