{
  "resourceType" : "ValueSet",
  "id" : "gas-score-answers",
  "text" : {
    "status" : "generated",
    "div" : "<div xmlns=\"http://www.w3.org/1999/xhtml\"><p class=\"res-header-id\"><b>Generated Narrative: ValueSet gas-score-answers</b></p><a name=\"gas-score-answers\"> </a><a name=\"hcgas-score-answers\"> </a><a name=\"gas-score-answers-en-US\"> </a><ul><li>Include these codes as defined in <a href=\"http://loinc.org\"><code>http://loinc.org</code></a><table class=\"none\"><tr><td style=\"white-space:nowrap\"><b>Code</b></td><td><b>Display</b></td></tr><tr><td><a href=\"https://loinc.org/LA6113-0/\">LA6113-0</a></td><td>Much better than expected</td></tr><tr><td><a href=\"https://loinc.org/LA6112-2/\">LA6112-2</a></td><td>Better than expected</td></tr><tr><td><a href=\"https://loinc.org/LA6111-4/\">LA6111-4</a></td><td>Expected outcome</td></tr><tr><td><a href=\"https://loinc.org/gas-less-than-expected/\">gas-less-than-expected</a></td><td>Less than expected</td></tr><tr><td><a href=\"https://loinc.org/gas-much-less-than-expected/\">gas-much-less-than-expected</a></td><td>Much less than expected</td></tr></table></li></ul></div>"
  },
  "url" : "http://hl7.org/fhir/us/pco/ValueSet/gas-score-answers",
  "version" : "0.2.0",
  "name" : "GASScoreAnswers",
  "title" : "Follow-Up GAS Score Answers",
  "status" : "draft",
  "experimental" : false,
  "date" : "2024-12-13T23:01:09+00:00",
  "publisher" : "HL7 International / Patient Care",
  "contact" : [{
    "name" : "HL7 International / Patient Care",
    "telecom" : [{
      "system" : "url",
      "value" : "http://www.hl7.org/Special/committees/patientcare"
    },
    {
      "system" : "email",
      "value" : "patientcare@lists.HL7.org"
    }]
  }],
  "description" : "The progress rating on goal attainment scaling.",
  "jurisdiction" : [{
    "coding" : [{
      "system" : "urn:iso:std:iso:3166",
      "code" : "US"
    }]
  }],
  "compose" : {
    "include" : [{
      "system" : "http://loinc.org",
      "concept" : [{
        "code" : "LA6113-0",
        "display" : "Much better than expected"
      },
      {
        "code" : "LA6112-2",
        "display" : "Better than expected"
      },
      {
        "code" : "LA6111-4",
        "display" : "Expected outcome"
      },
      {
        "code" : "gas-less-than-expected",
        "display" : "Less than expected"
      },
      {
        "code" : "gas-much-less-than-expected",
        "display" : "Much less than expected"
      }]
    }]
  }
}