{
  "codeSystems" : [
    {
      "url" : "http://hl7.org/fhir/us/pco/ValueSet/gas-score-answers",
      "version" : "0.2.0",
      "status" : "draft",
      "name" : "GASScoreAnswers",
      "title" : "Follow-Up GAS Score Answers",
      "description" : "The progress rating on goal attainment scaling.",
      "systems" : ["http://loinc.org"],
      "uses" : {
      },
      "StructureDefinition-pco-gas-score-observation.html" : "Goal Attainment Scaling (GAS) score observation",
      "StructureDefinition-pco-goal-attainment-scaling.html" : "Goal Attainment Scaling Extension"
    },
    {
      "url" : "http://hl7.org/fhir/us/pco/ValueSet/goal-attainment-scaling-score",
      "version" : "0.2.0",
      "status" : "draft",
      "name" : "GoalAttainmentScalingScore",
      "title" : "Goal Attainment Scaling (GAS) Score",
      "description" : "The score indicates how a patient, caregiver, or practitioner rated progress on goal attainment scaling.",
      "systems" : ["http://loinc.org"],
      "uses" : {
      },
      "StructureDefinition-pco-gas-score-observation.html" : "Goal Attainment Scaling (GAS) score observation"
    },
    {
      "url" : "http://hl7.org/fhir/us/pco/ValueSet/goal-barrier-codes",
      "version" : "0.2.0",
      "status" : "draft",
      "name" : "GoalBarrierCodes",
      "title" : "Goal Barrier Assessment Codes",
      "description" : "Terminology codes for goal barrier assessment",
      "systems" : ["http://snomed.info/sct"],
      "uses" : {
      },
      "StructureDefinition-pco-goal-barrier.html" : "Person-Centered Goal Barrier"
    },
    {
      "url" : "http://hl7.org/fhir/us/pco/ValueSet/pco-care-tradeoff-choices-vs",
      "version" : "0.2.0",
      "status" : "draft",
      "name" : "CareTradeOffChoices",
      "title" : "Care Trade-off Choices",
      "description" : "Options for a care trade-off.",
      "systems" : [
        "http://hl7.org/fhir/us/pco/CodeSystem/pco-care-tradeoff-choice-codes"
      ],
      "uses" : {
      },
      "StructureDefinition-pco-care-tradeoff.html" : "Care Trade-off Assessment"
    },
    {
      "url" : "http://hl7.org/fhir/us/pco/ValueSet/pco-care-tradeoff-types-example-vs",
      "version" : "0.2.0",
      "status" : "draft",
      "name" : "CareTradeOffTypesExample",
      "title" : "Care Trade-off Types Example",
      "description" : "Example value set containing types of care trade-off.",
      "systems" : ["http://snomed.info/sct"],
      "uses" : {
      },
      "StructureDefinition-pco-care-tradeoff.html" : "Care Trade-off Assessment"
    },
    {
      "url" : "http://hl7.org/fhir/us/pco/ValueSet/pco-goal-barrier-types-example-vs",
      "version" : "0.2.0",
      "status" : "draft",
      "name" : "GoalBarrierTypesExample",
      "title" : "Goal Barrier Types Example",
      "description" : "Example value set containing types of goal barriers.",
      "systems" : ["http://snomed.info/sct"],
      "uses" : {
      },
      "StructureDefinition-pco-goal-barrier.html" : "Person-Centered Goal Barrier"
    },
    {
      "url" : "http://hl7.org/fhir/us/pco/ValueSet/pco-goal-domains-example-vs",
      "version" : "0.2.0",
      "status" : "draft",
      "name" : "PCOGoalDomainsExample",
      "title" : "PCO Goal Domain Categories Example",
      "description" : "Example value set to identify the goal domains category for PCO resources.",
      "systems" : ["http://hl7.org/fhir/us/pco/CodeSystem/pco-goal-domains"],
      "uses" : {
      },
      "StructureDefinition-pco-goal-profile.html" : "Person-Centered Goal"
    },
    {
      "url" : "http://hl7.org/fhir/us/pco/ValueSet/prom-target-measures",
      "version" : "0.2.0",
      "status" : "draft",
      "name" : "PROMTargetMeasures",
      "title" : "PROM Target Measure Scores",
      "description" : "Target measure score codes used to track progress on patient-reported outcome measures (PROMs).",
      "systems" : ["http://loinc.org"],
      "uses" : {
      },
      "StructureDefinition-pco-prom-score-observation.html" : "Patient-Reported Outcome Measure (PROM) score observation",
      "StructureDefinition-pco-prom-goal-profile.html" : "Person-Centered PROM Goal"
    },
    {
      "url" : "http://hl7.org/fhir/us/pco/ValueSet/readiness-assessment-codes",
      "version" : "0.2.0",
      "status" : "draft",
      "name" : "ReadinessAssessmentType",
      "title" : "Readiness Assessment Codes",
      "description" : "Terminology codes for readiness assessment types.",
      "systems" : [
        "http://hl7.org/fhir/us/pco/CodeSystem/readiness-assessment-concepts"
      ],
      "uses" : {
      },
      "StructureDefinition-pco-readiness-assessment.html" : "Readiness Assessment"
    },
    {
      "url" : "http://hl7.org/fhir/us/pco/ValueSet/well-being-categories",
      "version" : "0.2.0",
      "status" : "draft",
      "name" : "WellBeingCategories",
      "title" : "Well-Being Categories",
      "description" : "Categories for well-being assessment or goals.",
      "systems" : ["http://hl7.org/fhir/us/pco/CodeSystem/wellbeing-concepts"],
      "uses" : {
      },
      "StructureDefinition-pco-care-plan.html" : "Person-Centered Care Plan",
      "StructureDefinition-pco-well-being-assessment.html" : "Well-Being Assessment",
      "StructureDefinition-pco-goal-profile.html" : "Person-Centered Goal",
      "StructureDefinition-pco-well-being-priority.html" : "Well-Being Priority"
    },
    {
      "url" : "http://hl7.org/fhir/us/pco/ValueSet/wellbeing-domains-example",
      "version" : "0.2.0",
      "status" : "draft",
      "name" : "WellBeingDomainValueSet",
      "title" : "Well-Being Domains Example",
      "description" : "Example value set containing well-being domains from the VA Circle of Health.",
      "systems" : [
        "http://hl7.org/fhir/us/pco/CodeSystem/va-whole-health-example"
      ],
      "uses" : {
      },
      "StructureDefinition-pco-well-being-assessment.html" : "Well-Being Assessment",
      "StructureDefinition-pco-well-being-priority.html" : "Well-Being Priority"
    }
  ]
}
