{
  "codeSystems" : [
    {
      "url" : "http://mtnlotus.com/uv/pco/ValueSet/gas-followup-score",
      "version" : "0.1.0",
      "status" : "draft",
      "name" : "GASFFollowupScore",
      "title" : "Follow-Up GAS Score",
      "description" : "The follow-up score indicates how a patient, caregiver, or practitioner rated progress on goal attainment scaling.",
      "systems" : ["http://loinc.org"]
    },
    {
      "url" : "http://mtnlotus.com/uv/pco/ValueSet/gas-score-answers",
      "version" : "0.1.0",
      "status" : "draft",
      "name" : "GASScoreAnswers",
      "title" : "Follow-Up GAS Score Answers",
      "description" : "The progress rating on goal attainment scaling.",
      "systems" : ["http://loinc.org"]
    },
    {
      "url" : "http://mtnlotus.com/uv/pco/ValueSet/pco-category-valueset",
      "version" : "0.1.0",
      "status" : "draft",
      "name" : "PCOCategoryValueSet",
      "title" : "PCO Categories",
      "description" : "Example value set to identify the category for PCO resources.",
      "systems" : [
        "http://mtnlotus.com/uv/pco/CodeSystem/va-whole-health",
        "http://mtnlotus.com/uv/pco/CodeSystem/ncqa-goal-domains"
      ]
    },
    {
      "url" : "http://mtnlotus.com/uv/pco/ValueSet/prom-target-measures",
      "version" : "0.1.0",
      "status" : "draft",
      "name" : "PROMTargetMeasures",
      "title" : "PROM Target Measures",
      "description" : "Target measure codes used to track progress on patient-reported outcome measures (PROMs).",
      "systems" : ["http://loinc.org"]
    },
    {
      "url" : "http://mtnlotus.com/uv/pco/ValueSet/what-matters-focus-areas",
      "version" : "0.1.0",
      "status" : "draft",
      "name" : "WhatMattersFocusAreas",
      "title" : "What Matters Focus Areas",
      "description" : "Example value set to identify focus areas from the VA Circle of Health. Whole Health is VA's approach to care that supports your health and well-being. Whole Health centers around What Matters to you, not what is the matter with you. This means your health team will get to know you as a person, before working with you to develop a personalized health plan based on your values, needs, and goals.",
      "systems" : ["http://mtnlotus.com/uv/pco/CodeSystem/va-whole-health"]
    }
  ]
}
