URL,Version,Status,OIDs,Name,Title,Descriptino,Uses,Used,Sources
http://mtnlotus.com/uv/pco/ValueSet/caregiver-gas-followup-vs,0.1.0,draft,,CaregiverGASFollowupVS,Caregiver Follow-Up GAS Score,"The caregiver follow-up score indicates how the caregiver rated either the patient's progress or their own progress on goal attainment scaling.",,"LOINC"
http://mtnlotus.com/uv/pco/ValueSet/patient-gas-followup-vs,0.1.0,draft,,PatientGASFollowupVS,Patient Follow-Up GAS Score,"The patient follow-up score indicates how the patient rated their own progress on goal attainment scaling.",,"LOINC"
http://mtnlotus.com/uv/pco/ValueSet/pco-category-valueset,0.1.0,draft,,PCOCategoryValueSet,PCO Categories,"Example value set to identify the category for PCO resources.",,"Internal"
http://mtnlotus.com/uv/pco/ValueSet/practitioner-gas-followup-vs,0.1.0,draft,,PractitionerGASFollowupVS,Practitioner Follow-Up GAS Score,"The practitioner follow-up score indicates how the practitioner rated the patient's progress on goal attainment scaling.",,"LOINC"
