{
  "resourceType" : "ValueSet",
  "id" : "pco-survey-category-vs",
  "text" : {
    "status" : "extensions",
    "div" : "<div xmlns=\"http://www.w3.org/1999/xhtml\"><p class=\"res-header-id\"><b>Generated Narrative: ValueSet pco-survey-category-vs</b></p><a name=\"pco-survey-category-vs\"> </a><a name=\"hcpco-survey-category-vs\"> </a><a name=\"pco-survey-category-vs-en-US\"> </a><ul><li>Include these codes as defined in <a href=\"http://terminology.hl7.org/6.1.0/CodeSystem-observation-category.html\"><code>http://terminology.hl7.org/CodeSystem/observation-category</code></a><table class=\"none\"><tr><td style=\"white-space:nowrap\"><b>Code</b></td><td><b>Display</b></td><td><b>Definition</b></td></tr><tr><td><a href=\"http://terminology.hl7.org/6.1.0/CodeSystem-observation-category.html#observation-category-survey\">survey</a></td><td>Survey</td><td>Assessment tool/survey instrument observations (e.g., Apgar Scores, Montreal Cognitive Assessment (MoCA)).</td></tr></table></li></ul></div>"
  },
  "url" : "http://hl7.org/fhir/us/pco/ValueSet/pco-survey-category-vs",
  "version" : "0.2.0",
  "name" : "PCOSurveyCategoryVS",
  "title" : "Person-Centered Outcomes Survey Value Set",
  "status" : "draft",
  "experimental" : false,
  "date" : "2024-12-11T00:46:43+00:00",
  "publisher" : "HL7 International / Patient Care",
  "contact" : [{
    "name" : "HL7 International / Patient Care",
    "telecom" : [{
      "system" : "url",
      "value" : "http://www.hl7.org/Special/committees/patientcare"
    },
    {
      "system" : "email",
      "value" : "patientcare@lists.HL7.org"
    }]
  }],
  "description" : "Used to indicate that PCO observations of of type Survey, as defined by US-Core.",
  "jurisdiction" : [{
    "coding" : [{
      "system" : "urn:iso:std:iso:3166",
      "code" : "US"
    }]
  }],
  "compose" : {
    "include" : [{
      "system" : "http://terminology.hl7.org/CodeSystem/observation-category",
      "concept" : [{
        "code" : "survey",
        "display" : "Survey"
      }]
    }]
  }
}