{
  "codeSystems" : [
    {
      "url" : "http://hl7.org/fhir/us/pco/ValueSet/gas-score-answers",
      "version" : "0.2.0",
      "status" : "draft",
      "name" : "GASScoreAnswers",
      "title" : "Follow-Up GAS Score Answers",
      "description" : "The progress rating on goal attainment scaling.",
      "systems" : ["http://loinc.org"],
      "uses" : {
      },
      "StructureDefinition-pco-gas-score-observation.html" : "Goal Attainment Scaling (GAS) score",
      "StructureDefinition-pco-goal-attainment-scaling.html" : "Goal Attainment Scaling"
    },
    {
      "url" : "http://hl7.org/fhir/us/pco/ValueSet/goal-attainment-scaling-score",
      "version" : "0.2.0",
      "status" : "draft",
      "name" : "GoalAttainmentScalingScore",
      "title" : "Goal Attainment Scaling (GAS) Score",
      "description" : "The score indicates how a patient, caregiver, or practitioner rated progress on goal attainment scaling.",
      "systems" : ["http://loinc.org"],
      "uses" : {
      },
      "StructureDefinition-pco-gas-score-observation.html" : "Goal Attainment Scaling (GAS) score"
    },
    {
      "url" : "http://hl7.org/fhir/us/pco/ValueSet/pco-domain-category-valueset",
      "version" : "0.2.0",
      "status" : "draft",
      "name" : "PCODomainCategoryValueSet",
      "title" : "PCO Domain Categories",
      "description" : "Example value set to identify the domains category for PCO resources.",
      "systems" : ["http://hl7.org/fhir/us/pco/CodeSystem/pco-goal-domains"],
      "uses" : {
      },
      "StructureDefinition-pco-goal-profile.html" : "Person-Centered Goal"
    },
    {
      "url" : "http://hl7.org/fhir/us/pco/ValueSet/prom-target-measures",
      "version" : "0.2.0",
      "status" : "draft",
      "name" : "PROMTargetMeasures",
      "title" : "PROM Target Measures",
      "description" : "Target measure codes used to track progress on patient-reported outcome measures (PROMs).",
      "systems" : ["http://loinc.org"],
      "uses" : {
      },
      "StructureDefinition-pco-prom-goal-profile.html" : "Person-Centered PROM Goal",
      "StructureDefinition-pco-prom-score-observation.html" : "Patient-Reported Outcome Measure (PROM) score"
    },
    {
      "url" : "http://hl7.org/fhir/us/pco/ValueSet/wellbeing-domains-example-vs",
      "version" : "0.2.0",
      "status" : "draft",
      "name" : "WellBeingDomainValueSet",
      "title" : "Well-Being Domains Example",
      "description" : "Example value set containing well-being domains from the VA Circle of Health.",
      "systems" : ["http://hl7.org/fhir/us/pco/CodeSystem/va-whole-health"],
      "uses" : {
      },
      "StructureDefinition-pco-what-matters-statement.html" : "What Matters Statement",
      "StructureDefinition-pco-what-matters-assessment.html" : "What Matters Assessment",
      "StructureDefinition-pco-what-matters-priority.html" : "What Matters Priority"
    }
  ]
}
