{
  "codeSystems" : [
    {
      "url" : "http://mtnlotus.com/uv/pco/ValueSet/caregiver-gas-followup",
      "version" : "0.1.0",
      "status" : "draft",
      "name" : "CaregiverGASFollowup",
      "title" : "Caregiver Follow-Up GAS Score",
      "description" : "The caregiver follow-up score indicates how the caregiver rated either the patient's progress or their own progress on goal attainment scaling.",
      "systems" : [
        "http://mtnlotus.com/uv/pco/CodeSystem/pco-gas-codes-temporary"
      ],
      "uses" : {
      },
      "StructureDefinition-pco-caregiver-gas-score.html" : "Caregiver Goal Attainment Scaling (GAS) score"
    },
    {
      "url" : "http://mtnlotus.com/uv/pco/ValueSet/patient-gas-followup",
      "version" : "0.1.0",
      "status" : "draft",
      "name" : "PatientGASFollowup",
      "title" : "Patient Follow-Up GAS Score",
      "description" : "The patient follow-up score indicates how the patient rated their own progress on goal attainment scaling.",
      "systems" : [
        "http://mtnlotus.com/uv/pco/CodeSystem/pco-gas-codes-temporary"
      ],
      "uses" : {
      },
      "StructureDefinition-pco-patient-gas-score.html" : "Patient Goal Attainment Scaling (GAS) score",
      "StructureDefinition-pco-goal-attainment-scaling.html" : "Goal Attainment Scaling"
    },
    {
      "url" : "http://mtnlotus.com/uv/pco/ValueSet/pco-category-valueset",
      "version" : "0.1.0",
      "status" : "draft",
      "name" : "PCOCategoryValueSet",
      "title" : "PCO Categories",
      "description" : "Example value set to identify the category for PCO resources.",
      "systems" : [
        "http://mtnlotus.com/uv/pco/CodeSystem/va-whole-health",
        "http://mtnlotus.com/uv/pco/CodeSystem/ncqa-goal-domains"
      ],
      "uses" : {
      },
      "StructureDefinition-pco-care-plan.html" : "Person-Centered Care Plan",
      "StructureDefinition-pco-goal-profile.html" : "Person-Centered Goal"
    },
    {
      "url" : "http://mtnlotus.com/uv/pco/ValueSet/practitioner-gas-followup",
      "version" : "0.1.0",
      "status" : "draft",
      "name" : "PractitionerGASFollowup",
      "title" : "Practitioner Follow-Up GAS Score",
      "description" : "The practitioner follow-up score indicates how the practitioner rated the patient's progress on goal attainment scaling.",
      "systems" : [
        "http://mtnlotus.com/uv/pco/CodeSystem/pco-gas-codes-temporary"
      ],
      "uses" : {
      },
      "StructureDefinition-pco-practitioner-gas-score.html" : "Practitioner Goal Attainment Scaling (GAS) score"
    },
    {
      "url" : "http://mtnlotus.com/uv/pco/ValueSet/prom-target-measures",
      "version" : "0.1.0",
      "status" : "draft",
      "name" : "PROMTargetMeasures",
      "title" : "PROM Target Measures",
      "description" : "Target measure codes used to track progress on patient-reported outcome measures (PROMs).",
      "systems" : ["http://loinc.org"],
      "uses" : {
      },
      "StructureDefinition-pco-prom-score.html" : "Patient-Reported Outcome Measure (PROM) score",
      "StructureDefinition-pco-goal-prom-profile.html" : "Person-Centered Goal for PROMs"
    },
    {
      "url" : "http://mtnlotus.com/uv/pco/ValueSet/what-matters-focus-areas",
      "version" : "0.1.0",
      "status" : "draft",
      "name" : "WhatMattersFocusAreas",
      "title" : "What Matters Focus Areas",
      "description" : "Example value set to identify focus areas from the VA Circle of Health. Whole Health is VA’s approach to care that supports your health and well-being. Whole Health centers around What Matters to you, not what is the matter with you. This means your health team will get to know you as a person, before working with you to develop a personalized health plan based on your values, needs, and goals.",
      "systems" : ["http://mtnlotus.com/uv/pco/CodeSystem/va-whole-health"],
      "uses" : {
      },
      "StructureDefinition-pco-what-matters-assessment.html" : "What Matters Assessment"
    }
  ]
}
