{
  "codeSystems" : [
    {
      "url" : "http://mtnlotus.com/uv/pco/ValueSet/caregiver-gas-followup-vs",
      "version" : "0.1.0",
      "status" : "draft",
      "name" : "CaregiverGASFollowupVS",
      "title" : "Caregiver Follow-Up GAS Score",
      "description" : "The caregiver follow-up score indicates how the caregiver rated either the patient's progress or their own progress on goal attainment scaling.",
      "systems" : ["http://loinc.org"]
    },
    {
      "url" : "http://mtnlotus.com/uv/pco/ValueSet/patient-gas-followup-vs",
      "version" : "0.1.0",
      "status" : "draft",
      "name" : "PatientGASFollowupVS",
      "title" : "Patient Follow-Up GAS Score",
      "description" : "The patient follow-up score indicates how the patient rated their own progress on goal attainment scaling.",
      "systems" : ["http://loinc.org"]
    },
    {
      "url" : "http://mtnlotus.com/uv/pco/ValueSet/pco-category-valueset",
      "version" : "0.1.0",
      "status" : "draft",
      "name" : "PCOCategoryValueSet",
      "title" : "PCO Categories",
      "description" : "Example value set to identify the category for PCO resources.",
      "systems" : [
        "http://mtnlotus.com/uv/pco/CodeSystem/pco-category-codes-example"
      ]
    },
    {
      "url" : "http://mtnlotus.com/uv/pco/ValueSet/practitioner-gas-followup-vs",
      "version" : "0.1.0",
      "status" : "draft",
      "name" : "PractitionerGASFollowupVS",
      "title" : "Practitioner Follow-Up GAS Score",
      "description" : "The practitioner follow-up score indicates how the practitioner rated the patient's progress on goal attainment scaling.",
      "systems" : ["http://loinc.org"]
    }
  ]
}
