URL,Version,Status,OIDs,Name,Title,Descriptino,Uses,Used,Sources
http://mtnlotus.com/uv/pco/ValueSet/gas-score-answers,0.2.0,draft,,GASScoreAnswers,Follow-Up GAS Score Answers,"The progress rating on goal attainment scaling.",,"LOINC"
http://mtnlotus.com/uv/pco/ValueSet/goal-attainment-scaling-score,0.2.0,draft,,GoalAttainmentScalingScore,Goal Attainment Scaling (GAS) Score,"The score indicates how a patient, caregiver, or practitioner rated progress on goal attainment scaling.",,"LOINC"
http://mtnlotus.com/uv/pco/ValueSet/pco-category-valueset,0.2.0,draft,,PCOCategoryValueSet,PCO Categories,"Example value set to identify the category for PCO resources.",,"Internal"
http://mtnlotus.com/uv/pco/ValueSet/prom-target-measures,0.2.0,draft,,PROMTargetMeasures,PROM Target Measures,"Target measure codes used to track progress on patient-reported outcome measures (PROMs).",,"LOINC"
http://mtnlotus.com/uv/pco/ValueSet/what-matters-focus-areas,0.2.0,draft,,WhatMattersFocusAreas,What Matters Focus Areas,"Example value set to identify focus areas from the VA Circle of Health. Whole Health is VA's approach to care that supports your health and well-being. Whole Health centers around What Matters to you, not what is the matter with you. This means your health team will get to know you as a person, before working with you to develop a personalized health plan based on your values, needs, and goals.",,"Internal"
