{"resourceType":"CodeSystem","id":"va-whole-health","text":{"status":"generated","div":"<div xmlns=\"http://www.w3.org/1999/xhtml\"><p class=\"res-header-id\"><b>Generated Narrative: CodeSystem va-whole-health</b></p><a name=\"va-whole-health\"> </a><a name=\"hcva-whole-health\"> </a><a name=\"va-whole-health-en-US\"> </a><p>This case-sensitive code system <code>http://hl7.org/fhir/us/pco/CodeSystem/va-whole-health</code> defines the following codes:</p><table class=\"codes\"><tr><td style=\"white-space:nowrap\"><b>Code</b></td><td><b>Display</b></td><td><b>Definition</b></td></tr><tr><td style=\"white-space:nowrap\">body<a name=\"va-whole-health-body\"> </a></td><td>Moving the Body</td><td>Our physical, mental, and emotional health are impacted by the amount and kind of movement we do. Moving the body can take many forms such as dancing, walking, gardening, yoga, and exercise.</td></tr><tr><td style=\"white-space:nowrap\">mind<a name=\"va-whole-health-mind\"> </a></td><td>Power of the Mind</td><td>Our thoughts are powerful and can affect our physical, mental, and emotional health. Changing our mindset can aid in healing and coping. Breathing techniques, guided imagery, Tai Chi, yoga, or gratitude can buffer the impact of stress and other emotions.</td></tr><tr><td style=\"white-space:nowrap\">nourishment<a name=\"va-whole-health-nourishment\"> </a></td><td>Food &amp; Drink</td><td>What we eat and drink can have a huge effect on how we experience life, both physically and mentally. Energy, mood, weight, how long we live, and overall health are all impacted by what and how we choose to eat and drink.</td></tr><tr><td style=\"white-space:nowrap\">recharge<a name=\"va-whole-health-recharge\"> </a></td><td>Recharge</td><td>Our bodies and minds must rest and recharge in order to optimize our health. Getting a good night's rest, as well as recharging our mental and physical energy throughout the day, are vital to well-being. Taking short breaks or doing something you enjoy or feels good for moments throughout the day are examples of ways to refresh.</td></tr><tr><td style=\"white-space:nowrap\">surroundings<a name=\"va-whole-health-surroundings\"> </a></td><td>Surroundings</td><td>Our surroundings, both at work and where we live, indoors and out, can affect our health and outlook on life. Changes within our control such as organizing, decluttering, adding a plant or artwork can improve mood and health.</td></tr><tr><td style=\"white-space:nowrap\">personal-development<a name=\"va-whole-health-personal-development\"> </a></td><td>Personal Development</td><td>Our health is impacted by how we choose to spend our time. Aligning our work and personal activities with what really matters to us, or what brings us joy, can have a big effect on our health and outlook on life.</td></tr><tr><td style=\"white-space:nowrap\">spirit-and-soul<a name=\"va-whole-health-spirit-and-soul\"> </a></td><td>Spirit &amp; Soul</td><td>Connecting with something greater than ourselves may provide a sense of meaning and purpose, peace, or comfort. Connecting and aligning spiritually is very individual and may take the form of religious affiliation, connection to nature, or engaging in things like music or art.</td></tr><tr><td style=\"white-space:nowrap\">relationships<a name=\"va-whole-health-relationships\"> </a></td><td>Family, Friends &amp; Co-Workers</td><td>Our relationships, including those with pets, have as significant an effect on our physical and emotional health as any other factor associated with well-being. Spending more time in relationships that &quot;fuel&quot; us and less in relationships that &quot;drain&quot; us is one potential option. Improving our relationship skills or creating new relationships through community activities are other options to consider.</td></tr><tr><td style=\"white-space:nowrap\">professional-care<a name=\"va-whole-health-professional-care\"> </a></td><td>Professional Care</td><td>Staying up to date on prevention and understanding your health concerns, care options, treatment plan, and their role in your health.</td></tr></table></div>"},"url":"http://hl7.org/fhir/us/pco/CodeSystem/va-whole-health","version":"0.2.0","name":"VAWholeHealth","title":"VA Whole Health Concepts","status":"active","experimental":false,"date":"2024-12-12T02:30:34+00:00","publisher":"HL7 International / Patient Care","contact":[{"name":"HL7 International / Patient Care","telecom":[{"system":"url","value":"http://www.hl7.org/Special/committees/patientcare"},{"system":"email","value":"patientcare@lists.HL7.org"}]}],"description":"Code system to identify \"What Matters\" concepts from the VA Whole Health appraoch and Circle of Health.","jurisdiction":[{"coding":[{"system":"urn:iso:std:iso:3166","code":"US"}]}],"caseSensitive":true,"content":"complete","count":9,"concept":[{"code":"body","display":"Moving the Body","definition":"Our physical, mental, and emotional health are impacted by the amount and kind of movement we do. Moving the body can take many forms such as dancing, walking, gardening, yoga, and exercise."},{"code":"mind","display":"Power of the Mind","definition":"Our thoughts are powerful and can affect our physical, mental, and emotional health. Changing our mindset can aid in healing and coping. Breathing techniques, guided imagery, Tai Chi, yoga, or gratitude can buffer the impact of stress and other emotions."},{"code":"nourishment","display":"Food & Drink","definition":"What we eat and drink can have a huge effect on how we experience life, both physically and mentally. Energy, mood, weight, how long we live, and overall health are all impacted by what and how we choose to eat and drink."},{"code":"recharge","display":"Recharge","definition":"Our bodies and minds must rest and recharge in order to optimize our health. Getting a good night's rest, as well as recharging our mental and physical energy throughout the day, are vital to well-being. Taking short breaks or doing something you enjoy or feels good for moments throughout the day are examples of ways to refresh."},{"code":"surroundings","display":"Surroundings","definition":"Our surroundings, both at work and where we live, indoors and out, can affect our health and outlook on life. Changes within our control such as organizing, decluttering, adding a plant or artwork can improve mood and health."},{"code":"personal-development","display":"Personal Development","definition":"Our health is impacted by how we choose to spend our time. Aligning our work and personal activities with what really matters to us, or what brings us joy, can have a big effect on our health and outlook on life."},{"code":"spirit-and-soul","display":"Spirit & Soul","definition":"Connecting with something greater than ourselves may provide a sense of meaning and purpose, peace, or comfort. Connecting and aligning spiritually is very individual and may take the form of religious affiliation, connection to nature, or engaging in things like music or art."},{"code":"relationships","display":"Family, Friends & Co-Workers","definition":"Our relationships, including those with pets, have as significant an effect on our physical and emotional health as any other factor associated with well-being. Spending more time in relationships that \"fuel\" us and less in relationships that \"drain\" us is one potential option. Improving our relationship skills or creating new relationships through community activities are other options to consider."},{"code":"professional-care","display":"Professional Care","definition":"Staying up to date on prevention and understanding your health concerns, care options, treatment plan, and their role in your health."}]}