{"resourceType":"CodeSystem","id":"pco-codes","text":{"status":"generated","div":"<div xmlns=\"http://www.w3.org/1999/xhtml\"><p class=\"res-header-id\"><b>Generated Narrative: CodeSystem pco-codes</b></p><a name=\"pco-codes\"> </a><a name=\"hcpco-codes\"> </a><a name=\"pco-codes-en-US\"> </a><p>This case-sensitive code system <code>http://hl7.org/fhir/us/pco/CodeSystem/pco-codes</code> defines the following codes:</p><table class=\"codes\"><tr><td style=\"white-space:nowrap\"><b>Code</b></td><td><b>Display</b></td></tr><tr><td style=\"white-space:nowrap\">person-centered<a name=\"pco-codes-person-centered\"> </a></td><td>Person-Centered</td></tr><tr><td style=\"white-space:nowrap\">person-centered-goal<a name=\"pco-codes-person-centered-goal\"> </a></td><td>Person-Centered Goal</td></tr><tr><td style=\"white-space:nowrap\">pco-data-submission-bundle<a name=\"pco-codes-pco-data-submission-bundle\"> </a></td><td>PCO Bundle</td></tr><tr><td style=\"white-space:nowrap\">pco-data-submission-standing-order<a name=\"pco-codes-pco-data-submission-standing-order\"> </a></td><td>PCO Submission Standing Order</td></tr></table></div>"},"url":"http://hl7.org/fhir/us/pco/CodeSystem/pco-codes","version":"0.2.0","name":"PCOCodes","title":"Codes for PCO","status":"active","experimental":false,"date":"2024-12-10T23:26:43+00:00","publisher":"HL7 International / Patient Care","contact":[{"name":"HL7 International / Patient Care","telecom":[{"system":"url","value":"http://www.hl7.org/Special/committees/patientcare"},{"system":"email","value":"patientcare@lists.HL7.org"}]}],"description":"Codes to identify content associated with this IG","jurisdiction":[{"coding":[{"system":"urn:iso:std:iso:3166","code":"US"}]}],"caseSensitive":true,"content":"complete","count":4,"concept":[{"code":"person-centered","display":"Person-Centered"},{"code":"person-centered-goal","display":"Person-Centered Goal"},{"code":"pco-data-submission-bundle","display":"PCO Bundle"},{"code":"pco-data-submission-standing-order","display":"PCO Submission Standing Order"}]}