{"resourceType":"CodeSystem","id":"pco-care-tradeoff-choices","text":{"status":"generated","div":"<div xmlns=\"http://www.w3.org/1999/xhtml\"><p class=\"res-header-id\"><b>Generated Narrative: CodeSystem pco-care-tradeoff-choices</b></p><a name=\"pco-care-tradeoff-choices\"> </a><a name=\"hcpco-care-tradeoff-choices\"> </a><a name=\"pco-care-tradeoff-choices-en-US\"> </a><p>This case-sensitive code system <code>http://hl7.org/fhir/us/pco/CodeSystem/pco-care-tradeoff-choices</code> defines the following codes:</p><table class=\"codes\"><tr><td style=\"white-space:nowrap\"><b>Code</b></td><td><b>Display</b></td></tr><tr><td style=\"white-space:nowrap\">helpful<a name=\"pco-care-tradeoff-choices-helpful\"> </a></td><td>Helpful</td></tr><tr><td style=\"white-space:nowrap\">bothersome<a name=\"pco-care-tradeoff-choices-bothersome\"> </a></td><td>Bothersome</td></tr><tr><td style=\"white-space:nowrap\">unspecified<a name=\"pco-care-tradeoff-choices-unspecified\"> </a></td><td>Unspecified</td></tr></table></div>"},"extension":[{"url":"http://hl7.org/fhir/StructureDefinition/structuredefinition-wg","valueCode":"pc"}],"url":"http://hl7.org/fhir/us/pco/CodeSystem/pco-care-tradeoff-choices","version":"0.2.0","name":"CareTradeOffChoices","title":"Care Trade-off Choices","status":"active","experimental":false,"date":"2024-12-28T21:18:04+00:00","publisher":"HL7 International / Patient Care","contact":[{"name":"HL7 International / Patient Care","telecom":[{"system":"url","value":"http://www.hl7.org/Special/committees/patientcare"},{"system":"email","value":"patientcare@lists.HL7.org"}]}],"description":"Code system to identify care trade-off choices.","jurisdiction":[{"coding":[{"system":"urn:iso:std:iso:3166","code":"US"}]}],"caseSensitive":true,"content":"complete","count":3,"concept":[{"code":"helpful","display":"Helpful"},{"code":"bothersome","display":"Bothersome"},{"code":"unspecified","display":"Unspecified"}]}