{"resourceType":"CodeSystem","id":"pco-codes","text":{"status":"generated","div":"<div xmlns=\"http://www.w3.org/1999/xhtml\"><p class=\"res-header-id\"><b>Generated Narrative: CodeSystem pco-codes</b></p><a name=\"pco-codes\"> </a><a name=\"hcpco-codes\"> </a><a name=\"pco-codes-en-US\"> </a><p>This case-sensitive code system <code>http://hl7.org/fhir/us/pco/CodeSystem/pco-codes</code> defines the following codes:</p><table class=\"codes\"><tr><td style=\"white-space:nowrap\"><b>Code</b></td><td><b>Display</b></td></tr><tr><td style=\"white-space:nowrap\">person-centered<a name=\"pco-codes-person-centered\"> </a></td><td>Person-Centered</td></tr><tr><td style=\"white-space:nowrap\">bothersome-health-concern<a name=\"pco-codes-bothersome-health-concern\"> </a></td><td>Bothersome Health Concern</td></tr><tr><td style=\"white-space:nowrap\">care-trade-off<a name=\"pco-codes-care-trade-off\"> </a></td><td>Care Trade-Off</td></tr></table></div>"},"extension":[{"url":"http://hl7.org/fhir/StructureDefinition/structuredefinition-wg","valueCode":"pc"}],"url":"http://hl7.org/fhir/us/pco/CodeSystem/pco-codes","version":"0.2.0","name":"PCOCodes","title":"Codes for PCO","status":"active","experimental":false,"date":"2025-01-06T22:35:31+00:00","publisher":"HL7 International / Patient Care","contact":[{"name":"HL7 International / Patient Care","telecom":[{"system":"url","value":"http://www.hl7.org/Special/committees/patientcare"},{"system":"email","value":"patientcare@lists.HL7.org"}]}],"description":"Codes to identify content associated with this IG","jurisdiction":[{"coding":[{"system":"urn:iso:std:iso:3166","code":"US"}]}],"caseSensitive":true,"content":"complete","count":3,"concept":[{"code":"person-centered","display":"Person-Centered"},{"code":"bothersome-health-concern","display":"Bothersome Health Concern"},{"code":"care-trade-off","display":"Care Trade-Off"}]}