{"resourceType":"CodeSystem","id":"pco-gas-codes-temporary","text":{"status":"generated","div":"<div xmlns=\"http://www.w3.org/1999/xhtml\"><p class=\"res-header-id\"><b>Generated Narrative: CodeSystem pco-gas-codes-temporary</b></p><a name=\"pco-gas-codes-temporary\"> </a><a name=\"hcpco-gas-codes-temporary\"> </a><a name=\"pco-gas-codes-temporary-en-US\"> </a><p>This case-sensitive code system <code>http://mtnlotus.com/uv/pco/CodeSystem/pco-gas-codes-temporary</code> defines the following codes:</p><table class=\"codes\"><tr><td style=\"white-space:nowrap\"><b>Code</b></td><td><b>Display</b></td></tr><tr><td style=\"white-space:nowrap\">goal-attainment-scaling<a name=\"pco-gas-codes-temporary-goal-attainment-scaling\"> </a></td><td>Goal Attainment Scaling (GAS)</td></tr><tr><td style=\"white-space:nowrap\">patient-gas-much-better-than-expected<a name=\"pco-gas-codes-temporary-patient-gas-much-better-than-expected\"> </a></td><td>Much better than expected</td></tr><tr><td style=\"white-space:nowrap\">patient-gas-better-than-expected<a name=\"pco-gas-codes-temporary-patient-gas-better-than-expected\"> </a></td><td>Better than expected</td></tr><tr><td style=\"white-space:nowrap\">patient-gas-expected-outcome<a name=\"pco-gas-codes-temporary-patient-gas-expected-outcome\"> </a></td><td>Expected outcome</td></tr><tr><td style=\"white-space:nowrap\">patient-gas-less-than-expected<a name=\"pco-gas-codes-temporary-patient-gas-less-than-expected\"> </a></td><td>Less than expected</td></tr><tr><td style=\"white-space:nowrap\">patient-gas-much-less-than-expected<a name=\"pco-gas-codes-temporary-patient-gas-much-less-than-expected\"> </a></td><td>Much less than expected</td></tr><tr><td style=\"white-space:nowrap\">caregiver-gas-much-better-than-expected<a name=\"pco-gas-codes-temporary-caregiver-gas-much-better-than-expected\"> </a></td><td>Much better than expected</td></tr><tr><td style=\"white-space:nowrap\">caregiver-gas-better-than-expected<a name=\"pco-gas-codes-temporary-caregiver-gas-better-than-expected\"> </a></td><td>Better than expected</td></tr><tr><td style=\"white-space:nowrap\">caregiver-gas-expected-outcome<a name=\"pco-gas-codes-temporary-caregiver-gas-expected-outcome\"> </a></td><td>Expected outcome</td></tr><tr><td style=\"white-space:nowrap\">caregiver-gas-less-than-expected<a name=\"pco-gas-codes-temporary-caregiver-gas-less-than-expected\"> </a></td><td>Less than expected</td></tr><tr><td style=\"white-space:nowrap\">caregiver-gas-much-less-than-expected<a name=\"pco-gas-codes-temporary-caregiver-gas-much-less-than-expected\"> </a></td><td>Much less than expected</td></tr><tr><td style=\"white-space:nowrap\">practitioner-gas-much-better-than-expected<a name=\"pco-gas-codes-temporary-practitioner-gas-much-better-than-expected\"> </a></td><td>Much better than expected</td></tr><tr><td style=\"white-space:nowrap\">practitioner-gas-better-than-expected<a name=\"pco-gas-codes-temporary-practitioner-gas-better-than-expected\"> </a></td><td>Better than expected</td></tr><tr><td style=\"white-space:nowrap\">practitioner-gas-expected-outcome<a name=\"pco-gas-codes-temporary-practitioner-gas-expected-outcome\"> </a></td><td>Expected outcome</td></tr><tr><td style=\"white-space:nowrap\">practitioner-gas-less-than-expected<a name=\"pco-gas-codes-temporary-practitioner-gas-less-than-expected\"> </a></td><td>Less than expected</td></tr><tr><td style=\"white-space:nowrap\">practitioner-gas-much-less-than-expected<a name=\"pco-gas-codes-temporary-practitioner-gas-much-less-than-expected\"> </a></td><td>Much less than expected</td></tr></table></div>"},"url":"http://mtnlotus.com/uv/pco/CodeSystem/pco-gas-codes-temporary","version":"0.1.0","name":"PCOGASCodesTemporary","title":"Goal Attainment Scaling (GAS) Codes","status":"active","experimental":false,"date":"2024-08-15T16:20:36+00:00","publisher":"Mountain Lotus WellBeing LLC","contact":[{"name":"Mountain Lotus WellBeing LLC","telecom":[{"system":"url","value":"http://mtnlotus.com"}]}],"description":"Temporary code system for GAS codes until publication by LOINC. All of these codes have been submitted to LOINC.","jurisdiction":[{"coding":[{"system":"http://unstats.un.org/unsd/methods/m49/m49.htm","code":"001","display":"World"}]}],"caseSensitive":true,"content":"complete","count":16,"concept":[{"code":"goal-attainment-scaling","display":"Goal Attainment Scaling (GAS)"},{"code":"patient-gas-much-better-than-expected","display":"Much better than expected"},{"code":"patient-gas-better-than-expected","display":"Better than expected"},{"code":"patient-gas-expected-outcome","display":"Expected outcome"},{"code":"patient-gas-less-than-expected","display":"Less than expected"},{"code":"patient-gas-much-less-than-expected","display":"Much less than expected"},{"code":"caregiver-gas-much-better-than-expected","display":"Much better than expected"},{"code":"caregiver-gas-better-than-expected","display":"Better than expected"},{"code":"caregiver-gas-expected-outcome","display":"Expected outcome"},{"code":"caregiver-gas-less-than-expected","display":"Less than expected"},{"code":"caregiver-gas-much-less-than-expected","display":"Much less than expected"},{"code":"practitioner-gas-much-better-than-expected","display":"Much better than expected"},{"code":"practitioner-gas-better-than-expected","display":"Better than expected"},{"code":"practitioner-gas-expected-outcome","display":"Expected outcome"},{"code":"practitioner-gas-less-than-expected","display":"Less than expected"},{"code":"practitioner-gas-much-less-than-expected","display":"Much less than expected"}]}