{"resourceType":"ImplementationGuide","id":"mtnlotus.fhir.uv.pco","text":{"status":"generated","div":"<div xmlns=\"http://www.w3.org/1999/xhtml\"><p class=\"res-header-id\"><b>Generated Narrative: ImplementationGuide mtnlotus.fhir.uv.pco</b></p><a name=\"mtnlotus.fhir.uv.pco\"> </a><a name=\"hcmtnlotus.fhir.uv.pco\"> </a><a name=\"mtnlotus.fhir.uv.pco-en-US\"> </a><h2>PCO</h2><p>The official URL for this implementation guide is: </p><pre>http://mtnlotus.com/uv/pco/ImplementationGuide/mtnlotus.fhir.uv.pco</pre><div><p>Person-Centered Outcomes (PCO) FHIR Implementation Guide</p>\n</div></div>"},"url":"http://mtnlotus.com/uv/pco/ImplementationGuide/mtnlotus.fhir.uv.pco","version":"0.1.0","name":"PCO","title":"Person-Centered Outcomes","status":"draft","date":"2024-08-28T19:37:38+00:00","publisher":"Mountain Lotus WellBeing LLC","contact":[{"name":"Mountain Lotus WellBeing LLC","telecom":[{"system":"url","value":"http://mtnlotus.com"}]}],"description":"Person-Centered Outcomes (PCO) FHIR Implementation Guide","jurisdiction":[{"coding":[{"system":"http://unstats.un.org/unsd/methods/m49/m49.htm","code":"001","display":"World"}]}],"packageId":"mtnlotus.fhir.uv.pco","license":"CC0-1.0","fhirVersion":["4.0.1"],"dependsOn":[{"id":"hl7tx","extension":[{"url":"http://hl7.org/fhir/tools/StructureDefinition/implementationguide-dependency-comment","valueMarkdown":"Automatically added as a dependency - all IGs depend on HL7 Terminology"}],"uri":"http://terminology.hl7.org/ImplementationGuide/hl7.terminology","packageId":"hl7.terminology.r4","version":"6.0.2"},{"id":"hl7ext","extension":[{"url":"http://hl7.org/fhir/tools/StructureDefinition/implementationguide-dependency-comment","valueMarkdown":"Automatically added as a dependency - all IGs depend on the HL7 Extension Pack"}],"uri":"http://hl7.org/fhir/extensions/ImplementationGuide/hl7.fhir.uv.extensions","packageId":"hl7.fhir.uv.extensions.r4","version":"5.1.0"},{"id":"hl7_fhir_us_core","uri":"http://hl7.org/fhir/us/core/ImplementationGuide/hl7.fhir.us.core","packageId":"hl7.fhir.us.core","version":"6.1.0"},{"id":"hl7_fhir_uv_cpg","uri":"http://hl7.org/fhir/uv/cpg/ImplementationGuide/hl7.fhir.uv.cpg","packageId":"hl7.fhir.uv.cpg","version":"1.0.0"},{"id":"fhir_cqf_common","uri":"http://fhir.org/guides/cqf/common/ImplementationGuide/fhir.cqf.common","packageId":"fhir.cqf.common","version":"4.0.1"},{"id":"hl7_fhir_us_cqfmeasures","uri":"http://hl7.org/fhir/us/cqfmeasures/ImplementationGuide/hl7.fhir.us.cqfmeasures","packageId":"hl7.fhir.us.cqfmeasures","version":"4.0.0"}],"definition":{"extension":[{"extension":[{"url":"code","valueString":"copyrightyear"},{"url":"value","valueString":"2024+"}],"url":"http://hl7.org/fhir/tools/StructureDefinition/ig-parameter"},{"extension":[{"url":"code","valueString":"releaselabel"},{"url":"value","valueString":"ci-build"}],"url":"http://hl7.org/fhir/tools/StructureDefinition/ig-parameter"},{"extension":[{"url":"code","valueString":"path-data"},{"url":"value","valueString":"input/_data"}],"url":"http://hl7.org/fhir/tools/StructureDefinition/ig-parameter"},{"extension":[{"url":"code","valueString":"path-liquid"},{"url":"value","valueString":"templates/liquid"}],"url":"http://hl7.org/fhir/tools/StructureDefinition/ig-parameter"},{"extension":[{"url":"code","valueString":"autoload-resources"},{"url":"value","valueString":"true"}],"url":"http://hl7.org/fhir/tools/StructureDefinition/ig-parameter"},{"extension":[{"url":"code","valueString":"path-liquid"},{"url":"value","valueString":"template/liquid"}],"url":"http://hl7.org/fhir/tools/StructureDefinition/ig-parameter"},{"extension":[{"url":"code","valueString":"path-liquid"},{"url":"value","valueString":"input/liquid"}],"url":"http://hl7.org/fhir/tools/StructureDefinition/ig-parameter"},{"extension":[{"url":"code","valueString":"path-qa"},{"url":"value","valueString":"temp/qa"}],"url":"http://hl7.org/fhir/tools/StructureDefinition/ig-parameter"},{"extension":[{"url":"code","valueString":"path-temp"},{"url":"value","valueString":"temp/pages"}],"url":"http://hl7.org/fhir/tools/StructureDefinition/ig-parameter"},{"extension":[{"url":"code","valueString":"path-output"},{"url":"value","valueString":"output"}],"url":"http://hl7.org/fhir/tools/StructureDefinition/ig-parameter"},{"extension":[{"url":"code","valueString":"path-suppressed-warnings"},{"url":"value","valueString":"input/ignoreWarnings.txt"}],"url":"http://hl7.org/fhir/tools/StructureDefinition/ig-parameter"},{"extension":[{"url":"code","valueString":"path-history"},{"url":"value","valueString":"http://mtnlotus.com/uv/pco/history.html"}],"url":"http://hl7.org/fhir/tools/StructureDefinition/ig-parameter"},{"extension":[{"url":"code","valueString":"template-html"},{"url":"value","valueString":"template-page.html"}],"url":"http://hl7.org/fhir/tools/StructureDefinition/ig-parameter"},{"extension":[{"url":"code","valueString":"template-md"},{"url":"value","valueString":"template-page-md.html"}],"url":"http://hl7.org/fhir/tools/StructureDefinition/ig-parameter"},{"extension":[{"url":"code","valueString":"apply-contact"},{"url":"value","valueString":"true"}],"url":"http://hl7.org/fhir/tools/StructureDefinition/ig-parameter"},{"extension":[{"url":"code","valueString":"apply-context"},{"url":"value","valueString":"true"}],"url":"http://hl7.org/fhir/tools/StructureDefinition/ig-parameter"},{"extension":[{"url":"code","valueString":"apply-copyright"},{"url":"value","valueString":"true"}],"url":"http://hl7.org/fhir/tools/StructureDefinition/ig-parameter"},{"extension":[{"url":"code","valueString":"apply-jurisdiction"},{"url":"value","valueString":"true"}],"url":"http://hl7.org/fhir/tools/StructureDefinition/ig-parameter"},{"extension":[{"url":"code","valueString":"apply-license"},{"url":"value","valueString":"true"}],"url":"http://hl7.org/fhir/tools/StructureDefinition/ig-parameter"},{"extension":[{"url":"code","valueString":"apply-publisher"},{"url":"value","valueString":"true"}],"url":"http://hl7.org/fhir/tools/StructureDefinition/ig-parameter"},{"extension":[{"url":"code","valueString":"apply-version"},{"url":"value","valueString":"true"}],"url":"http://hl7.org/fhir/tools/StructureDefinition/ig-parameter"},{"extension":[{"url":"code","valueString":"apply-wg"},{"url":"value","valueString":"true"}],"url":"http://hl7.org/fhir/tools/StructureDefinition/ig-parameter"},{"extension":[{"url":"code","valueString":"active-tables"},{"url":"value","valueString":"true"}],"url":"http://hl7.org/fhir/tools/StructureDefinition/ig-parameter"},{"extension":[{"url":"code","valueString":"fmm-definition"},{"url":"value","valueString":"http://hl7.org/fhir/versions.html#maturity"}],"url":"http://hl7.org/fhir/tools/StructureDefinition/ig-parameter"},{"extension":[{"url":"code","valueString":"propagate-status"},{"url":"value","valueString":"true"}],"url":"http://hl7.org/fhir/tools/StructureDefinition/ig-parameter"},{"extension":[{"url":"code","valueString":"excludelogbinaryformat"},{"url":"value","valueString":"true"}],"url":"http://hl7.org/fhir/tools/StructureDefinition/ig-parameter"},{"extension":[{"url":"code","valueString":"tabbed-snapshots"},{"url":"value","valueString":"true"}],"url":"http://hl7.org/fhir/tools/StructureDefinition/ig-parameter"},{"url":"http://hl7.org/fhir/tools/StructureDefinition/ig-internal-dependency","valueCode":"hl7.fhir.uv.tools#0.2.0"},{"extension":[{"url":"code","valueCode":"copyrightyear"},{"url":"value","valueString":"2024+"}],"url":"http://hl7.org/fhir/tools/StructureDefinition/ig-parameter"},{"extension":[{"url":"code","valueCode":"releaselabel"},{"url":"value","valueString":"ci-build"}],"url":"http://hl7.org/fhir/tools/StructureDefinition/ig-parameter"},{"extension":[{"url":"code","valueCode":"path-data"},{"url":"value","valueString":"input/_data"}],"url":"http://hl7.org/fhir/tools/StructureDefinition/ig-parameter"},{"extension":[{"url":"code","valueCode":"path-liquid"},{"url":"value","valueString":"templates/liquid"}],"url":"http://hl7.org/fhir/tools/StructureDefinition/ig-parameter"},{"extension":[{"url":"code","valueCode":"autoload-resources"},{"url":"value","valueString":"true"}],"url":"http://hl7.org/fhir/tools/StructureDefinition/ig-parameter"},{"extension":[{"url":"code","valueCode":"path-liquid"},{"url":"value","valueString":"template/liquid"}],"url":"http://hl7.org/fhir/tools/StructureDefinition/ig-parameter"},{"extension":[{"url":"code","valueCode":"path-liquid"},{"url":"value","valueString":"input/liquid"}],"url":"http://hl7.org/fhir/tools/StructureDefinition/ig-parameter"},{"extension":[{"url":"code","valueCode":"path-qa"},{"url":"value","valueString":"temp/qa"}],"url":"http://hl7.org/fhir/tools/StructureDefinition/ig-parameter"},{"extension":[{"url":"code","valueCode":"path-temp"},{"url":"value","valueString":"temp/pages"}],"url":"http://hl7.org/fhir/tools/StructureDefinition/ig-parameter"},{"extension":[{"url":"code","valueCode":"path-output"},{"url":"value","valueString":"output"}],"url":"http://hl7.org/fhir/tools/StructureDefinition/ig-parameter"},{"extension":[{"url":"code","valueCode":"path-suppressed-warnings"},{"url":"value","valueString":"input/ignoreWarnings.txt"}],"url":"http://hl7.org/fhir/tools/StructureDefinition/ig-parameter"},{"extension":[{"url":"code","valueCode":"path-history"},{"url":"value","valueString":"http://mtnlotus.com/uv/pco/history.html"}],"url":"http://hl7.org/fhir/tools/StructureDefinition/ig-parameter"},{"extension":[{"url":"code","valueCode":"template-html"},{"url":"value","valueString":"template-page.html"}],"url":"http://hl7.org/fhir/tools/StructureDefinition/ig-parameter"},{"extension":[{"url":"code","valueCode":"template-md"},{"url":"value","valueString":"template-page-md.html"}],"url":"http://hl7.org/fhir/tools/StructureDefinition/ig-parameter"},{"extension":[{"url":"code","valueCode":"apply-contact"},{"url":"value","valueString":"true"}],"url":"http://hl7.org/fhir/tools/StructureDefinition/ig-parameter"},{"extension":[{"url":"code","valueCode":"apply-context"},{"url":"value","valueString":"true"}],"url":"http://hl7.org/fhir/tools/StructureDefinition/ig-parameter"},{"extension":[{"url":"code","valueCode":"apply-copyright"},{"url":"value","valueString":"true"}],"url":"http://hl7.org/fhir/tools/StructureDefinition/ig-parameter"},{"extension":[{"url":"code","valueCode":"apply-jurisdiction"},{"url":"value","valueString":"true"}],"url":"http://hl7.org/fhir/tools/StructureDefinition/ig-parameter"},{"extension":[{"url":"code","valueCode":"apply-license"},{"url":"value","valueString":"true"}],"url":"http://hl7.org/fhir/tools/StructureDefinition/ig-parameter"},{"extension":[{"url":"code","valueCode":"apply-publisher"},{"url":"value","valueString":"true"}],"url":"http://hl7.org/fhir/tools/StructureDefinition/ig-parameter"},{"extension":[{"url":"code","valueCode":"apply-version"},{"url":"value","valueString":"true"}],"url":"http://hl7.org/fhir/tools/StructureDefinition/ig-parameter"},{"extension":[{"url":"code","valueCode":"apply-wg"},{"url":"value","valueString":"true"}],"url":"http://hl7.org/fhir/tools/StructureDefinition/ig-parameter"},{"extension":[{"url":"code","valueCode":"active-tables"},{"url":"value","valueString":"true"}],"url":"http://hl7.org/fhir/tools/StructureDefinition/ig-parameter"},{"extension":[{"url":"code","valueCode":"fmm-definition"},{"url":"value","valueString":"http://hl7.org/fhir/versions.html#maturity"}],"url":"http://hl7.org/fhir/tools/StructureDefinition/ig-parameter"},{"extension":[{"url":"code","valueCode":"propagate-status"},{"url":"value","valueString":"true"}],"url":"http://hl7.org/fhir/tools/StructureDefinition/ig-parameter"},{"extension":[{"url":"code","valueCode":"excludelogbinaryformat"},{"url":"value","valueString":"true"}],"url":"http://hl7.org/fhir/tools/StructureDefinition/ig-parameter"},{"extension":[{"url":"code","valueCode":"tabbed-snapshots"},{"url":"value","valueString":"true"}],"url":"http://hl7.org/fhir/tools/StructureDefinition/ig-parameter"},{"extension":[{"url":"code","valueCode":"copyrightyear"},{"url":"value","valueString":"2024+"}],"url":"http://hl7.org/fhir/tools/StructureDefinition/ig-parameter"},{"extension":[{"url":"code","valueCode":"releaselabel"},{"url":"value","valueString":"ci-build"}],"url":"http://hl7.org/fhir/tools/StructureDefinition/ig-parameter"},{"extension":[{"url":"code","valueCode":"path-data"},{"url":"value","valueString":"input/_data"}],"url":"http://hl7.org/fhir/tools/StructureDefinition/ig-parameter"},{"extension":[{"url":"code","valueCode":"path-liquid"},{"url":"value","valueString":"templates/liquid"}],"url":"http://hl7.org/fhir/tools/StructureDefinition/ig-parameter"},{"extension":[{"url":"code","valueCode":"autoload-resources"},{"url":"value","valueString":"true"}],"url":"http://hl7.org/fhir/tools/StructureDefinition/ig-parameter"},{"extension":[{"url":"code","valueCode":"path-liquid"},{"url":"value","valueString":"template/liquid"}],"url":"http://hl7.org/fhir/tools/StructureDefinition/ig-parameter"},{"extension":[{"url":"code","valueCode":"path-liquid"},{"url":"value","valueString":"input/liquid"}],"url":"http://hl7.org/fhir/tools/StructureDefinition/ig-parameter"},{"extension":[{"url":"code","valueCode":"path-qa"},{"url":"value","valueString":"temp/qa"}],"url":"http://hl7.org/fhir/tools/StructureDefinition/ig-parameter"},{"extension":[{"url":"code","valueCode":"path-temp"},{"url":"value","valueString":"temp/pages"}],"url":"http://hl7.org/fhir/tools/StructureDefinition/ig-parameter"},{"extension":[{"url":"code","valueCode":"path-output"},{"url":"value","valueString":"output"}],"url":"http://hl7.org/fhir/tools/StructureDefinition/ig-parameter"},{"extension":[{"url":"code","valueCode":"path-suppressed-warnings"},{"url":"value","valueString":"input/ignoreWarnings.txt"}],"url":"http://hl7.org/fhir/tools/StructureDefinition/ig-parameter"},{"extension":[{"url":"code","valueCode":"path-history"},{"url":"value","valueString":"http://mtnlotus.com/uv/pco/history.html"}],"url":"http://hl7.org/fhir/tools/StructureDefinition/ig-parameter"},{"extension":[{"url":"code","valueCode":"template-html"},{"url":"value","valueString":"template-page.html"}],"url":"http://hl7.org/fhir/tools/StructureDefinition/ig-parameter"},{"extension":[{"url":"code","valueCode":"template-md"},{"url":"value","valueString":"template-page-md.html"}],"url":"http://hl7.org/fhir/tools/StructureDefinition/ig-parameter"},{"extension":[{"url":"code","valueCode":"apply-contact"},{"url":"value","valueString":"true"}],"url":"http://hl7.org/fhir/tools/StructureDefinition/ig-parameter"},{"extension":[{"url":"code","valueCode":"apply-context"},{"url":"value","valueString":"true"}],"url":"http://hl7.org/fhir/tools/StructureDefinition/ig-parameter"},{"extension":[{"url":"code","valueCode":"apply-copyright"},{"url":"value","valueString":"true"}],"url":"http://hl7.org/fhir/tools/StructureDefinition/ig-parameter"},{"extension":[{"url":"code","valueCode":"apply-jurisdiction"},{"url":"value","valueString":"true"}],"url":"http://hl7.org/fhir/tools/StructureDefinition/ig-parameter"},{"extension":[{"url":"code","valueCode":"apply-license"},{"url":"value","valueString":"true"}],"url":"http://hl7.org/fhir/tools/StructureDefinition/ig-parameter"},{"extension":[{"url":"code","valueCode":"apply-publisher"},{"url":"value","valueString":"true"}],"url":"http://hl7.org/fhir/tools/StructureDefinition/ig-parameter"},{"extension":[{"url":"code","valueCode":"apply-version"},{"url":"value","valueString":"true"}],"url":"http://hl7.org/fhir/tools/StructureDefinition/ig-parameter"},{"extension":[{"url":"code","valueCode":"apply-wg"},{"url":"value","valueString":"true"}],"url":"http://hl7.org/fhir/tools/StructureDefinition/ig-parameter"},{"extension":[{"url":"code","valueCode":"active-tables"},{"url":"value","valueString":"true"}],"url":"http://hl7.org/fhir/tools/StructureDefinition/ig-parameter"},{"extension":[{"url":"code","valueCode":"fmm-definition"},{"url":"value","valueString":"http://hl7.org/fhir/versions.html#maturity"}],"url":"http://hl7.org/fhir/tools/StructureDefinition/ig-parameter"},{"extension":[{"url":"code","valueCode":"propagate-status"},{"url":"value","valueString":"true"}],"url":"http://hl7.org/fhir/tools/StructureDefinition/ig-parameter"},{"extension":[{"url":"code","valueCode":"excludelogbinaryformat"},{"url":"value","valueString":"true"}],"url":"http://hl7.org/fhir/tools/StructureDefinition/ig-parameter"},{"extension":[{"url":"code","valueCode":"tabbed-snapshots"},{"url":"value","valueString":"true"}],"url":"http://hl7.org/fhir/tools/StructureDefinition/ig-parameter"}],"grouping":[{"id":"-ka-measure","name":"Knowledge Artifacts: Measure","description":"These define measures as part of content in this implementation guide."},{"id":"-ka-library","name":"Knowledge Artifacts: Libraries","description":"These define logic, asset collections and other libraries as part of content in this implementation guide."},{"id":"-str-questionnaire","name":"Structures: Questionnaires","description":"These define forms used by systems conforming to this implementation guide to capture or expose data to end users."},{"id":"-str-profile","name":"Structures: Resource Profiles","description":"These define constraints on FHIR resources for systems conforming to this implementation guide."},{"id":"-str-extension","name":"Structures: Extension Definitions","description":"These define constraints on FHIR data types for systems conforming to this implementation guide."},{"id":"-term-valueset","name":"Terminology: Value Sets","description":"These define sets of codes used by systems conforming to this implementation guide."},{"id":"-term-codesystem","name":"Terminology: Code Systems","description":"These define new code systems used by systems conforming to this implementation guide."},{"id":"-ex-example","name":"Example: Example Instances","description":"These are example instances that show what data produced and consumed by systems conforming with this implementation guide might look like."},{"id":"-other","name":"Other","description":"These are resources that are used within this implementation guide that do not fit into one of the other categories."}],"resource":[{"extension":[{"url":"http://hl7.org/fhir/tools/StructureDefinition/resource-sort","valueInteger":999999999},{"url":"http://hl7.org/fhir/StructureDefinition/implementationguide-page","valueUri":"Measure-GoalFollowUpMeasure.html"},{"extension":[{"url":"type","valueCode":"Library"},{"url":"id","valueId":"effective-data-requirements"},{"url":"title","valueString":"Library"},{"url":"description"}],"url":"http://hl7.org/fhir/tools/StructureDefinition/contained-resource-information"}],"reference":{"reference":"Measure/GoalFollowUpMeasure"},"name":"Person-Centered Goal Follow-Up","description":"NCQA Measure 2 - Goal Follow-up: % of individuals 18 years of age or older with a complex care need who received follow-up on their PCO goal within two weeks to six months of when the PCO goal and GAS or PROM were identified.","exampleBoolean":false,"groupingId":"-ka-measure"},{"extension":[{"url":"http://hl7.org/fhir/tools/StructureDefinition/resource-sort","valueInteger":999999999},{"url":"http://hl7.org/fhir/StructureDefinition/implementationguide-page","valueUri":"Measure-GoalIdentificationMeasure.html"},{"extension":[{"url":"type","valueCode":"Library"},{"url":"id","valueId":"effective-data-requirements"},{"url":"title","valueString":"Library"},{"url":"description"}],"url":"http://hl7.org/fhir/tools/StructureDefinition/contained-resource-information"}],"reference":{"reference":"Measure/GoalIdentificationMeasure"},"name":"Person-Centered Goal Identification","description":"NCQA Measure 1 - Goal Identification: % of individuals 18 years of age and older with a complex care need who had a PCO goal identified resulting in completion of goal attainment scaling (GAS) or a Patient-Reported Outcome Measure (PROM) and development of an action plan.","exampleBoolean":false,"groupingId":"-ka-measure"},{"extension":[{"url":"http://hl7.org/fhir/tools/StructureDefinition/resource-sort","valueInteger":999999999},{"url":"http://hl7.org/fhir/StructureDefinition/implementationguide-page","valueUri":"Library-FHIRHelpers.html"}],"reference":{"reference":"Library/FHIRHelpers"},"name":"FHIRHelpers","exampleBoolean":false,"groupingId":"-ka-library"},{"extension":[{"url":"http://hl7.org/fhir/tools/StructureDefinition/resource-sort","valueInteger":999999999},{"url":"http://hl7.org/fhir/StructureDefinition/implementationguide-page","valueUri":"Library-GoalAttainmentLogic.html"}],"reference":{"reference":"Library/GoalAttainmentLogic"},"name":"GoalAttainmentLogic","exampleBoolean":false,"groupingId":"-ka-library"},{"extension":[{"url":"http://hl7.org/fhir/tools/StructureDefinition/resource-sort","valueInteger":999999999},{"url":"http://hl7.org/fhir/StructureDefinition/implementationguide-page","valueUri":"Library-GoalFollowUpMeasure.html"}],"reference":{"reference":"Library/GoalFollowUpMeasure"},"name":"GoalFollowUpMeasure","exampleBoolean":false,"groupingId":"-ka-library"},{"extension":[{"url":"http://hl7.org/fhir/tools/StructureDefinition/resource-sort","valueInteger":999999999},{"url":"http://hl7.org/fhir/StructureDefinition/implementationguide-page","valueUri":"Library-GoalIdentificationMeasure.html"}],"reference":{"reference":"Library/GoalIdentificationMeasure"},"name":"GoalIdentificationMeasure","exampleBoolean":false,"groupingId":"-ka-library"},{"extension":[{"url":"http://hl7.org/fhir/tools/StructureDefinition/resource-sort","valueInteger":999999999},{"url":"http://hl7.org/fhir/StructureDefinition/implementationguide-page","valueUri":"Library-PCOCommon.html"}],"reference":{"reference":"Library/PCOCommon"},"name":"PCOCommon","exampleBoolean":false,"groupingId":"-ka-library"},{"extension":[{"url":"http://hl7.org/fhir/tools/StructureDefinition/resource-sort","valueInteger":999999999},{"url":"http://hl7.org/fhir/StructureDefinition/implementationguide-page","valueUri":"Library-WhatMattersLogic.html"}],"reference":{"reference":"Library/WhatMattersLogic"},"name":"WhatMattersLogic","exampleBoolean":false,"groupingId":"-ka-library"},{"extension":[{"url":"http://hl7.org/fhir/tools/StructureDefinition/resource-sort","valueInteger":999999999},{"url":"http://hl7.org/fhir/StructureDefinition/implementationguide-page","valueUri":"Questionnaire-69737-5.html"}],"reference":{"reference":"Questionnaire/69737-5"},"name":"Generalized anxiety disorder 7 item","exampleBoolean":false,"groupingId":"-str-questionnaire"},{"extension":[{"url":"http://hl7.org/fhir/tools/StructureDefinition/resource-sort","valueInteger":999999999},{"url":"http://hl7.org/fhir/StructureDefinition/implementationguide-page","valueUri":"Questionnaire-44249-1.html"}],"reference":{"reference":"Questionnaire/44249-1"},"name":"PHQ-9 quick depression assessment panel","exampleBoolean":false,"groupingId":"-str-questionnaire"},{"extension":[{"url":"http://hl7.org/fhir/tools/StructureDefinition/resource-sort","valueInteger":999999999},{"url":"http://hl7.org/fhir/StructureDefinition/implementationguide-page","valueUri":"StructureDefinition-pco-caregiver-gas-score.html"}],"reference":{"reference":"StructureDefinition/pco-caregiver-gas-score"},"name":"Caregiver Goal Attainment Scaling (GAS) score","description":"The caregiver follow-up score indicates how the caregiver rated either the patient's progress or their own progress on goal attainment scaling.","exampleBoolean":false,"groupingId":"-str-profile"},{"extension":[{"url":"http://hl7.org/fhir/tools/StructureDefinition/resource-sort","valueInteger":999999999},{"url":"http://hl7.org/fhir/StructureDefinition/implementationguide-page","valueUri":"StructureDefinition-pco-patient-gas-score.html"}],"reference":{"reference":"StructureDefinition/pco-patient-gas-score"},"name":"Patient Goal Attainment Scaling (GAS) score","description":"The patient follow-up score indicates how the patient rated their own progress on goal attainment scaling.","exampleBoolean":false,"groupingId":"-str-profile"},{"extension":[{"url":"http://hl7.org/fhir/tools/StructureDefinition/resource-sort","valueInteger":999999999},{"url":"http://hl7.org/fhir/StructureDefinition/implementationguide-page","valueUri":"StructureDefinition-pco-prom-score.html"}],"reference":{"reference":"StructureDefinition/pco-prom-score"},"name":"Patient-Reported Outcome Measure (PROM) score","description":"This observation records how a patient rated their own progress score using a PROM assessment.","exampleBoolean":false,"groupingId":"-str-profile"},{"extension":[{"url":"http://hl7.org/fhir/tools/StructureDefinition/resource-sort","valueInteger":999999999},{"url":"http://hl7.org/fhir/StructureDefinition/implementationguide-page","valueUri":"StructureDefinition-pco-care-plan.html"}],"reference":{"reference":"StructureDefinition/pco-care-plan"},"name":"Person-Centered Care Plan","description":"A person-centered care plan SHALL reference a person-centered goal and SHALL include action steps that support progress toward achievement of the plan's goals and desired outcomes. A plan SHOULD address the person's stated priorities for what matters most to them. Action steps may include both treatment procedures and self-care steps identified by the person.","exampleBoolean":false,"groupingId":"-str-profile"},{"extension":[{"url":"http://hl7.org/fhir/tools/StructureDefinition/resource-sort","valueInteger":999999999},{"url":"http://hl7.org/fhir/StructureDefinition/implementationguide-page","valueUri":"StructureDefinition-pco-goal-profile.html"}],"reference":{"reference":"StructureDefinition/pco-goal-profile"},"name":"Person-Centered Goal","description":"Person-centered goal focused on what matters most to an individual. A Person-centered goal SHALL include either a Person-Centered Outcome category, or address a What Matters assessment.","exampleBoolean":false,"groupingId":"-str-profile"},{"extension":[{"url":"http://hl7.org/fhir/tools/StructureDefinition/resource-sort","valueInteger":999999999},{"url":"http://hl7.org/fhir/StructureDefinition/implementationguide-page","valueUri":"StructureDefinition-pco-gas-goal-profile.html"}],"reference":{"reference":"StructureDefinition/pco-gas-goal-profile"},"name":"Person-Centered Goal Attainment","description":"Person-centered goal with goal attainment scaling.","exampleBoolean":false,"groupingId":"-str-profile"},{"extension":[{"url":"http://hl7.org/fhir/tools/StructureDefinition/resource-sort","valueInteger":999999999},{"url":"http://hl7.org/fhir/StructureDefinition/implementationguide-page","valueUri":"StructureDefinition-pco-goal-prom-profile.html"}],"reference":{"reference":"StructureDefinition/pco-goal-prom-profile"},"name":"Person-Centered Goal for PROMs","description":"Person-centered goal with a Patient-Reported Outcome Measure (PROM) score target.","exampleBoolean":false,"groupingId":"-str-profile"},{"extension":[{"url":"http://hl7.org/fhir/tools/StructureDefinition/resource-sort","valueInteger":999999999},{"url":"http://hl7.org/fhir/StructureDefinition/implementationguide-page","valueUri":"StructureDefinition-pco-progress-score-observation.html"}],"reference":{"reference":"StructureDefinition/pco-progress-score-observation"},"name":"Person-Centered Progress Score","description":"A progress score observation for a person-centered goal.","exampleBoolean":false,"groupingId":"-str-profile"},{"extension":[{"url":"http://hl7.org/fhir/tools/StructureDefinition/resource-sort","valueInteger":999999999},{"url":"http://hl7.org/fhir/StructureDefinition/implementationguide-page","valueUri":"StructureDefinition-pco-practitioner-gas-score.html"}],"reference":{"reference":"StructureDefinition/pco-practitioner-gas-score"},"name":"Practitioner Goal Attainment Scaling (GAS) score","description":"The practitioner follow-up score indicates how the practitioner rated the patient's progress on goal attainment scaling.","exampleBoolean":false,"groupingId":"-str-profile"},{"extension":[{"url":"http://hl7.org/fhir/tools/StructureDefinition/resource-sort","valueInteger":999999999},{"url":"http://hl7.org/fhir/StructureDefinition/implementationguide-page","valueUri":"StructureDefinition-pco-what-matters-assessment.html"}],"reference":{"reference":"StructureDefinition/pco-what-matters-assessment"},"name":"What Matters Assessment","description":"Assessment observation for one aspect of What Matters Most to a person, with component values rating where a person is now and where they would like to be in the future.","exampleBoolean":false,"groupingId":"-str-profile"},{"extension":[{"url":"http://hl7.org/fhir/tools/StructureDefinition/resource-sort","valueInteger":999999999},{"url":"http://hl7.org/fhir/StructureDefinition/implementationguide-page","valueUri":"StructureDefinition-pco-goal-attainment-scaling.html"}],"reference":{"reference":"StructureDefinition/pco-goal-attainment-scaling"},"name":"Goal Attainment Scaling","description":"Goal Attainment Scaling (GAS) is an extension used to specify five levels of attainment for a person-centered goal.","exampleBoolean":false,"groupingId":"-str-extension"},{"extension":[{"url":"http://hl7.org/fhir/tools/StructureDefinition/resource-sort","valueInteger":999999999},{"url":"http://hl7.org/fhir/StructureDefinition/implementationguide-page","valueUri":"ValueSet-caregiver-gas-followup.html"}],"reference":{"reference":"ValueSet/caregiver-gas-followup"},"name":"Caregiver Follow-Up GAS Score","description":"The caregiver follow-up score indicates how the caregiver rated either the patient's progress or their own progress on goal attainment scaling.","exampleBoolean":false,"groupingId":"-term-valueset"},{"extension":[{"url":"http://hl7.org/fhir/tools/StructureDefinition/resource-sort","valueInteger":999999999},{"url":"http://hl7.org/fhir/StructureDefinition/implementationguide-page","valueUri":"ValueSet-pco-category-valueset.html"}],"reference":{"reference":"ValueSet/pco-category-valueset"},"name":"PCO Categories","description":"Example value set to identify the category for PCO resources.","exampleBoolean":false,"groupingId":"-term-valueset"},{"extension":[{"url":"http://hl7.org/fhir/tools/StructureDefinition/resource-sort","valueInteger":999999999},{"url":"http://hl7.org/fhir/StructureDefinition/implementationguide-page","valueUri":"ValueSet-prom-target-measures.html"}],"reference":{"reference":"ValueSet/prom-target-measures"},"name":"PROM Target Measures","description":"Target measure codes used to track progress on patient-reported outcome measures (PROMs).","exampleBoolean":false,"groupingId":"-term-valueset"},{"extension":[{"url":"http://hl7.org/fhir/tools/StructureDefinition/resource-sort","valueInteger":999999999},{"url":"http://hl7.org/fhir/StructureDefinition/implementationguide-page","valueUri":"ValueSet-patient-gas-followup.html"}],"reference":{"reference":"ValueSet/patient-gas-followup"},"name":"Patient Follow-Up GAS Score","description":"The patient follow-up score indicates how the patient rated their own progress on goal attainment scaling.","exampleBoolean":false,"groupingId":"-term-valueset"},{"extension":[{"url":"http://hl7.org/fhir/tools/StructureDefinition/resource-sort","valueInteger":999999999},{"url":"http://hl7.org/fhir/StructureDefinition/implementationguide-page","valueUri":"ValueSet-practitioner-gas-followup.html"}],"reference":{"reference":"ValueSet/practitioner-gas-followup"},"name":"Practitioner Follow-Up GAS Score","description":"The practitioner follow-up score indicates how the practitioner rated the patient's progress on goal attainment scaling.","exampleBoolean":false,"groupingId":"-term-valueset"},{"extension":[{"url":"http://hl7.org/fhir/tools/StructureDefinition/resource-sort","valueInteger":999999999},{"url":"http://hl7.org/fhir/StructureDefinition/implementationguide-page","valueUri":"ValueSet-what-matters-focus-areas.html"}],"reference":{"reference":"ValueSet/what-matters-focus-areas"},"name":"What Matters Focus Areas","description":"Example value set to identify focus areas from the VA Circle of Health. Whole Health is VA’s approach to care that supports your health and well-being. Whole Health centers around What Matters to you, not what is the matter with you. This means your health team will get to know you as a person, before working with you to develop a personalized health plan based on your values, needs, and goals.","exampleBoolean":false,"groupingId":"-term-valueset"},{"extension":[{"url":"http://hl7.org/fhir/tools/StructureDefinition/resource-sort","valueInteger":999999999},{"url":"http://hl7.org/fhir/StructureDefinition/implementationguide-page","valueUri":"CodeSystem-pco.html"}],"reference":{"reference":"CodeSystem/pco"},"name":"Codes for PCO","description":"Codes to identify content associated with this IG","exampleBoolean":false,"groupingId":"-term-codesystem"},{"extension":[{"url":"http://hl7.org/fhir/tools/StructureDefinition/resource-sort","valueInteger":999999999},{"url":"http://hl7.org/fhir/StructureDefinition/implementationguide-page","valueUri":"CodeSystem-pco-gas-codes-temporary.html"}],"reference":{"reference":"CodeSystem/pco-gas-codes-temporary"},"name":"Goal Attainment Scaling (GAS) Codes","description":"Temporary code system for GAS codes until publication by LOINC. All of these codes have been submitted to LOINC.","exampleBoolean":false,"groupingId":"-term-codesystem"},{"extension":[{"url":"http://hl7.org/fhir/tools/StructureDefinition/resource-sort","valueInteger":999999999},{"url":"http://hl7.org/fhir/StructureDefinition/implementationguide-page","valueUri":"CodeSystem-mtnlotus-concepts.html"}],"reference":{"reference":"CodeSystem/mtnlotus-concepts"},"name":"My Lotus Lifestyle Concepts","description":"Code system to identify \"What Matters\" concepts from Mountain Lotus WellBeing.","exampleBoolean":false,"groupingId":"-term-codesystem"},{"extension":[{"url":"http://hl7.org/fhir/tools/StructureDefinition/resource-sort","valueInteger":999999999},{"url":"http://hl7.org/fhir/StructureDefinition/implementationguide-page","valueUri":"CodeSystem-ncqa-goal-domains.html"}],"reference":{"reference":"CodeSystem/ncqa-goal-domains"},"name":"NCQA Goal Domains","description":"NCQA goal domain codes used to identify the category for PCO resources.","exampleBoolean":false,"groupingId":"-term-codesystem"},{"extension":[{"url":"http://hl7.org/fhir/tools/StructureDefinition/resource-sort","valueInteger":999999999},{"url":"http://hl7.org/fhir/StructureDefinition/implementationguide-page","valueUri":"CodeSystem-va-whole-health.html"}],"reference":{"reference":"CodeSystem/va-whole-health"},"name":"VA Whole Health Concepts","description":"Code system to identify \"What Matters\" concepts from the VA Whole Health appraoch and Circle of Health.","exampleBoolean":false,"groupingId":"-term-codesystem"},{"extension":[{"url":"http://hl7.org/fhir/tools/StructureDefinition/resource-sort","valueInteger":999999999},{"url":"http://hl7.org/fhir/StructureDefinition/implementationguide-page","valueUri":"CodeSystem-what-matters-rating.html"}],"reference":{"reference":"CodeSystem/what-matters-rating"},"name":"What Matters Rating Concepts","description":"Code system to identify \"What Matters\" rating concepts.","exampleBoolean":false,"groupingId":"-term-codesystem"},{"extension":[{"url":"http://hl7.org/fhir/tools/StructureDefinition/resource-sort","valueInteger":999999999},{"url":"http://hl7.org/fhir/StructureDefinition/implementationguide-page","valueUri":"CarePlan-pcoAnxietyCarePlanExample.html"}],"reference":{"reference":"CarePlan/pcoAnxietyCarePlanExample"},"name":"Care Plan for PCO Anxiety Goal","description":"Care Plan for a person-centered goal using a PROM score measure.","exampleCanonical":"http://mtnlotus.com/uv/pco/StructureDefinition/pco-care-plan","groupingId":"-ex-example"},{"extension":[{"url":"http://hl7.org/fhir/tools/StructureDefinition/resource-sort","valueInteger":999999999},{"url":"http://hl7.org/fhir/StructureDefinition/implementationguide-page","valueUri":"CarePlan-pcoPhyicalFunctionCarePlanExample.html"}],"reference":{"reference":"CarePlan/pcoPhyicalFunctionCarePlanExample"},"name":"Care Plan for person-centered goal","description":"Care Plan for a person-centered goal with action steps for achieving what matters most to that person.","exampleCanonical":"http://mtnlotus.com/uv/pco/StructureDefinition/pco-care-plan","groupingId":"-ex-example"},{"extension":[{"url":"http://hl7.org/fhir/tools/StructureDefinition/resource-sort","valueInteger":999999999},{"url":"http://hl7.org/fhir/StructureDefinition/implementationguide-page","valueUri":"ServiceRequest-pcoMindfulnessSupportProgram.html"}],"reference":{"reference":"ServiceRequest/pcoMindfulnessSupportProgram"},"name":"Care Plan: Action step for mindfulness program","description":"Care Plan activity: Mindfulness coaching to support anxiety management","exampleBoolean":true,"groupingId":"-ex-example"},{"extension":[{"url":"http://hl7.org/fhir/tools/StructureDefinition/resource-sort","valueInteger":999999999},{"url":"http://hl7.org/fhir/StructureDefinition/implementationguide-page","valueUri":"MedicationRequest-pcoAntiInflammatoryMedication.html"}],"reference":{"reference":"MedicationRequest/pcoAntiInflammatoryMedication"},"name":"Care Plan: Anti-Inflammatory Medication","description":"Care Plan activity: Anti-inflammatory gel for knee pain to enable walking","exampleBoolean":true,"groupingId":"-ex-example"},{"extension":[{"url":"http://hl7.org/fhir/tools/StructureDefinition/resource-sort","valueInteger":999999999},{"url":"http://hl7.org/fhir/StructureDefinition/implementationguide-page","valueUri":"ServiceRequest-pcoPhysicalTherapyReferral.html"}],"reference":{"reference":"ServiceRequest/pcoPhysicalTherapyReferral"},"name":"Care Plan: Clinical action step for PT","description":"Care Plan activity: Physical therapy to relieve pain related to walking","exampleBoolean":true,"groupingId":"-ex-example"},{"extension":[{"url":"http://hl7.org/fhir/tools/StructureDefinition/resource-sort","valueInteger":999999999},{"url":"http://hl7.org/fhir/StructureDefinition/implementationguide-page","valueUri":"ServiceRequest-pcoWalkOutsideActionStep.html"}],"reference":{"reference":"ServiceRequest/pcoWalkOutsideActionStep"},"name":"Care Plan: Personal action step","description":"Care Plan activity: Initial personal action step toward goal of walking dog outside","exampleBoolean":true,"groupingId":"-ex-example"},{"extension":[{"url":"http://hl7.org/fhir/tools/StructureDefinition/resource-sort","valueInteger":999999999},{"url":"http://hl7.org/fhir/StructureDefinition/implementationguide-page","valueUri":"Patient-pcoPatientLopez.html"}],"reference":{"reference":"Patient/pcoPatientLopez"},"name":"Example Patient Camila","description":"Camila Lopez","exampleBoolean":true,"groupingId":"-ex-example"},{"extension":[{"url":"http://hl7.org/fhir/tools/StructureDefinition/resource-sort","valueInteger":999999999},{"url":"http://hl7.org/fhir/StructureDefinition/implementationguide-page","valueUri":"Patient-pcoPatientJones.html"}],"reference":{"reference":"Patient/pcoPatientJones"},"name":"Example Patient Dorothy","description":"Dorothy Jones","exampleBoolean":true,"groupingId":"-ex-example"},{"extension":[{"url":"http://hl7.org/fhir/tools/StructureDefinition/resource-sort","valueInteger":999999999},{"url":"http://hl7.org/fhir/StructureDefinition/implementationguide-page","valueUri":"Observation-pcoPROMScoreAnxietyExample.html"}],"reference":{"reference":"Observation/pcoPROMScoreAnxietyExample"},"name":"GAD-7 PROM Follow-up Score","description":"Follow-up GAD-7 PROM score observation recorded by a Patient showing goal progress.","exampleCanonical":"http://mtnlotus.com/uv/pco/StructureDefinition/pco-prom-score","groupingId":"-ex-example"},{"extension":[{"url":"http://hl7.org/fhir/tools/StructureDefinition/resource-sort","valueInteger":999999999},{"url":"http://hl7.org/fhir/StructureDefinition/implementationguide-page","valueUri":"Goal-pcoGoalAnxietyExample.html"}],"reference":{"reference":"Goal/pcoGoalAnxietyExample"},"name":"Goal for GAD-7 PROM Outcome","description":"Person-centered goal with a PROM outcome target for GAD-7 score.","exampleCanonical":"http://mtnlotus.com/uv/pco/StructureDefinition/pco-goal-prom-profile","groupingId":"-ex-example"},{"extension":[{"url":"http://hl7.org/fhir/tools/StructureDefinition/resource-sort","valueInteger":999999999},{"url":"http://hl7.org/fhir/StructureDefinition/implementationguide-page","valueUri":"Goal-pcoGoalWalkDogExample.html"}],"reference":{"reference":"Goal/pcoGoalWalkDogExample"},"name":"Goal with GAS","description":"Person-centered goal with attainment scaling extensions","exampleCanonical":"http://mtnlotus.com/uv/pco/StructureDefinition/pco-gas-goal-profile","groupingId":"-ex-example"},{"extension":[{"url":"http://hl7.org/fhir/tools/StructureDefinition/resource-sort","valueInteger":999999999},{"url":"http://hl7.org/fhir/StructureDefinition/implementationguide-page","valueUri":"Goal-pcoGoalPainLevelExample.html"}],"reference":{"reference":"Goal/pcoGoalPainLevelExample"},"name":"Goal without GAS or PROM","description":"Person-centered goal without attainment scaling or PROM","exampleCanonical":"http://mtnlotus.com/uv/pco/StructureDefinition/pco-goal-profile","groupingId":"-ex-example"},{"extension":[{"url":"http://hl7.org/fhir/tools/StructureDefinition/resource-sort","valueInteger":999999999},{"url":"http://hl7.org/fhir/StructureDefinition/implementationguide-page","valueUri":"Practitioner-pcoPractitionerGonzalez.html"}],"reference":{"reference":"Practitioner/pcoPractitionerGonzalez"},"name":"Health & Wellness Coach","description":"Maria Gonzalez, NBC-HWC","exampleBoolean":true,"groupingId":"-ex-example"},{"extension":[{"url":"http://hl7.org/fhir/tools/StructureDefinition/resource-sort","valueInteger":999999999},{"url":"http://hl7.org/fhir/StructureDefinition/implementationguide-page","valueUri":"Observation-pcoGASScorePatientBaselineExample.html"}],"reference":{"reference":"Observation/pcoGASScorePatientBaselineExample"},"name":"Patient GAS Baseline Score","description":"Baseline GAS score observation recorded by a Patient at start of goal.","exampleCanonical":"http://mtnlotus.com/uv/pco/StructureDefinition/pco-patient-gas-score","groupingId":"-ex-example"},{"extension":[{"url":"http://hl7.org/fhir/tools/StructureDefinition/resource-sort","valueInteger":999999999},{"url":"http://hl7.org/fhir/StructureDefinition/implementationguide-page","valueUri":"Observation-pcoGASScorePatientFollowupExample.html"}],"reference":{"reference":"Observation/pcoGASScorePatientFollowupExample"},"name":"Patient GAS Follow-up Score","description":"Follow-up GAS score observation recorded by a Patient showing goal progress.","exampleCanonical":"http://mtnlotus.com/uv/pco/StructureDefinition/pco-patient-gas-score","groupingId":"-ex-example"},{"extension":[{"url":"http://hl7.org/fhir/tools/StructureDefinition/resource-sort","valueInteger":999999999},{"url":"http://hl7.org/fhir/StructureDefinition/implementationguide-page","valueUri":"Observation-pcoGASScorePractitionerFollowupExample.html"}],"reference":{"reference":"Observation/pcoGASScorePractitionerFollowupExample"},"name":"Practitioner GAS Follow-up Score","description":"Follow-up GAS score observation recorded by a Practitioner showing goal progress.","exampleCanonical":"http://mtnlotus.com/uv/pco/StructureDefinition/pco-practitioner-gas-score","groupingId":"-ex-example"},{"extension":[{"url":"http://hl7.org/fhir/tools/StructureDefinition/resource-sort","valueInteger":999999999},{"url":"http://hl7.org/fhir/StructureDefinition/implementationguide-page","valueUri":"Practitioner-pcoPractitionerAnderson.html"}],"reference":{"reference":"Practitioner/pcoPractitionerAnderson"},"name":"Primary Care Physician","description":"John Anderson, MD","exampleBoolean":true,"groupingId":"-ex-example"},{"extension":[{"url":"http://hl7.org/fhir/tools/StructureDefinition/resource-sort","valueInteger":999999999},{"url":"http://hl7.org/fhir/StructureDefinition/implementationguide-page","valueUri":"Observation-pcoWhatMattersRelationshipsExample.html"}],"reference":{"reference":"Observation/pcoWhatMattersRelationshipsExample"},"name":"What Matters: Family & Friends","description":"What Matters assessment observation recorded by a Patient as preparation for creating PCO goals and CarePlan action steps.","exampleCanonical":"http://mtnlotus.com/uv/pco/StructureDefinition/pco-what-matters-assessment","groupingId":"-ex-example"},{"extension":[{"url":"http://hl7.org/fhir/tools/StructureDefinition/resource-sort","valueInteger":999999999},{"url":"http://hl7.org/fhir/StructureDefinition/implementationguide-page","valueUri":"Observation-pcoWhatMattersBodyExample.html"}],"reference":{"reference":"Observation/pcoWhatMattersBodyExample"},"name":"What Matters: Moving the Body","description":"What Matters assessment observation recorded by a Patient as preparation for creating PCO goals and CarePlan action steps.","exampleCanonical":"http://mtnlotus.com/uv/pco/StructureDefinition/pco-what-matters-assessment","groupingId":"-ex-example"},{"extension":[{"url":"http://hl7.org/fhir/tools/StructureDefinition/resource-sort","valueInteger":999999999},{"url":"http://hl7.org/fhir/StructureDefinition/implementationguide-page","valueUri":"Device-cqf-tooling.html"}],"reference":{"reference":"Device/cqf-tooling"},"name":"cqf-tooling","exampleBoolean":false,"groupingId":"-other"}],"page":{"extension":[{"url":"http://hl7.org/fhir/tools/StructureDefinition/ig-page-name","valueUrl":"toc.html"}],"nameUrl":"toc.html","title":"Table of Contents","generation":"html","page":[{"extension":[{"url":"http://hl7.org/fhir/tools/StructureDefinition/ig-page-name","valueUrl":"index.html"}],"nameUrl":"index.html","title":"Home","generation":"markdown"},{"extension":[{"url":"http://hl7.org/fhir/tools/StructureDefinition/ig-page-name","valueUrl":"artifacts.html"}],"nameUrl":"artifacts.html","title":"Artifacts Summary","generation":"html","page":[{"extension":[{"url":"http://hl7.org/fhir/tools/StructureDefinition/ig-page-name","valueUrl":"Measure-GoalFollowUpMeasure.html"}],"nameUrl":"Measure-GoalFollowUpMeasure.html","title":"Person-Centered Goal Follow-Up","generation":"generated","page":[{"extension":[{"url":"http://hl7.org/fhir/tools/StructureDefinition/ig-page-name","valueUrl":"Library-GoalFollowUpMeasure_effective-data-requirements.html"}],"nameUrl":"Library-GoalFollowUpMeasure_effective-data-requirements.html","title":"Library","generation":"generated"}]},{"extension":[{"url":"http://hl7.org/fhir/tools/StructureDefinition/ig-page-name","valueUrl":"Measure-GoalIdentificationMeasure.html"}],"nameUrl":"Measure-GoalIdentificationMeasure.html","title":"Person-Centered Goal Identification","generation":"generated","page":[{"extension":[{"url":"http://hl7.org/fhir/tools/StructureDefinition/ig-page-name","valueUrl":"Library-GoalIdentificationMeasure_effective-data-requirements.html"}],"nameUrl":"Library-GoalIdentificationMeasure_effective-data-requirements.html","title":"Library","generation":"generated"}]},{"extension":[{"url":"http://hl7.org/fhir/tools/StructureDefinition/ig-page-name","valueUrl":"Library-FHIRHelpers.html"}],"nameUrl":"Library-FHIRHelpers.html","title":"FHIRHelpers","generation":"generated"},{"extension":[{"url":"http://hl7.org/fhir/tools/StructureDefinition/ig-page-name","valueUrl":"Library-GoalAttainmentLogic.html"}],"nameUrl":"Library-GoalAttainmentLogic.html","title":"GoalAttainmentLogic","generation":"generated"},{"extension":[{"url":"http://hl7.org/fhir/tools/StructureDefinition/ig-page-name","valueUrl":"Library-GoalFollowUpMeasure.html"}],"nameUrl":"Library-GoalFollowUpMeasure.html","title":"GoalFollowUpMeasure","generation":"generated"},{"extension":[{"url":"http://hl7.org/fhir/tools/StructureDefinition/ig-page-name","valueUrl":"Library-GoalIdentificationMeasure.html"}],"nameUrl":"Library-GoalIdentificationMeasure.html","title":"GoalIdentificationMeasure","generation":"generated"},{"extension":[{"url":"http://hl7.org/fhir/tools/StructureDefinition/ig-page-name","valueUrl":"Library-PCOCommon.html"}],"nameUrl":"Library-PCOCommon.html","title":"PCOCommon","generation":"generated"},{"extension":[{"url":"http://hl7.org/fhir/tools/StructureDefinition/ig-page-name","valueUrl":"Library-WhatMattersLogic.html"}],"nameUrl":"Library-WhatMattersLogic.html","title":"WhatMattersLogic","generation":"generated"},{"extension":[{"url":"http://hl7.org/fhir/tools/StructureDefinition/ig-page-name","valueUrl":"Questionnaire-69737-5.html"}],"nameUrl":"Questionnaire-69737-5.html","title":"Generalized anxiety disorder 7 item","generation":"generated"},{"extension":[{"url":"http://hl7.org/fhir/tools/StructureDefinition/ig-page-name","valueUrl":"Questionnaire-44249-1.html"}],"nameUrl":"Questionnaire-44249-1.html","title":"PHQ-9 quick depression assessment panel","generation":"generated"},{"extension":[{"url":"http://hl7.org/fhir/tools/StructureDefinition/ig-page-name","valueUrl":"StructureDefinition-pco-caregiver-gas-score.html"}],"nameUrl":"StructureDefinition-pco-caregiver-gas-score.html","title":"Caregiver Goal Attainment Scaling (GAS) score","generation":"generated"},{"extension":[{"url":"http://hl7.org/fhir/tools/StructureDefinition/ig-page-name","valueUrl":"StructureDefinition-pco-patient-gas-score.html"}],"nameUrl":"StructureDefinition-pco-patient-gas-score.html","title":"Patient Goal Attainment Scaling (GAS) score","generation":"generated"},{"extension":[{"url":"http://hl7.org/fhir/tools/StructureDefinition/ig-page-name","valueUrl":"StructureDefinition-pco-prom-score.html"}],"nameUrl":"StructureDefinition-pco-prom-score.html","title":"Patient-Reported Outcome Measure (PROM) score","generation":"generated"},{"extension":[{"url":"http://hl7.org/fhir/tools/StructureDefinition/ig-page-name","valueUrl":"StructureDefinition-pco-care-plan.html"}],"nameUrl":"StructureDefinition-pco-care-plan.html","title":"Person-Centered Care Plan","generation":"generated"},{"extension":[{"url":"http://hl7.org/fhir/tools/StructureDefinition/ig-page-name","valueUrl":"StructureDefinition-pco-goal-profile.html"}],"nameUrl":"StructureDefinition-pco-goal-profile.html","title":"Person-Centered Goal","generation":"generated"},{"extension":[{"url":"http://hl7.org/fhir/tools/StructureDefinition/ig-page-name","valueUrl":"StructureDefinition-pco-gas-goal-profile.html"}],"nameUrl":"StructureDefinition-pco-gas-goal-profile.html","title":"Person-Centered Goal Attainment","generation":"generated"},{"extension":[{"url":"http://hl7.org/fhir/tools/StructureDefinition/ig-page-name","valueUrl":"StructureDefinition-pco-goal-prom-profile.html"}],"nameUrl":"StructureDefinition-pco-goal-prom-profile.html","title":"Person-Centered Goal for PROMs","generation":"generated"},{"extension":[{"url":"http://hl7.org/fhir/tools/StructureDefinition/ig-page-name","valueUrl":"StructureDefinition-pco-progress-score-observation.html"}],"nameUrl":"StructureDefinition-pco-progress-score-observation.html","title":"Person-Centered Progress Score","generation":"generated"},{"extension":[{"url":"http://hl7.org/fhir/tools/StructureDefinition/ig-page-name","valueUrl":"StructureDefinition-pco-practitioner-gas-score.html"}],"nameUrl":"StructureDefinition-pco-practitioner-gas-score.html","title":"Practitioner Goal Attainment Scaling (GAS) score","generation":"generated"},{"extension":[{"url":"http://hl7.org/fhir/tools/StructureDefinition/ig-page-name","valueUrl":"StructureDefinition-pco-what-matters-assessment.html"}],"nameUrl":"StructureDefinition-pco-what-matters-assessment.html","title":"What Matters Assessment","generation":"generated"},{"extension":[{"url":"http://hl7.org/fhir/tools/StructureDefinition/ig-page-name","valueUrl":"StructureDefinition-pco-goal-attainment-scaling.html"}],"nameUrl":"StructureDefinition-pco-goal-attainment-scaling.html","title":"Goal Attainment Scaling","generation":"generated"},{"extension":[{"url":"http://hl7.org/fhir/tools/StructureDefinition/ig-page-name","valueUrl":"ValueSet-caregiver-gas-followup.html"}],"nameUrl":"ValueSet-caregiver-gas-followup.html","title":"Caregiver Follow-Up GAS Score","generation":"generated"},{"extension":[{"url":"http://hl7.org/fhir/tools/StructureDefinition/ig-page-name","valueUrl":"ValueSet-patient-gas-followup.html"}],"nameUrl":"ValueSet-patient-gas-followup.html","title":"Patient Follow-Up GAS Score","generation":"generated"},{"extension":[{"url":"http://hl7.org/fhir/tools/StructureDefinition/ig-page-name","valueUrl":"ValueSet-pco-category-valueset.html"}],"nameUrl":"ValueSet-pco-category-valueset.html","title":"PCO Categories","generation":"generated"},{"extension":[{"url":"http://hl7.org/fhir/tools/StructureDefinition/ig-page-name","valueUrl":"ValueSet-practitioner-gas-followup.html"}],"nameUrl":"ValueSet-practitioner-gas-followup.html","title":"Practitioner Follow-Up GAS Score","generation":"generated"},{"extension":[{"url":"http://hl7.org/fhir/tools/StructureDefinition/ig-page-name","valueUrl":"ValueSet-prom-target-measures.html"}],"nameUrl":"ValueSet-prom-target-measures.html","title":"PROM Target Measures","generation":"generated"},{"extension":[{"url":"http://hl7.org/fhir/tools/StructureDefinition/ig-page-name","valueUrl":"ValueSet-what-matters-focus-areas.html"}],"nameUrl":"ValueSet-what-matters-focus-areas.html","title":"What Matters Focus Areas","generation":"generated"},{"extension":[{"url":"http://hl7.org/fhir/tools/StructureDefinition/ig-page-name","valueUrl":"CodeSystem-pco.html"}],"nameUrl":"CodeSystem-pco.html","title":"Codes for PCO","generation":"generated"},{"extension":[{"url":"http://hl7.org/fhir/tools/StructureDefinition/ig-page-name","valueUrl":"CodeSystem-pco-gas-codes-temporary.html"}],"nameUrl":"CodeSystem-pco-gas-codes-temporary.html","title":"Goal Attainment Scaling (GAS) Codes","generation":"generated"},{"extension":[{"url":"http://hl7.org/fhir/tools/StructureDefinition/ig-page-name","valueUrl":"CodeSystem-mtnlotus-concepts.html"}],"nameUrl":"CodeSystem-mtnlotus-concepts.html","title":"My Lotus Lifestyle Concepts","generation":"generated"},{"extension":[{"url":"http://hl7.org/fhir/tools/StructureDefinition/ig-page-name","valueUrl":"CodeSystem-ncqa-goal-domains.html"}],"nameUrl":"CodeSystem-ncqa-goal-domains.html","title":"NCQA Goal Domains","generation":"generated"},{"extension":[{"url":"http://hl7.org/fhir/tools/StructureDefinition/ig-page-name","valueUrl":"CodeSystem-va-whole-health.html"}],"nameUrl":"CodeSystem-va-whole-health.html","title":"VA Whole Health Concepts","generation":"generated"},{"extension":[{"url":"http://hl7.org/fhir/tools/StructureDefinition/ig-page-name","valueUrl":"CodeSystem-what-matters-rating.html"}],"nameUrl":"CodeSystem-what-matters-rating.html","title":"What Matters Rating Concepts","generation":"generated"},{"extension":[{"url":"http://hl7.org/fhir/tools/StructureDefinition/ig-page-name","valueUrl":"CarePlan-pcoAnxietyCarePlanExample.html"}],"nameUrl":"CarePlan-pcoAnxietyCarePlanExample.html","title":"Care Plan for PCO Anxiety Goal","generation":"generated"},{"extension":[{"url":"http://hl7.org/fhir/tools/StructureDefinition/ig-page-name","valueUrl":"CarePlan-pcoPhyicalFunctionCarePlanExample.html"}],"nameUrl":"CarePlan-pcoPhyicalFunctionCarePlanExample.html","title":"Care Plan for person-centered goal","generation":"generated"},{"extension":[{"url":"http://hl7.org/fhir/tools/StructureDefinition/ig-page-name","valueUrl":"ServiceRequest-pcoMindfulnessSupportProgram.html"}],"nameUrl":"ServiceRequest-pcoMindfulnessSupportProgram.html","title":"Care Plan: Action step for mindfulness program","generation":"generated"},{"extension":[{"url":"http://hl7.org/fhir/tools/StructureDefinition/ig-page-name","valueUrl":"MedicationRequest-pcoAntiInflammatoryMedication.html"}],"nameUrl":"MedicationRequest-pcoAntiInflammatoryMedication.html","title":"Care Plan: Anti-Inflammatory Medication","generation":"generated"},{"extension":[{"url":"http://hl7.org/fhir/tools/StructureDefinition/ig-page-name","valueUrl":"ServiceRequest-pcoPhysicalTherapyReferral.html"}],"nameUrl":"ServiceRequest-pcoPhysicalTherapyReferral.html","title":"Care Plan: Clinical action step for PT","generation":"generated"},{"extension":[{"url":"http://hl7.org/fhir/tools/StructureDefinition/ig-page-name","valueUrl":"ServiceRequest-pcoWalkOutsideActionStep.html"}],"nameUrl":"ServiceRequest-pcoWalkOutsideActionStep.html","title":"Care Plan: Personal action step","generation":"generated"},{"extension":[{"url":"http://hl7.org/fhir/tools/StructureDefinition/ig-page-name","valueUrl":"Patient-pcoPatientLopez.html"}],"nameUrl":"Patient-pcoPatientLopez.html","title":"Example Patient Camila","generation":"generated"},{"extension":[{"url":"http://hl7.org/fhir/tools/StructureDefinition/ig-page-name","valueUrl":"Patient-pcoPatientJones.html"}],"nameUrl":"Patient-pcoPatientJones.html","title":"Example Patient Dorothy","generation":"generated"},{"extension":[{"url":"http://hl7.org/fhir/tools/StructureDefinition/ig-page-name","valueUrl":"Observation-pcoPROMScoreAnxietyExample.html"}],"nameUrl":"Observation-pcoPROMScoreAnxietyExample.html","title":"GAD-7 PROM Follow-up Score","generation":"generated"},{"extension":[{"url":"http://hl7.org/fhir/tools/StructureDefinition/ig-page-name","valueUrl":"Goal-pcoGoalAnxietyExample.html"}],"nameUrl":"Goal-pcoGoalAnxietyExample.html","title":"Goal for GAD-7 PROM Outcome","generation":"generated"},{"extension":[{"url":"http://hl7.org/fhir/tools/StructureDefinition/ig-page-name","valueUrl":"Goal-pcoGoalWalkDogExample.html"}],"nameUrl":"Goal-pcoGoalWalkDogExample.html","title":"Goal with GAS","generation":"generated"},{"extension":[{"url":"http://hl7.org/fhir/tools/StructureDefinition/ig-page-name","valueUrl":"Goal-pcoGoalPainLevelExample.html"}],"nameUrl":"Goal-pcoGoalPainLevelExample.html","title":"Goal without GAS or PROM","generation":"generated"},{"extension":[{"url":"http://hl7.org/fhir/tools/StructureDefinition/ig-page-name","valueUrl":"Practitioner-pcoPractitionerGonzalez.html"}],"nameUrl":"Practitioner-pcoPractitionerGonzalez.html","title":"Health & Wellness Coach","generation":"generated"},{"extension":[{"url":"http://hl7.org/fhir/tools/StructureDefinition/ig-page-name","valueUrl":"Observation-pcoGASScorePatientBaselineExample.html"}],"nameUrl":"Observation-pcoGASScorePatientBaselineExample.html","title":"Patient GAS Baseline Score","generation":"generated"},{"extension":[{"url":"http://hl7.org/fhir/tools/StructureDefinition/ig-page-name","valueUrl":"Observation-pcoGASScorePatientFollowupExample.html"}],"nameUrl":"Observation-pcoGASScorePatientFollowupExample.html","title":"Patient GAS Follow-up Score","generation":"generated"},{"extension":[{"url":"http://hl7.org/fhir/tools/StructureDefinition/ig-page-name","valueUrl":"Observation-pcoGASScorePractitionerFollowupExample.html"}],"nameUrl":"Observation-pcoGASScorePractitionerFollowupExample.html","title":"Practitioner GAS Follow-up Score","generation":"generated"},{"extension":[{"url":"http://hl7.org/fhir/tools/StructureDefinition/ig-page-name","valueUrl":"Practitioner-pcoPractitionerAnderson.html"}],"nameUrl":"Practitioner-pcoPractitionerAnderson.html","title":"Primary Care Physician","generation":"generated"},{"extension":[{"url":"http://hl7.org/fhir/tools/StructureDefinition/ig-page-name","valueUrl":"Observation-pcoWhatMattersRelationshipsExample.html"}],"nameUrl":"Observation-pcoWhatMattersRelationshipsExample.html","title":"What Matters: Family & Friends","generation":"generated"},{"extension":[{"url":"http://hl7.org/fhir/tools/StructureDefinition/ig-page-name","valueUrl":"Observation-pcoWhatMattersBodyExample.html"}],"nameUrl":"Observation-pcoWhatMattersBodyExample.html","title":"What Matters: Moving the Body","generation":"generated"},{"extension":[{"url":"http://hl7.org/fhir/tools/StructureDefinition/ig-page-name","valueUrl":"Device-cqf-tooling.html"}],"nameUrl":"Device-cqf-tooling.html","title":"cqf-tooling","generation":"generated"}]}]},"parameter":[{"code":"path-resource","value":"input/resources/device"},{"code":"path-resource","value":"input/resources/library"},{"code":"path-resource","value":"input/resources/measure"},{"code":"path-resource","value":"input/resources/questionnaire"},{"code":"path-resource","value":"input/capabilities"},{"code":"path-resource","value":"input/examples"},{"code":"path-resource","value":"input/extensions"},{"code":"path-resource","value":"input/models"},{"code":"path-resource","value":"input/operations"},{"code":"path-resource","value":"input/profiles"},{"code":"path-resource","value":"input/resources"},{"code":"path-resource","value":"input/vocabulary"},{"code":"path-resource","value":"input/testing"},{"code":"path-resource","value":"input/history"},{"code":"path-resource","value":"fsh-generated/resources"},{"code":"path-pages","value":"template/config"},{"code":"path-pages","value":"input/images"},{"code":"path-tx-cache","value":"input-cache/txcache"}]}}