{"resourceType":"ValueSet","id":"pco-care-tradeoff-types-example-vs","text":{"status":"generated","div":"<div xmlns=\"http://www.w3.org/1999/xhtml\"><p class=\"res-header-id\"><b>Generated Narrative: ValueSet pco-care-tradeoff-types-example-vs</b></p><a name=\"pco-care-tradeoff-types-example-vs\"> </a><a name=\"hcpco-care-tradeoff-types-example-vs\"> </a><a name=\"pco-care-tradeoff-types-example-vs-en-US\"> </a><ul><li>Include these codes as defined in <a href=\"http://www.snomed.org/\"><code>http://snomed.info/sct</code></a><table class=\"none\"><tr><td style=\"white-space:nowrap\"><b>Code</b></td><td><b>Display</b></td></tr><tr><td><a href=\"http://snomed.info/id/422979000\">422979000</a></td><td>Medication regimen behavior finding</td></tr><tr><td><a href=\"http://snomed.info/id/256235009\">256235009</a></td><td>Exercise</td></tr><tr><td><a href=\"http://snomed.info/id/449360002\">449360002</a></td><td>On special diet</td></tr><tr><td><a href=\"http://snomed.info/id/387713003\">387713003</a></td><td>Surgical procedure</td></tr><tr><td><a href=\"http://snomed.info/id/52052004\">52052004</a></td><td>Rehabilitation treatments and procedures</td></tr><tr><td><a href=\"http://snomed.info/id/105389006\">105389006</a></td><td>Personal care assistance at home</td></tr></table></li></ul></div>"},"extension":[{"url":"http://hl7.org/fhir/StructureDefinition/structuredefinition-wg","valueCode":"pc"}],"url":"http://hl7.org/fhir/us/pco/ValueSet/pco-care-tradeoff-types-example-vs","version":"0.2.0","name":"CareTradeOffTypesExample","title":"Care Trade-off Types Example","status":"draft","experimental":false,"date":"2025-01-19T14:30:29+00:00","publisher":"HL7 International / Patient Care","contact":[{"name":"HL7 International / Patient Care","telecom":[{"system":"url","value":"http://www.hl7.org/Special/committees/patientcare"},{"system":"email","value":"patientcare@lists.HL7.org"}]}],"description":"Example value set containing types of care trade-off.","jurisdiction":[{"coding":[{"system":"urn:iso:std:iso:3166","code":"US"}]}],"copyright":"This value set includes content from SNOMED CT, which is copyright © 2002+ International Health Terminology Standards Development Organisation (IHTSDO), and distributed by agreement between IHTSDO and HL7. Implementer use of SNOMED CT is not covered by this agreement. The SNOMED International IPS Terminology is distributed by International Health Terminology Standards Development Organisation, trading as SNOMED International, and is subject the terms of the Creative Commons Attribution 4.0 International Public License. For more information, see SNOMED IPS Terminology. The HL7 International IPS implementation guides incorporate SNOMED CT®, used by permission of the International Health Terminology Standards Development Organisation, trading as SNOMED International. SNOMED CT was originally created by the College of American Pathologists. SNOMED CT is a registered trademark of the International Health Terminology Standards Development Organisation, all rights reserved. Implementers of SNOMED CT should review usage terms or directly contact SNOMED International: info@snomed.org","compose":{"include":[{"system":"http://snomed.info/sct","concept":[{"code":"422979000","display":"Medication regimen behavior finding"},{"code":"256235009","display":"Exercise"},{"code":"449360002","display":"On special diet"},{"code":"387713003","display":"Surgical procedure"},{"code":"52052004","display":"Rehabilitation treatments and procedures"},{"code":"105389006","display":"Personal care assistance at home"}]}]}}