{"resourceType":"ValueSet","id":"pco-care-tradeoff-choices-vs","text":{"status":"generated","div":"<div xmlns=\"http://www.w3.org/1999/xhtml\"><p class=\"res-header-id\"><b>Generated Narrative: ValueSet pco-care-tradeoff-choices-vs</b></p><a name=\"pco-care-tradeoff-choices-vs\"> </a><a name=\"hcpco-care-tradeoff-choices-vs\"> </a><a name=\"pco-care-tradeoff-choices-vs-en-US\"> </a><ul><li>Include all codes defined in <a href=\"CodeSystem-pco-care-tradeoff-choice-codes.html\"><code>http://hl7.org/fhir/us/pco/CodeSystem/pco-care-tradeoff-choice-codes</code></a></li></ul></div>"},"extension":[{"url":"http://hl7.org/fhir/StructureDefinition/structuredefinition-wg","valueCode":"pc"}],"url":"http://hl7.org/fhir/us/pco/ValueSet/pco-care-tradeoff-choices-vs","version":"0.2.0","name":"CareTradeOffChoices","title":"Care Trade-off Choices","status":"draft","experimental":false,"date":"2025-01-25T16:46:38+00:00","publisher":"HL7 International / Patient Care","contact":[{"name":"HL7 International / Patient Care","telecom":[{"system":"url","value":"http://www.hl7.org/Special/committees/patientcare"},{"system":"email","value":"patientcare@lists.HL7.org"}]}],"description":"Options for a care trade-off.","jurisdiction":[{"coding":[{"system":"urn:iso:std:iso:3166","code":"US"}]}],"compose":{"include":[{"system":"http://hl7.org/fhir/us/pco/CodeSystem/pco-care-tradeoff-choice-codes"}]}}