{"resourceType":"ValueSet","id":"goal-attainment-scaling-score","text":{"status":"generated","div":"<div xmlns=\"http://www.w3.org/1999/xhtml\"><p class=\"res-header-id\"><b>Generated Narrative: ValueSet goal-attainment-scaling-score</b></p><a name=\"goal-attainment-scaling-score\"> </a><a name=\"hcgoal-attainment-scaling-score\"> </a><a name=\"goal-attainment-scaling-score-en-US\"> </a><ul><li>Include these codes as defined in <a href=\"http://loinc.org\"><code>http://loinc.org</code></a><table class=\"none\"><tr><td style=\"white-space:nowrap\"><b>Code</b></td><td><b>Display</b></td></tr><tr><td><a href=\"https://loinc.org/107332-9/\">107332-9</a></td><td>Goal attainment scale</td></tr><tr><td><a href=\"https://loinc.org/107333-7/\">107333-7</a></td><td>Practitioner follow-up goal attainment scaling score</td></tr><tr><td><a href=\"https://loinc.org/107334-5/\">107334-5</a></td><td>Patient follow-up goal attainment scaling score</td></tr><tr><td><a href=\"https://loinc.org/107331-1/\">107331-1</a></td><td>Caregiver follow-up goal attainment scaling score</td></tr></table></li></ul></div>"},"extension":[{"url":"http://hl7.org/fhir/StructureDefinition/structuredefinition-wg","valueCode":"pc"}],"url":"http://hl7.org/fhir/us/pco/ValueSet/goal-attainment-scaling-score","version":"0.2.0","name":"GoalAttainmentScalingScore","title":"Goal Attainment Scaling (GAS) Score","status":"draft","experimental":false,"date":"2025-02-10T21:11:28+00:00","publisher":"HL7 International / Patient Care","contact":[{"name":"HL7 International / Patient Care","telecom":[{"system":"url","value":"http://www.hl7.org/Special/committees/patientcare"},{"system":"email","value":"patientcare@lists.HL7.org"}]}],"description":"The score indicates how a patient, caregiver, or practitioner rated progress on goal attainment scaling.","jurisdiction":[{"coding":[{"system":"urn:iso:std:iso:3166","code":"US"}]}],"copyright":"This material contains content from LOINC (http://loinc.org). LOINC is copyright © 1995-2020, Regenstrief Institute, Inc. and the Logical Observation Identifiers Names and Codes (LOINC) Committee and is available at no cost under the license at http://loinc.org/license. LOINC® is a registered United States trademark of Regenstrief Institute, Inc","compose":{"include":[{"system":"http://loinc.org","concept":[{"code":"107332-9","display":"Goal attainment scale"},{"code":"107333-7","display":"Practitioner follow-up goal attainment scaling score"},{"code":"107334-5","display":"Patient follow-up goal attainment scaling score"},{"code":"107331-1","display":"Caregiver follow-up goal attainment scaling score"}]}]}}