{"resourceType":"ValueSet","id":"what-matters-vs","text":{"status":"extensions","div":"<div xmlns=\"http://www.w3.org/1999/xhtml\"><p class=\"res-header-id\"><b>Generated Narrative: ValueSet what-matters-vs</b></p><a name=\"what-matters-vs\"> </a><a name=\"hcwhat-matters-vs\"> </a><a name=\"what-matters-vs-en-US\"> </a><ul><li>Include these codes as defined in <a href=\"CodeSystem-wellbeing-concepts.html\"><code>http://hl7.org/fhir/us/pco/CodeSystem/wellbeing-concepts</code></a><table class=\"none\"><tr><td style=\"white-space:nowrap\"><b>Code</b></td><td><b>Display</b></td><td><b>Definition</b></td></tr><tr><td><a href=\"CodeSystem-wellbeing-concepts.html#wellbeing-concepts-what-matters\">what-matters</a></td><td>What Matters Most</td><td>What matters most for a person's well-being</td></tr></table></li></ul></div>"},"extension":[{"url":"http://hl7.org/fhir/StructureDefinition/structuredefinition-wg","valueCode":"pc"}],"url":"http://hl7.org/fhir/us/pco/ValueSet/what-matters-vs","version":"0.2.0","name":"WhatMattersValueSet","title":"What Matters Categories","status":"draft","experimental":false,"date":"2025-01-06T22:35:31+00:00","publisher":"HL7 International / Patient Care","contact":[{"name":"HL7 International / Patient Care","telecom":[{"system":"url","value":"http://www.hl7.org/Special/committees/patientcare"},{"system":"email","value":"patientcare@lists.HL7.org"}]}],"description":"Value set containing well-being concepts for What Matters Most.","jurisdiction":[{"coding":[{"system":"urn:iso:std:iso:3166","code":"US"}]}],"compose":{"include":[{"system":"http://hl7.org/fhir/us/pco/CodeSystem/wellbeing-concepts","concept":[{"code":"what-matters","display":"What Matters Most"}]}]}}