{"resourceType":"ValueSet","id":"pco-goal-domains-example-vs","text":{"status":"extensions","div":"<div xmlns=\"http://www.w3.org/1999/xhtml\"><p class=\"res-header-id\"><b>Generated Narrative: ValueSet pco-goal-domains-example-vs</b></p><a name=\"pco-goal-domains-example-vs\"> </a><a name=\"hcpco-goal-domains-example-vs\"> </a><a name=\"pco-goal-domains-example-vs-en-US\"> </a><ul><li>Include these codes as defined in <a href=\"CodeSystem-pco-goal-domains.html\"><code>http://hl7.org/fhir/us/pco/CodeSystem/pco-goal-domains</code></a><table class=\"none\"><tr><td style=\"white-space:nowrap\"><b>Code</b></td><td><b>Display</b></td><td><b>Definition</b></td></tr><tr><td><a href=\"CodeSystem-pco-goal-domains.html#pco-goal-domains-housing\">housing</a></td><td>Housing</td><td>Having acceptable housing that is appropriate for a person's needs.</td></tr><tr><td><a href=\"CodeSystem-pco-goal-domains.html#pco-goal-domains-access-to-services\">access-to-services</a></td><td>Access To Services</td><td>Ability to access, afford, and utilize appropriate health and community resources. Includes access to transportation, stable food resources, and assistance with financial concerns.</td></tr><tr><td><a href=\"CodeSystem-pco-goal-domains.html#pco-goal-domains-caregiver-needs\">caregiver-needs</a></td><td>Caregiver Needs</td><td/></tr><tr><td><a href=\"CodeSystem-pco-goal-domains.html#pco-goal-domains-end-of-life\">end-of-life</a></td><td>End Of Life</td><td>Planning for end-of-life care and desires to reduce burden on family or others.</td></tr><tr><td><a href=\"CodeSystem-pco-goal-domains.html#pco-goal-domains-independence\">independence</a></td><td>Independence</td><td>Ability to live independently without help or assistance from others.</td></tr><tr><td><a href=\"CodeSystem-pco-goal-domains.html#pco-goal-domains-legal\">legal</a></td><td>Legal</td><td>Having adequate support for legal issues such as child custody, medical power of attorney, etc.</td></tr><tr><td><a href=\"CodeSystem-pco-goal-domains.html#pco-goal-domains-managing-conditions\">managing-conditions</a></td><td>Managing Conditions</td><td>Satisfaction with health care received or desired, and experiences with providers and the health care system.</td></tr><tr><td><a href=\"CodeSystem-pco-goal-domains.html#pco-goal-domains-medication-management\">medication-management</a></td><td>Medication Management</td><td>Satisfaction with ability to manage medications.</td></tr><tr><td><a href=\"CodeSystem-pco-goal-domains.html#pco-goal-domains-improving-health-and-wellness\">improving-health-and-wellness</a></td><td>Improving Health And Wellness</td><td>Ability to develop, improve and maintain positive health and wellness habits.</td></tr><tr><td><a href=\"CodeSystem-pco-goal-domains.html#pco-goal-domains-physical-function\">physical-function</a></td><td>Physical Function</td><td>Ability to manage physical functioning, physical symptoms or conditions, and improve or maintain ability to participate in physical activities.</td></tr><tr><td><a href=\"CodeSystem-pco-goal-domains.html#pco-goal-domains-social-functioning\">social-functioning</a></td><td>Social Functioning</td><td/></tr><tr><td><a href=\"CodeSystem-pco-goal-domains.html#pco-goal-domains-emotional-and-mental-health\">emotional-and-mental-health</a></td><td>Emotional And Mental Health</td><td/></tr></table></li></ul></div>"},"extension":[{"url":"http://hl7.org/fhir/StructureDefinition/structuredefinition-wg","valueCode":"pc"}],"url":"http://hl7.org/fhir/us/pco/ValueSet/pco-goal-domains-example-vs","version":"0.2.0","name":"PCOGoalDomainsExample","title":"PCO Goal Domain Categories Example","status":"draft","experimental":false,"date":"2025-01-10T15:56:56+00:00","publisher":"HL7 International / Patient Care","contact":[{"name":"HL7 International / Patient Care","telecom":[{"system":"url","value":"http://www.hl7.org/Special/committees/patientcare"},{"system":"email","value":"patientcare@lists.HL7.org"}]}],"description":"Example value set to identify the goal domains category for PCO resources.","jurisdiction":[{"coding":[{"system":"urn:iso:std:iso:3166","code":"US"}]}],"compose":{"include":[{"system":"http://hl7.org/fhir/us/pco/CodeSystem/pco-goal-domains","concept":[{"code":"housing","display":"Housing"},{"code":"access-to-services","display":"Access To Services"},{"code":"caregiver-needs","display":"Caregiver Needs"},{"code":"end-of-life","display":"End Of Life"},{"code":"independence","display":"Independence"},{"code":"legal","display":"Legal"},{"code":"managing-conditions","display":"Managing Conditions"},{"code":"medication-management","display":"Medication Management"},{"code":"improving-health-and-wellness","display":"Improving Health And Wellness"},{"code":"physical-function","display":"Physical Function"},{"code":"social-functioning","display":"Social Functioning"},{"code":"emotional-and-mental-health","display":"Emotional And Mental Health"}]}]}}