{"resourceType":"ValueSet","id":"pco-category-valueset","text":{"status":"extensions","div":"<div xmlns=\"http://www.w3.org/1999/xhtml\"><p class=\"res-header-id\"><b>Generated Narrative: ValueSet pco-category-valueset</b></p><a name=\"pco-category-valueset\"> </a><a name=\"hcpco-category-valueset\"> </a><a name=\"pco-category-valueset-en-US\"> </a><p>This value set includes codes based on the following rules:</p><ul><li>Include these codes as defined in <a href=\"CodeSystem-ncqa-goal-domains.html\"><code>http://mtnlotus.com/uv/pco/CodeSystem/ncqa-goal-domains</code></a><table class=\"none\"><tr><td style=\"white-space:nowrap\"><b>Code</b></td><td><b>Display</b></td><td><b>Definition</b></td></tr><tr><td><a href=\"CodeSystem-ncqa-goal-domains.html#ncqa-goal-domains-housing\">housing</a></td><td>Housing</td><td>Having acceptable housing that is appropriate for a person's needs.</td></tr><tr><td><a href=\"CodeSystem-ncqa-goal-domains.html#ncqa-goal-domains-access-to-services\">access-to-services</a></td><td>Access To Services</td><td>Ability to access, afford, and utilize appropriate health and community resources. Includes access to transportation, stable food resources, and assistance with financial concerns.</td></tr><tr><td><a href=\"CodeSystem-ncqa-goal-domains.html#ncqa-goal-domains-caregiver-needs\">caregiver-needs</a></td><td>Caregiver Needs</td><td/></tr><tr><td><a href=\"CodeSystem-ncqa-goal-domains.html#ncqa-goal-domains-end-of-life\">end-of-life</a></td><td>End Of Life</td><td>Planning for end-of-life care and desires to reduce burden on family or others.</td></tr><tr><td><a href=\"CodeSystem-ncqa-goal-domains.html#ncqa-goal-domains-independence\">independence</a></td><td>Independence</td><td>Ability to live independently without help or assistance from others.</td></tr><tr><td><a href=\"CodeSystem-ncqa-goal-domains.html#ncqa-goal-domains-legal\">legal</a></td><td>Legal</td><td>Having adequate support for legal issues such as child custody, medical power of attorney, etc.</td></tr><tr><td><a href=\"CodeSystem-ncqa-goal-domains.html#ncqa-goal-domains-managing-conditions\">managing-conditions</a></td><td>Managing Conditions</td><td>Satisfaction with health care received or desired, and experiences with providers and the health care system.</td></tr><tr><td><a href=\"CodeSystem-ncqa-goal-domains.html#ncqa-goal-domains-medication-management\">medication-management</a></td><td>Medication Management</td><td>Satisfaction with ability to manage medications.</td></tr><tr><td><a href=\"CodeSystem-ncqa-goal-domains.html#ncqa-goal-domains-improving-health-and-wellness\">improving-health-and-wellness</a></td><td>Improving Health And Wellness</td><td>Ability to develop, improve and maintain positive health and wellness habits.</td></tr><tr><td><a href=\"CodeSystem-ncqa-goal-domains.html#ncqa-goal-domains-physical-function\">physical-function</a></td><td>Physical Function</td><td>Ability to manage physical functioning, physical symptoms or conditions, and improve or maintain ability to participate in physical activities.</td></tr><tr><td><a href=\"CodeSystem-ncqa-goal-domains.html#ncqa-goal-domains-social-functioning\">social-functioning</a></td><td>Social Functioning</td><td/></tr><tr><td><a href=\"CodeSystem-ncqa-goal-domains.html#ncqa-goal-domains-emotional-and-mental-health\">emotional-and-mental-health</a></td><td>Emotional And Mental Health</td><td/></tr></table></li><li>Include these codes as defined in <a href=\"CodeSystem-va-whole-health.html\"><code>http://mtnlotus.com/uv/pco/CodeSystem/va-whole-health</code></a><table class=\"none\"><tr><td style=\"white-space:nowrap\"><b>Code</b></td><td><b>Display</b></td><td><b>Definition</b></td></tr><tr><td><a href=\"CodeSystem-va-whole-health.html#va-whole-health-body\">body</a></td><td>Moving the Body</td><td>Our physical, mental, and emotional health are impacted by the amount and kind of movement we do. Moving the body can take many forms such as dancing, walking, gardening, yoga, and exercise.</td></tr><tr><td><a href=\"CodeSystem-va-whole-health.html#va-whole-health-mind\">mind</a></td><td>Power of the Mind</td><td>Our thoughts are powerful and can affect our physical, mental, and emotional health. Changing our mindset can aid in healing and coping. Breathing techniques, guided imagery, Tai Chi, yoga, or gratitude can buffer the impact of stress and other emotions.</td></tr><tr><td><a href=\"CodeSystem-va-whole-health.html#va-whole-health-nourishment\">nourishment</a></td><td>Food &amp; Drink</td><td>What we eat and drink can have a huge effect on how we experience life, both physically and mentally. Energy, mood, weight, how long we live, and overall health are all impacted by what and how we choose to eat and drink.</td></tr><tr><td><a href=\"CodeSystem-va-whole-health.html#va-whole-health-recharge\">recharge</a></td><td>Recharge</td><td>Our bodies and minds must rest and recharge in order to optimize our health. Getting a good night's rest, as well as recharging our mental and physical energy throughout the day, are vital to well-being. Taking short breaks or doing something you enjoy or feels good for moments throughout the day are examples of ways to refresh.</td></tr><tr><td><a href=\"CodeSystem-va-whole-health.html#va-whole-health-surroundings\">surroundings</a></td><td>Surroundings</td><td>Our surroundings, both at work and where we live, indoors and out, can affect our health and outlook on life. Changes within our control such as organizing, decluttering, adding a plant or artwork can improve mood and health.</td></tr><tr><td><a href=\"CodeSystem-va-whole-health.html#va-whole-health-personal-development\">personal-development</a></td><td>Personal Development</td><td>Our health is impacted by how we choose to spend our time. Aligning our work and personal activities with what really matters to us, or what brings us joy, can have a big effect on our health and outlook on life.</td></tr><tr><td><a href=\"CodeSystem-va-whole-health.html#va-whole-health-spirit-and-soul\">spirit-and-soul</a></td><td>Spirit &amp; Soul</td><td>Connecting with something greater than ourselves may provide a sense of meaning and purpose, peace, or comfort. Connecting and aligning spiritually is very individual and may take the form of religious affiliation, connection to nature, or engaging in things like music or art.</td></tr><tr><td><a href=\"CodeSystem-va-whole-health.html#va-whole-health-relationships\">relationships</a></td><td>Family, Friends &amp; Co-Workers</td><td>Our relationships, including those with pets, have as significant an effect on our physical and emotional health as any other factor associated with well-being. Spending more time in relationships that &quot;fuel&quot; us and less in relationships that &quot;drain&quot; us is one potential option. Improving our relationship skills or creating new relationships through community activities are other options to consider.</td></tr><tr><td><a href=\"CodeSystem-va-whole-health.html#va-whole-health-professional-care\">professional-care</a></td><td>Professional Care</td><td>Staying up to date on prevention and understanding your health concerns, care options, treatment plan, and their role in your health.</td></tr></table></li></ul></div>"},"url":"http://mtnlotus.com/uv/pco/ValueSet/pco-category-valueset","version":"0.1.0","name":"PCOCategoryValueSet","title":"PCO Categories","status":"draft","experimental":false,"date":"2024-09-21T00:47:01+00:00","publisher":"Mountain Lotus WellBeing LLC","contact":[{"name":"Mountain Lotus WellBeing LLC","telecom":[{"system":"url","value":"http://mtnlotus.com"}]}],"description":"Example value set to identify the category for PCO resources.","jurisdiction":[{"coding":[{"system":"http://unstats.un.org/unsd/methods/m49/m49.htm","code":"001","display":"World"}]}],"compose":{"include":[{"system":"http://mtnlotus.com/uv/pco/CodeSystem/ncqa-goal-domains","concept":[{"code":"housing","display":"Housing"},{"code":"access-to-services","display":"Access To Services"},{"code":"caregiver-needs","display":"Caregiver Needs"},{"code":"end-of-life","display":"End Of Life"},{"code":"independence","display":"Independence"},{"code":"legal","display":"Legal"},{"code":"managing-conditions","display":"Managing Conditions"},{"code":"medication-management","display":"Medication Management"},{"code":"improving-health-and-wellness","display":"Improving Health And Wellness"},{"code":"physical-function","display":"Physical Function"},{"code":"social-functioning","display":"Social Functioning"},{"code":"emotional-and-mental-health","display":"Emotional And Mental Health"}]},{"system":"http://mtnlotus.com/uv/pco/CodeSystem/va-whole-health","concept":[{"code":"body","display":"Moving the Body"},{"code":"mind","display":"Power of the Mind"},{"code":"nourishment","display":"Food & Drink"},{"code":"recharge","display":"Recharge"},{"code":"surroundings","display":"Surroundings"},{"code":"personal-development","display":"Personal Development"},{"code":"spirit-and-soul","display":"Spirit & Soul"},{"code":"relationships","display":"Family, Friends & Co-Workers"},{"code":"professional-care","display":"Professional Care"}]}]}}