{"resourceType":"ValueSet","id":"wellbeing-priority-focus-vs","text":{"status":"extensions","div":"<div xmlns=\"http://www.w3.org/1999/xhtml\"><p class=\"res-header-id\"><b>Generated Narrative: ValueSet wellbeing-priority-focus-vs</b></p><a name=\"wellbeing-priority-focus-vs\"> </a><a name=\"hcwellbeing-priority-focus-vs\"> </a><a name=\"wellbeing-priority-focus-vs-en-US\"> </a><ul><li>Include these codes as defined in <a href=\"CodeSystem-wellbeing-concepts.html\"><code>http://hl7.org/fhir/us/pco/CodeSystem/wellbeing-concepts</code></a><table class=\"none\"><tr><td style=\"white-space:nowrap\"><b>Code</b></td><td><b>Display</b></td><td><b>Definition</b></td></tr><tr><td><a href=\"CodeSystem-wellbeing-concepts.html#wellbeing-concepts-wellbeing-priority\">wellbeing-priority</a></td><td>Well-Being Priority</td><td>Priority for one area of well-being</td></tr><tr><td><a href=\"CodeSystem-wellbeing-concepts.html#wellbeing-concepts-wellbeing-focus-area\">wellbeing-focus-area</a></td><td>Well-Being Focus Area</td><td>Priority for one area of well-being</td></tr></table></li></ul></div>"},"extension":[{"url":"http://hl7.org/fhir/StructureDefinition/structuredefinition-wg","valueCode":"pc"}],"url":"http://hl7.org/fhir/us/pco/ValueSet/wellbeing-priority-focus-vs","version":"0.2.0","name":"WellBeingPriorityOrFocusValueSet","title":"Well-Being Priority Or Focus","status":"draft","experimental":false,"date":"2024-12-27T16:03:14+00:00","publisher":"HL7 International / Patient Care","contact":[{"name":"HL7 International / Patient Care","telecom":[{"system":"url","value":"http://www.hl7.org/Special/committees/patientcare"},{"system":"email","value":"patientcare@lists.HL7.org"}]}],"description":"Value set containing well-being concepts for priority or focus area.","jurisdiction":[{"coding":[{"system":"urn:iso:std:iso:3166","code":"US"}]}],"compose":{"include":[{"system":"http://hl7.org/fhir/us/pco/CodeSystem/wellbeing-concepts","concept":[{"code":"wellbeing-priority","display":"Well-Being Priority"},{"code":"wellbeing-focus-area","display":"Well-Being Focus Area"}]}]}}