{"resourceType":"ValueSet","id":"patient-gas-followup-vs","text":{"status":"generated","div":"<div xmlns=\"http://www.w3.org/1999/xhtml\"><p class=\"res-header-id\"><b>Generated Narrative: ValueSet patient-gas-followup-vs</b></p><a name=\"patient-gas-followup-vs\"> </a><a name=\"hcpatient-gas-followup-vs\"> </a><a name=\"patient-gas-followup-vs-en-US\"> </a><ul><li>Include these codes as defined in <a href=\"CodeSystem-pco-gas-codes-temporary.html\"><code>http://mtnlotus.com/uv/pco/CodeSystem/pco-gas-codes-temporary</code></a><table class=\"none\"><tr><td style=\"white-space:nowrap\"><b>Code</b></td><td><b>Display</b></td></tr><tr><td><a href=\"CodeSystem-pco-gas-codes-temporary.html#pco-gas-codes-temporary-patient-gas-much-better-than-expected\">patient-gas-much-better-than-expected</a></td><td>Much better than expected</td></tr><tr><td><a href=\"CodeSystem-pco-gas-codes-temporary.html#pco-gas-codes-temporary-patient-gas-better-than-expected\">patient-gas-better-than-expected</a></td><td>Better than expected</td></tr><tr><td><a href=\"CodeSystem-pco-gas-codes-temporary.html#pco-gas-codes-temporary-patient-gas-expected-outcome\">patient-gas-expected-outcome</a></td><td>Expected outcome</td></tr><tr><td><a href=\"CodeSystem-pco-gas-codes-temporary.html#pco-gas-codes-temporary-patient-gas-less-than-expected\">patient-gas-less-than-expected</a></td><td>Less than expected</td></tr><tr><td><a href=\"CodeSystem-pco-gas-codes-temporary.html#pco-gas-codes-temporary-patient-gas-much-less-than-expected\">patient-gas-much-less-than-expected</a></td><td>Much less than expected</td></tr></table></li></ul></div>"},"url":"http://mtnlotus.com/uv/pco/ValueSet/patient-gas-followup-vs","version":"0.1.0","name":"PatientGASFollowupVS","title":"Patient Follow-Up GAS Score","status":"draft","experimental":false,"date":"2024-08-17T01:14:43+00:00","publisher":"Mountain Lotus WellBeing LLC","contact":[{"name":"Mountain Lotus WellBeing LLC","telecom":[{"system":"url","value":"http://mtnlotus.com"}]}],"description":"The patient follow-up score indicates how the patient rated their own progress on goal attainment scaling.","jurisdiction":[{"coding":[{"system":"http://unstats.un.org/unsd/methods/m49/m49.htm","code":"001","display":"World"}]}],"compose":{"include":[{"system":"http://mtnlotus.com/uv/pco/CodeSystem/pco-gas-codes-temporary","concept":[{"code":"patient-gas-much-better-than-expected","display":"Much better than expected"},{"code":"patient-gas-better-than-expected","display":"Better than expected"},{"code":"patient-gas-expected-outcome","display":"Expected outcome"},{"code":"patient-gas-less-than-expected","display":"Less than expected"},{"code":"patient-gas-much-less-than-expected","display":"Much less than expected"}]}]}}