{"resourceType":"ValueSet","id":"wellbeing-category-vs","text":{"status":"extensions","div":"<div xmlns=\"http://www.w3.org/1999/xhtml\"><p class=\"res-header-id\"><b>Generated Narrative: ValueSet wellbeing-category-vs</b></p><a name=\"wellbeing-category-vs\"> </a><a name=\"hcwellbeing-category-vs\"> </a><a name=\"wellbeing-category-vs-en-US\"> </a><ul><li>Include these codes as defined in <a href=\"CodeSystem-wellbeing-concepts.html\"><code>http://hl7.org/fhir/us/pco/CodeSystem/wellbeing-concepts</code></a><table class=\"none\"><tr><td style=\"white-space:nowrap\"><b>Code</b></td><td><b>Display</b></td><td><b>Definition</b></td></tr><tr><td><a href=\"CodeSystem-wellbeing-concepts.html#wellbeing-concepts-wellbeing-vision\">wellbeing-vision</a></td><td>Well-Being Vision</td><td>A peron's vision for well-being</td></tr><tr><td><a href=\"CodeSystem-wellbeing-concepts.html#wellbeing-concepts-wellbeing-statement\">wellbeing-statement</a></td><td>Well-Being Statement</td><td>Statement about one area of well-being</td></tr><tr><td><a href=\"CodeSystem-wellbeing-concepts.html#wellbeing-concepts-wellbeing-assessment\">wellbeing-assessment</a></td><td>Well-Being Assessment</td><td>Assessment rating about one area of well-being</td></tr><tr><td><a href=\"CodeSystem-wellbeing-concepts.html#wellbeing-concepts-wellbeing-priority\">wellbeing-priority</a></td><td>Well-Being Priority</td><td>Priority for one area of well-being</td></tr></table></li></ul></div>"},"extension":[{"url":"http://hl7.org/fhir/StructureDefinition/structuredefinition-wg","valueCode":"pc"}],"url":"http://hl7.org/fhir/us/pco/ValueSet/wellbeing-category-vs","version":"0.2.0","name":"WellBeingCategoryValueSet","title":"Well-Being Categories","status":"draft","experimental":false,"date":"2025-01-10T15:56:56+00:00","publisher":"HL7 International / Patient Care","contact":[{"name":"HL7 International / Patient Care","telecom":[{"system":"url","value":"http://www.hl7.org/Special/committees/patientcare"},{"system":"email","value":"patientcare@lists.HL7.org"}]}],"description":"Value set containing well-being concepts for observation category.","jurisdiction":[{"coding":[{"system":"urn:iso:std:iso:3166","code":"US"}]}],"compose":{"include":[{"system":"http://hl7.org/fhir/us/pco/CodeSystem/wellbeing-concepts","concept":[{"code":"wellbeing-vision","display":"Well-Being Vision"},{"code":"wellbeing-statement","display":"Well-Being Statement"},{"code":"wellbeing-assessment","display":"Well-Being Assessment"},{"code":"wellbeing-priority","display":"Well-Being Priority"}]}]}}