{
  "resourceType" : "CodeSystem",
  "id" : "pco-care-tradeoff-choice-codes",
  "text" : {
    "status" : "generated",
    "div" : "<div xmlns=\"http://www.w3.org/1999/xhtml\"><p class=\"res-header-id\"><b>Generated Narrative: CodeSystem pco-care-tradeoff-choice-codes</b></p><a name=\"pco-care-tradeoff-choice-codes\"> </a><a name=\"hcpco-care-tradeoff-choice-codes\"> </a><a name=\"pco-care-tradeoff-choice-codes-en-US\"> </a><p>This case-sensitive code system <code>http://hl7.org/fhir/us/pco/CodeSystem/pco-care-tradeoff-choice-codes</code> defines the following codes:</p><table class=\"codes\"><tr><td style=\"white-space:nowrap\"><b>Code</b></td><td><b>Display</b></td></tr><tr><td style=\"white-space:nowrap\">helpful-care<a name=\"pco-care-tradeoff-choice-codes-helpful-care\"> </a></td><td>Helpful</td></tr><tr><td style=\"white-space:nowrap\">burdensome-care<a name=\"pco-care-tradeoff-choice-codes-burdensome-care\"> </a></td><td>Burdensome</td></tr><tr><td style=\"white-space:nowrap\">willing-to-change<a name=\"pco-care-tradeoff-choice-codes-willing-to-change\"> </a></td><td>Willing to change</td></tr><tr><td style=\"white-space:nowrap\">unwilling-to-change<a name=\"pco-care-tradeoff-choice-codes-unwilling-to-change\"> </a></td><td>Unwilling to change</td></tr></table></div>"
  },
  "extension" : [{
    "url" : "http://hl7.org/fhir/StructureDefinition/structuredefinition-wg",
    "valueCode" : "pc"
  }],
  "url" : "http://hl7.org/fhir/us/pco/CodeSystem/pco-care-tradeoff-choice-codes",
  "version" : "0.2.0",
  "name" : "CareTradeOffChoiceCodes",
  "title" : "Care Trade-off Choices",
  "status" : "active",
  "experimental" : false,
  "date" : "2025-01-10T15:56:56+00:00",
  "publisher" : "HL7 International / Patient Care",
  "contact" : [{
    "name" : "HL7 International / Patient Care",
    "telecom" : [{
      "system" : "url",
      "value" : "http://www.hl7.org/Special/committees/patientcare"
    },
    {
      "system" : "email",
      "value" : "patientcare@lists.HL7.org"
    }]
  }],
  "description" : "Code system to identify care trade-off choices.",
  "jurisdiction" : [{
    "coding" : [{
      "system" : "urn:iso:std:iso:3166",
      "code" : "US"
    }]
  }],
  "caseSensitive" : true,
  "content" : "complete",
  "count" : 4,
  "concept" : [{
    "code" : "helpful-care",
    "display" : "Helpful"
  },
  {
    "code" : "burdensome-care",
    "display" : "Burdensome"
  },
  {
    "code" : "willing-to-change",
    "display" : "Willing to change"
  },
  {
    "code" : "unwilling-to-change",
    "display" : "Unwilling to change"
  }]
}