{
  "resourceType" : "CodeSystem",
  "id" : "pco-care-tradeoff-concepts",
  "text" : {
    "status" : "generated",
    "div" : "<div xmlns=\"http://www.w3.org/1999/xhtml\"><p class=\"res-header-id\"><b>Generated Narrative: CodeSystem pco-care-tradeoff-concepts</b></p><a name=\"pco-care-tradeoff-concepts\"> </a><a name=\"hcpco-care-tradeoff-concepts\"> </a><a name=\"pco-care-tradeoff-concepts-en-US\"> </a><p>This case-sensitive code system <code>http://hl7.org/fhir/us/pco/CodeSystem/pco-care-tradeoff-concepts</code> defines the following codes in a Is-A hierarchy:</p><table class=\"codes\"><tr><td><b>Lvl</b></td><td style=\"white-space:nowrap\"><b>Code</b></td><td><b>Display</b></td></tr><tr><td>1</td><td style=\"white-space:nowrap\">medications<a name=\"pco-care-tradeoff-concepts-medications\"> </a></td><td>Medications</td></tr><tr><td>1</td><td style=\"white-space:nowrap\">self-care-tasks<a name=\"pco-care-tradeoff-concepts-self-care-tasks\"> </a></td><td>Self-care tasks</td></tr><tr><td>2</td><td style=\"white-space:nowrap\">\u00a0\u00a0diet<a name=\"pco-care-tradeoff-concepts-diet\"> </a></td><td>Following a special diet</td></tr><tr><td>2</td><td style=\"white-space:nowrap\">\u00a0\u00a0exercise<a name=\"pco-care-tradeoff-concepts-exercise\"> </a></td><td>Exercising</td></tr><tr><td>2</td><td style=\"white-space:nowrap\">\u00a0\u00a0checking-vitals<a name=\"pco-care-tradeoff-concepts-checking-vitals\"> </a></td><td>Checking health signs (e.g., weight, blood pressure)</td></tr><tr><td>2</td><td style=\"white-space:nowrap\">\u00a0\u00a0checking-blood-sugar<a name=\"pco-care-tradeoff-concepts-checking-blood-sugar\"> </a></td><td>Checking blood sugar</td></tr><tr><td>2</td><td style=\"white-space:nowrap\">\u00a0\u00a0wearing-cpap-mask<a name=\"pco-care-tradeoff-concepts-wearing-cpap-mask\"> </a></td><td>Wearing CPAP mask</td></tr><tr><td>2</td><td style=\"white-space:nowrap\">\u00a0\u00a0wearing-oxygen<a name=\"pco-care-tradeoff-concepts-wearing-oxygen\"> </a></td><td>Wearing oxygen</td></tr><tr><td>2</td><td style=\"white-space:nowrap\">\u00a0\u00a0using-cane-or-walker<a name=\"pco-care-tradeoff-concepts-using-cane-or-walker\"> </a></td><td>Using a cane or walker</td></tr><tr><td>2</td><td style=\"white-space:nowrap\">\u00a0\u00a0other<a name=\"pco-care-tradeoff-concepts-other\"> </a></td><td>Other</td></tr><tr><td>1</td><td style=\"white-space:nowrap\">tests-and-procedures<a name=\"pco-care-tradeoff-concepts-tests-and-procedures\"> </a></td><td>Tests, treatments, and procedures</td></tr><tr><td>1</td><td style=\"white-space:nowrap\">health-care-visits<a name=\"pco-care-tradeoff-concepts-health-care-visits\"> </a></td><td>Health Care visits</td></tr><tr><td>1</td><td style=\"white-space:nowrap\">community-services<a name=\"pco-care-tradeoff-concepts-community-services\"> </a></td><td>Community programs, services and supports</td></tr></table></div>"
  },
  "extension" : [{
    "url" : "http://hl7.org/fhir/StructureDefinition/structuredefinition-wg",
    "valueCode" : "pc"
  }],
  "url" : "http://hl7.org/fhir/us/pco/CodeSystem/pco-care-tradeoff-concepts",
  "version" : "0.2.0",
  "name" : "CareTradeOffConcepts",
  "title" : "Care Trade-off Concepts",
  "status" : "active",
  "experimental" : false,
  "date" : "2024-12-28T21:18:04+00:00",
  "publisher" : "HL7 International / Patient Care",
  "contact" : [{
    "name" : "HL7 International / Patient Care",
    "telecom" : [{
      "system" : "url",
      "value" : "http://www.hl7.org/Special/committees/patientcare"
    },
    {
      "system" : "email",
      "value" : "patientcare@lists.HL7.org"
    }]
  }],
  "description" : "Code system to identify care trade-off concepts.",
  "jurisdiction" : [{
    "coding" : [{
      "system" : "urn:iso:std:iso:3166",
      "code" : "US"
    }]
  }],
  "caseSensitive" : true,
  "hierarchyMeaning" : "is-a",
  "content" : "complete",
  "count" : 13,
  "concept" : [{
    "code" : "medications",
    "display" : "Medications"
  },
  {
    "code" : "self-care-tasks",
    "display" : "Self-care tasks",
    "concept" : [{
      "code" : "diet",
      "display" : "Following a special diet"
    },
    {
      "code" : "exercise",
      "display" : "Exercising"
    },
    {
      "code" : "checking-vitals",
      "display" : "Checking health signs (e.g., weight, blood pressure)"
    },
    {
      "code" : "checking-blood-sugar",
      "display" : "Checking blood sugar"
    },
    {
      "code" : "wearing-cpap-mask",
      "display" : "Wearing CPAP mask"
    },
    {
      "code" : "wearing-oxygen",
      "display" : "Wearing oxygen"
    },
    {
      "code" : "using-cane-or-walker",
      "display" : "Using a cane or walker"
    },
    {
      "code" : "other",
      "display" : "Other"
    }]
  },
  {
    "code" : "tests-and-procedures",
    "display" : "Tests, treatments, and procedures"
  },
  {
    "code" : "health-care-visits",
    "display" : "Health Care visits"
  },
  {
    "code" : "community-services",
    "display" : "Community programs, services and supports"
  }]
}