{
  "resourceType" : "Goal",
  "id" : "pcoGoalWalkDogExample",
  "meta" : {
    "profile" : ["http://hl7.org/fhir/us/pco/StructureDefinition/pco-gas-goal-profile"]
  },
  "text" : {
    "status" : "extensions",
    "div" : "<div xmlns=\"http://www.w3.org/1999/xhtml\"><p class=\"res-header-id\"><b>Generated Narrative: Goal pcoGoalWalkDogExample</b></p><a name=\"pcoGoalWalkDogExample\"> </a><a name=\"hcpcoGoalWalkDogExample\"> </a><a name=\"pcoGoalWalkDogExample-en-US\"> </a><blockquote><p><b>Goal Attainment Scaling Extension</b></p><ul><li>level: <a href=\"https://loinc.org/LA34479-8\">LOINC LA34479-8</a>: Much better than expected</li><li>text: Walk dog outside three times a week</li></ul></blockquote><blockquote><p><b>Goal Attainment Scaling Extension</b></p><ul><li>level: <a href=\"https://loinc.org/LA34480-6\">LOINC LA34480-6</a>: Better than expected</li><li>text: Walk dog outside twice a week</li></ul></blockquote><blockquote><p><b>Goal Attainment Scaling Extension</b></p><ul><li>level: <a href=\"https://loinc.org/LA34481-4\">LOINC LA34481-4</a>: Expected outcome</li><li>text: Walk dog outside once a week</li></ul></blockquote><blockquote><p><b>Goal Attainment Scaling Extension</b></p><ul><li>level: <a href=\"https://loinc.org/LA34483-0\">LOINC LA34483-0</a>: Less than expected</li><li>text: Does not walk dog but goes outside with dog</li></ul></blockquote><blockquote><p><b>Goal Attainment Scaling Extension</b></p><ul><li>level: <a href=\"https://loinc.org/LA34484-8\">LOINC LA34484-8</a>: Much less than expected</li><li>text: Unable to go outside with dog</li></ul></blockquote><p><b>lifecycleStatus</b>: Active</p><p><b>achievementStatus</b>: <span title=\"Codes:{http://terminology.hl7.org/CodeSystem/goal-achievement in-progress}\">In Progress</span></p><p><b>category</b>: <span title=\"Codes:{http://hl7.org/fhir/us/pco/CodeSystem/pco-concepts what-matters}\">What Matters</span>, <span title=\"Codes:{http://hl7.org/fhir/us/pco/CodeSystem/pco-goal-domains physical-function}\">Physical Function</span></p><p><b>description</b>: <span title=\"Codes:\">Walk dog outside once a week</span></p><p><b>subject</b>: <a href=\"Patient-pcoPatientJones.html\">Dorothy Jones  Female, DoB: 1947-11-25 ( http://example.org#ee8d4ac0-545c-4501-8d7e-646bfbda1db5\u00a0(use:\u00a0official,\u00a0))</a></p><p><b>start</b>: 2024-04-03</p><h3>Targets</h3><table class=\"grid\"><tr><td style=\"display: none\">-</td><td><b>Due[x]</b></td></tr><tr><td style=\"display: none\">*</td><td>2024-09-30</td></tr></table><p><b>expressedBy</b>: <a href=\"Patient-pcoPatientJones.html\">Dorothy Jones  Female, DoB: 1947-11-25 ( http://example.org#ee8d4ac0-545c-4501-8d7e-646bfbda1db5\u00a0(use:\u00a0official,\u00a0))</a></p><p><b>addresses</b>: </p><ul><li><a href=\"Observation-pcoWhatMattersBodyExample.html\">What Matters: Moving the Body</a></li><li><a href=\"Observation-pcoWhatMattersRelationshipsExample.html\">What Matters: Family &amp; Friends</a></li></ul></div>"
  },
  "extension" : [{
    "extension" : [{
      "url" : "level",
      "valueCoding" : {
        "system" : "http://loinc.org",
        "code" : "LA34479-8",
        "display" : "Much better than expected"
      }
    },
    {
      "url" : "text",
      "valueString" : "Walk dog outside three times a week"
    }],
    "url" : "http://hl7.org/fhir/us/pco/StructureDefinition/pco-goal-attainment-scaling"
  },
  {
    "extension" : [{
      "url" : "level",
      "valueCoding" : {
        "system" : "http://loinc.org",
        "code" : "LA34480-6",
        "display" : "Better than expected"
      }
    },
    {
      "url" : "text",
      "valueString" : "Walk dog outside twice a week"
    }],
    "url" : "http://hl7.org/fhir/us/pco/StructureDefinition/pco-goal-attainment-scaling"
  },
  {
    "extension" : [{
      "url" : "level",
      "valueCoding" : {
        "system" : "http://loinc.org",
        "code" : "LA34481-4",
        "display" : "Expected outcome"
      }
    },
    {
      "url" : "text",
      "valueString" : "Walk dog outside once a week"
    }],
    "url" : "http://hl7.org/fhir/us/pco/StructureDefinition/pco-goal-attainment-scaling"
  },
  {
    "extension" : [{
      "url" : "level",
      "valueCoding" : {
        "system" : "http://loinc.org",
        "code" : "LA34483-0",
        "display" : "Less than expected"
      }
    },
    {
      "url" : "text",
      "valueString" : "Does not walk dog but goes outside with dog"
    }],
    "url" : "http://hl7.org/fhir/us/pco/StructureDefinition/pco-goal-attainment-scaling"
  },
  {
    "extension" : [{
      "url" : "level",
      "valueCoding" : {
        "system" : "http://loinc.org",
        "code" : "LA34484-8",
        "display" : "Much less than expected"
      }
    },
    {
      "url" : "text",
      "valueString" : "Unable to go outside with dog"
    }],
    "url" : "http://hl7.org/fhir/us/pco/StructureDefinition/pco-goal-attainment-scaling"
  }],
  "lifecycleStatus" : "active",
  "achievementStatus" : {
    "coding" : [{
      "system" : "http://terminology.hl7.org/CodeSystem/goal-achievement",
      "code" : "in-progress"
    }]
  },
  "category" : [{
    "coding" : [{
      "system" : "http://hl7.org/fhir/us/pco/CodeSystem/pco-concepts",
      "code" : "what-matters",
      "display" : "What Matters"
    }]
  },
  {
    "coding" : [{
      "system" : "http://hl7.org/fhir/us/pco/CodeSystem/pco-goal-domains",
      "code" : "physical-function",
      "display" : "Physical Function"
    }]
  }],
  "description" : {
    "text" : "Walk dog outside once a week"
  },
  "subject" : {
    "reference" : "Patient/pcoPatientJones"
  },
  "startDate" : "2024-04-03",
  "target" : [{
    "dueDate" : "2024-09-30"
  }],
  "expressedBy" : {
    "reference" : "Patient/pcoPatientJones"
  },
  "addresses" : [{
    "reference" : "Observation/pcoWhatMattersBodyExample",
    "display" : "What Matters: Moving the Body"
  },
  {
    "reference" : "Observation/pcoWhatMattersRelationshipsExample",
    "display" : "What Matters: Family & Friends"
  }]
}