{
  "resourceType" : "Observation",
  "id" : "pcoGASScorePatientFollowupExample",
  "status" : "final",
  "category" : [{
    "coding" : [{
      "system" : "http://terminology.hl7.org/CodeSystem/observation-category",
      "code" : "survey"
    }]
  }],
  "code" : {
    "coding" : [{
      "system" : "http://loinc.org",
      "code" : "goal-attainment-scaling"
    }]
  },
  "subject" : {
    "reference" : "Patient/pcoPatientJones"
  },
  "focus" : [{
    "reference" : "Goal/pcoGoalWalkDogExample"
  }],
  "effectiveDateTime" : "2024-05-10T10:15:00Z",
  "performer" : [{
    "reference" : "Patient/pcoPatientJones"
  }],
  "valueCodeableConcept" : {
    "coding" : [{
      "system" : "http://loinc.org",
      "code" : "patient-gas-better-than-expected",
      "display" : "Better than expected"
    }]
  }
}