{
  "resourceType" : "Observation",
  "id" : "pcoGASScorePatientBaselineExample",
  "status" : "final",
  "category" : [{
    "coding" : [{
      "system" : "http://terminology.hl7.org/CodeSystem/observation-category",
      "code" : "survey"
    }]
  },
  {
    "coding" : [{
      "system" : "http://mtnlotus.com/uv/pco/CodeSystem/pco",
      "code" : "person-centered"
    }]
  }],
  "code" : {
    "coding" : [{
      "system" : "http://loinc.org",
      "code" : "goal-attainment-scaling"
    }]
  },
  "subject" : {
    "reference" : "Patient/pcoPatientJones"
  },
  "focus" : [{
    "reference" : "Goal/pcoGoalWalkDogExample"
  }],
  "effectiveDateTime" : "2024-04-03T10:15:00Z",
  "performer" : [{
    "reference" : "Patient/pcoPatientJones"
  }],
  "valueCodeableConcept" : {
    "coding" : [{
      "system" : "http://loinc.org",
      "code" : "patient-gas-less-than-expected",
      "display" : "Less than expected"
    }]
  }
}