{
  "resourceType" : "ValueSet",
  "id" : "ppc-bothersome-health-concern-examples-vs",
  "text" : {
    "status" : "generated",
    "div" : "<div xmlns=\"http://www.w3.org/1999/xhtml\"><p class=\"res-header-id\"><b>Generated Narrative: ValueSet ppc-bothersome-health-concern-examples-vs</b></p><a name=\"ppc-bothersome-health-concern-examples-vs\"> </a><a name=\"hcppc-bothersome-health-concern-examples-vs\"> </a><a name=\"ppc-bothersome-health-concern-examples-vs-en-US\"> </a><ul><li>Include all codes defined in <a href=\"CodeSystem-ppc-bothersome-health-concern-concepts.html\"><code>http://hl7.org/fhir/us/pco/CodeSystem/ppc-bothersome-health-concern-concepts</code></a></li></ul></div>"
  },
  "extension" : [{
    "url" : "http://hl7.org/fhir/StructureDefinition/structuredefinition-wg",
    "valueCode" : "pc"
  }],
  "url" : "http://hl7.org/fhir/us/pco/ValueSet/ppc-bothersome-health-concern-examples-vs",
  "version" : "0.2.0",
  "name" : "PPCBothersomeHealthConcernExamples",
  "title" : "Bothersome Health Concern Example ValueSet",
  "status" : "draft",
  "experimental" : false,
  "date" : "2025-01-06T22:35:31+00:00",
  "publisher" : "HL7 International / Patient Care",
  "contact" : [{
    "name" : "HL7 International / Patient Care",
    "telecom" : [{
      "system" : "url",
      "value" : "http://www.hl7.org/Special/committees/patientcare"
    },
    {
      "system" : "email",
      "value" : "patientcare@lists.HL7.org"
    }]
  }],
  "description" : "Example value set containing types of bothersome symptoms or health concerns.",
  "jurisdiction" : [{
    "coding" : [{
      "system" : "urn:iso:std:iso:3166",
      "code" : "US"
    }]
  }],
  "compose" : {
    "include" : [{
      "system" : "http://hl7.org/fhir/us/pco/CodeSystem/ppc-bothersome-health-concern-concepts"
    }]
  }
}