{
  "resourceType" : "ValueSet",
  "id" : "pco-bothersome-health-concern-valueset",
  "text" : {
    "status" : "generated",
    "div" : "<div xmlns=\"http://www.w3.org/1999/xhtml\"><p class=\"res-header-id\"><b>Generated Narrative: ValueSet pco-bothersome-health-concern-valueset</b></p><a name=\"pco-bothersome-health-concern-valueset\"> </a><a name=\"hcpco-bothersome-health-concern-valueset\"> </a><a name=\"pco-bothersome-health-concern-valueset-en-US\"> </a><ul><li>Include all codes defined in <a href=\"CodeSystem-pco-bothersome-health-concern-concepts.html\"><code>http://hl7.org/fhir/us/pco/CodeSystem/pco-bothersome-health-concern-concepts</code></a></li></ul></div>"
  },
  "url" : "http://hl7.org/fhir/us/pco/ValueSet/pco-bothersome-health-concern-valueset",
  "version" : "0.2.0",
  "name" : "BothersomeHealthConcernValueSet",
  "title" : "Bothersome Health Concern Example ValueSet",
  "status" : "draft",
  "experimental" : false,
  "date" : "2024-12-23T14:45:33+00:00",
  "publisher" : "HL7 International / Patient Care",
  "contact" : [{
    "name" : "HL7 International / Patient Care",
    "telecom" : [{
      "system" : "url",
      "value" : "http://www.hl7.org/Special/committees/patientcare"
    },
    {
      "system" : "email",
      "value" : "patientcare@lists.HL7.org"
    }]
  }],
  "description" : "Example value set containing types of bothersome symptoms or health concerns.",
  "jurisdiction" : [{
    "coding" : [{
      "system" : "urn:iso:std:iso:3166",
      "code" : "US"
    }]
  }],
  "compose" : {
    "include" : [{
      "system" : "http://hl7.org/fhir/us/pco/CodeSystem/pco-bothersome-health-concern-concepts"
    }]
  }
}