{
  "resourceType" : "ValueSet",
  "id" : "pco-goal-domains-example",
  "text" : {
    "status" : "generated",
    "div" : "<div xmlns=\"http://www.w3.org/1999/xhtml\"><p class=\"res-header-id\"><b>Generated Narrative: ValueSet pco-goal-domains-example</b></p><a name=\"pco-goal-domains-example\"> </a><a name=\"hcpco-goal-domains-example\"> </a><a name=\"pco-goal-domains-example-en-US\"> </a><ul><li>Include all codes defined in <a href=\"CodeSystem-pco-goal-domain-codes-example.html\"><code>http://mtnlotus.com/uv/pco/CodeSystem/pco-goal-domain-codes-example</code></a></li></ul></div>"
  },
  "url" : "http://mtnlotus.com/uv/pco/ValueSet/pco-goal-domains-example",
  "version" : "0.1.0",
  "name" : "PCOGoalDomainsExample",
  "title" : "Goal Domains",
  "status" : "draft",
  "date" : "2024-08-08T15:53:25+00:00",
  "publisher" : "Mountain Lotus WellBeing LLC",
  "contact" : [{
    "name" : "Mountain Lotus WellBeing LLC",
    "telecom" : [{
      "system" : "url",
      "value" : "http://mtnlotus.com"
    }]
  }],
  "description" : "Example value set to identify the domain of a PCO Goal.",
  "jurisdiction" : [{
    "coding" : [{
      "system" : "http://unstats.un.org/unsd/methods/m49/m49.htm",
      "code" : "001",
      "display" : "World"
    }]
  }],
  "compose" : {
    "include" : [{
      "system" : "http://mtnlotus.com/uv/pco/CodeSystem/pco-goal-domain-codes-example"
    }]
  }
}